transaction_id,customer_id,timestamp,amount_eur,transaction_type,counterparty_jurisdiction,counterparty_name,channel
TXN102711,CUS10077,2026-07-01 08:04:00,7098.36,SEPA_OUT,SY,CP-8558,MOBILE
TXN104247,CUS10120,2026-07-01 08:22:00,241454.24,WIRE_OUT,PL,CP-6762,MOBILE
TXN103379,CUS10096,2026-07-01 08:26:00,46536.22,CASH_DEPOSIT,BG,CP-3352,MOBILE
TXN101307,CUS10038,2026-07-01 08:42:00,8272.76,WIRE_OUT,US,CP-5674,MOBILE
TXN102444,CUS10071,2026-07-01 08:42:00,2786.36,CASH_DEPOSIT,SG,CP-7400,MOBILE
TXN101781,CUS10052,2026-07-01 08:43:00,19493.28,CASH_DEPOSIT,AT,CP-8703,MOBILE
TXN104158,CUS10118,2026-07-01 08:48:00,12387.56,CASH_DEPOSIT,ES,CP-6574,API
TXN105306,CUS10147,2026-07-01 08:56:00,18790.04,CASH_WITHDRAWAL,HR,CP-8153,MOBILE
TXN101058,CUS10030,2026-07-01 08:59:00,6436.57,CASH_DEPOSIT,CH,CP-5110,MOBILE
TXN100674,CUS10020,2026-07-01 09:01:00,2702.71,WIRE_IN,DE,CP-4396,MOBILE
TXN105893,CUS10162,2026-07-01 09:08:00,24695.45,SEPA_OUT,PL,CP-1163,ONLINE
TXN102171,CUS10063,2026-07-01 09:12:00,3921.03,SEPA_OUT,CH,CP-8450,API
TXN103026,CUS10085,2026-07-01 09:12:00,48523.13,CASH_DEPOSIT,PH,CP-3569,BRANCH
TXN101889,CUS10055,2026-07-01 09:16:00,8237.54,CASH_WITHDRAWAL,YE,CP-6105,BRANCH
TXN106411,CUS10177,2026-07-01 09:30:00,38515.22,SEPA_OUT,CA,CP-2983,API
TXN104642,CUS10132,2026-07-01 09:39:00,69569.31,WIRE_IN,FR,CP-5832,BRANCH
TXN102775,CUS10079,2026-07-01 09:42:00,16587.57,SEPA_OUT,JP,CP-6140,API
TXN105376,CUS10148,2026-07-01 09:54:00,163065.27,WIRE_IN,JP,CP-9272,MOBILE
TXN105390,CUS10148,2026-07-01 10:10:00,11905.76,WIRE_IN,JP,CP-8988,API
TXN106256,CUS10172,2026-07-01 10:13:00,6333.04,WIRE_OUT,ES,CP-9171,BRANCH
TXN102259,CUS10066,2026-07-01 10:16:00,48855.16,SEPA_OUT,AT,CP-6481,BRANCH
TXN103732,CUS10107,2026-07-01 10:16:00,16577.7,SEPA_OUT,GB,CP-8035,BRANCH
TXN102527,CUS10073,2026-07-01 10:23:00,135412.96,CASH_WITHDRAWAL,VN,CP-3747,API
TXN101143,CUS10032,2026-07-01 10:28:00,4607.0,SEPA_OUT,AT,CP-5044,API
TXN103790,CUS10109,2026-07-01 10:40:00,13319.06,SEPA_OUT,CH,CP-2065,MOBILE
TXN105637,CUS10155,2026-07-01 10:41:00,3720.78,SEPA_OUT,KE,CP-2262,ONLINE
TXN104056,CUS10114,2026-07-01 10:49:00,67108.52,CASH_WITHDRAWAL,IT,CP-9531,BRANCH
TXN103922,CUS10112,2026-07-01 10:50:00,31581.14,WIRE_OUT,LU,CP-3581,MOBILE
TXN101342,CUS10040,2026-07-01 11:01:00,11820.25,SEPA_OUT,VN,CP-3414,API
TXN103249,CUS10092,2026-07-01 11:31:00,4712.57,CASH_WITHDRAWAL,KP,CP-9277,MOBILE
TXN106468,CUS10179,2026-07-01 11:33:00,3185.2,SEPA_OUT,MC,CP-3019,MOBILE
TXN104599,CUS10131,2026-07-01 11:38:00,23769.83,SEPA_IN,US,CP-3167,MOBILE
TXN102182,CUS10063,2026-07-01 11:42:00,3606.74,CASH_DEPOSIT,VN,CP-7335,MOBILE
TXN102718,CUS10078,2026-07-01 11:46:00,2594.08,SEPA_OUT,DE,CP-7623,BRANCH
TXN101006,CUS10029,2026-07-01 11:53:00,4263.64,SEPA_IN,US,CP-9274,BRANCH
TXN105582,CUS10153,2026-07-01 12:02:00,77586.04,CASH_DEPOSIT,BE,CP-4291,MOBILE
TXN103806,CUS10109,2026-07-01 12:05:00,8568.0,CASH_DEPOSIT,CH,CP-5390,MOBILE
TXN102513,CUS10073,2026-07-01 12:23:00,67957.6,CASH_DEPOSIT,SG,CP-9630,API
TXN106200,CUS10171,2026-07-01 12:40:00,26786.35,CASH_WITHDRAWAL,DK,CP-8925,BRANCH
TXN103281,CUS10093,2026-07-01 13:01:00,8535.97,SEPA_IN,HR,CP-9170,MOBILE
TXN105205,CUS10144,2026-07-01 13:09:00,8076.07,CASH_DEPOSIT,PH,CP-1886,ONLINE
TXN104594,CUS10130,2026-07-01 13:23:00,8279.42,WIRE_IN,BE,CP-8826,BRANCH
TXN106414,CUS10177,2026-07-01 13:26:00,55776.39,WIRE_OUT,NG,CP-6867,BRANCH
TXN101417,CUS10042,2026-07-01 13:50:00,5165.44,SEPA_IN,YE,CP-5384,API
TXN103303,CUS10094,2026-07-01 13:50:00,3668.05,CASH_DEPOSIT,IE,CP-3372,MOBILE
TXN102719,CUS10078,2026-07-01 13:52:00,4599.53,SEPA_IN,MC,CP-7212,MOBILE
TXN102289,CUS10068,2026-07-01 13:55:00,130008.18,WIRE_OUT,AU,CP-2572,ONLINE
TXN103967,CUS10112,2026-07-01 13:58:00,9188.77,WIRE_IN,LU,CP-2446,ONLINE
TXN101742,CUS10050,2026-07-01 13:59:00,88136.82,SEPA_IN,NG,CP-4237,MOBILE
TXN101502,CUS10045,2026-07-01 14:22:00,43305.93,WIRE_IN,CH,CP-1817,API
TXN104380,CUS10124,2026-07-01 14:23:00,9449.54,SEPA_IN,SG,CP-2383,MOBILE
TXN102793,CUS10079,2026-07-01 14:31:00,9926.38,WIRE_OUT,JP,CP-6475,API
TXN100763,CUS10023,2026-07-01 14:44:00,3858.46,WIRE_IN,SE,CP-9770,API
TXN102137,CUS10062,2026-07-01 14:49:00,287742.15,CASH_WITHDRAWAL,IT,CP-3893,MOBILE
TXN105121,CUS10142,2026-07-01 15:01:00,58787.21,SEPA_OUT,PL,CP-7735,API
TXN106098,CUS10168,2026-07-01 15:07:00,10041.21,SEPA_OUT,HR,CP-8679,ONLINE
TXN102243,CUS10066,2026-07-01 15:11:00,11921.08,SEPA_IN,AT,CP-7009,API
TXN103802,CUS10109,2026-07-01 15:26:00,3146.96,CASH_DEPOSIT,CH,CP-2823,ONLINE
TXN104939,CUS10138,2026-07-01 15:46:00,6797.11,WIRE_IN,ZA,CP-7824,ONLINE
TXN101621,CUS10048,2026-07-01 15:53:00,6592.5,WIRE_OUT,CA,CP-5617,MOBILE
TXN103070,CUS10086,2026-07-01 15:53:00,754.65,WIRE_OUT,CA,CP-5709,API
TXN105430,CUS10149,2026-07-01 15:54:00,1203.37,SEPA_OUT,DE,CP-8855,API
TXN106209,CUS10171,2026-07-01 15:58:00,24579.25,CASH_WITHDRAWAL,SG,CP-3987,ONLINE
TXN102676,CUS10076,2026-07-01 16:00:00,5511.5,CASH_DEPOSIT,JP,CP-9458,MOBILE
TXN104680,CUS10133,2026-07-01 16:12:00,1731.4,SEPA_OUT,SG,CP-2152,BRANCH
TXN105744,CUS10157,2026-07-01 16:16:00,1011.95,WIRE_OUT,NG,CP-9974,API
TXN105078,CUS10141,2026-07-01 16:20:00,54448.33,CASH_DEPOSIT,SE,CP-6061,MOBILE
TXN103231,CUS10092,2026-07-01 16:25:00,4120.23,SEPA_OUT,TR,CP-6752,MOBILE
TXN104362,CUS10123,2026-07-01 16:30:00,5198.64,SEPA_IN,JP,CP-8679,MOBILE
TXN105372,CUS10148,2026-07-01 16:34:00,8667.48,WIRE_IN,JP,CP-7549,API
TXN105431,CUS10149,2026-07-01 16:35:00,1271.5,SEPA_IN,HR,CP-5629,MOBILE
TXN102637,CUS10075,2026-07-01 16:36:00,44238.82,WIRE_OUT,PH,CP-5356,MOBILE
TXN104819,CUS10136,2026-07-01 16:58:00,33317.92,CASH_DEPOSIT,PL,CP-4710,API
TXN101937,CUS10057,2026-07-01 17:03:00,12114.68,SEPA_IN,LU,CP-2960,ONLINE
TXN103988,CUS10113,2026-07-01 17:11:00,19411.64,CASH_DEPOSIT,CH,CP-3964,MOBILE
TXN104567,CUS10129,2026-07-01 17:14:00,779.29,WIRE_IN,AU,CP-4747,MOBILE
TXN104134,CUS10116,2026-07-01 17:19:00,7626.38,SEPA_IN,JP,CP-2488,ONLINE
TXN103598,CUS10103,2026-07-01 17:54:00,27261.36,WIRE_OUT,BE,CP-7471,ONLINE
TXN102106,CUS10061,2026-07-01 18:02:00,10135.64,SEPA_OUT,KE,CP-9004,BRANCH
TXN102810,CUS10080,2026-07-01 18:23:00,75901.46,SEPA_OUT,FI,CP-2743,ONLINE
TXN105296,CUS10146,2026-07-01 18:30:00,2220.27,CASH_WITHDRAWAL,GB,CP-7001,ONLINE
TXN101285,CUS10036,2026-07-01 18:36:00,14363.86,SEPA_IN,HR,CP-9446,ONLINE
TXN105255,CUS10146,2026-07-01 18:42:00,841.06,CASH_DEPOSIT,FI,CP-8332,BRANCH
TXN102826,CUS10080,2026-07-01 18:52:00,225960.91,CASH_WITHDRAWAL,FI,CP-4781,MOBILE
TXN102940,CUS10083,2026-07-02 08:19:00,92476.81,SEPA_OUT,NL,CP-5987,MOBILE
TXN103235,CUS10092,2026-07-02 08:26:00,24243.25,CASH_DEPOSIT,NL,CP-5969,MOBILE
TXN103944,CUS10112,2026-07-02 08:32:00,29961.85,SEPA_OUT,LU,CP-6712,BRANCH
TXN102798,CUS10080,2026-07-02 08:36:00,62498.65,SEPA_OUT,FI,CP-1760,API
TXN104286,CUS10121,2026-07-02 08:36:00,2889.29,CASH_WITHDRAWAL,CA,CP-9262,BRANCH
TXN104475,CUS10127,2026-07-02 08:46:00,31431.3,CASH_DEPOSIT,AT,CP-1260,ONLINE
TXN102027,CUS10059,2026-07-02 08:47:00,224529.19,CASH_DEPOSIT,ZA,CP-2153,BRANCH
TXN102362,CUS10070,2026-07-02 08:49:00,6163.64,WIRE_IN,DK,CP-1497,ONLINE
TXN100294,CUS10008,2026-07-02 08:53:00,110881.38,WIRE_OUT,AT,CP-4246,MOBILE
TXN101903,CUS10056,2026-07-02 09:45:00,28001.78,CASH_DEPOSIT,AT,CP-9109,BRANCH
TXN101195,CUS10034,2026-07-02 09:49:00,2963.43,CASH_WITHDRAWAL,SE,CP-7297,MOBILE
TXN102959,CUS10083,2026-07-02 10:01:00,17195.83,SEPA_OUT,NL,CP-2766,BRANCH
TXN102400,CUS10071,2026-07-02 10:13:00,2339.01,WIRE_IN,NG,CP-2748,API
TXN103836,CUS10110,2026-07-02 10:17:00,224297.13,SEPA_OUT,AU,CP-2006,BRANCH
TXN102926,CUS10083,2026-07-02 10:23:00,37967.03,WIRE_OUT,NL,CP-9667,BRANCH
TXN102805,CUS10080,2026-07-02 10:29:00,20122.76,CASH_DEPOSIT,FI,CP-4056,ONLINE
TXN105727,CUS10157,2026-07-02 10:30:00,3464.77,WIRE_OUT,NG,CP-1543,API
TXN105394,CUS10148,2026-07-02 10:33:00,6737.63,CASH_DEPOSIT,JP,CP-2103,API
TXN100774,CUS10023,2026-07-02 10:40:00,6852.16,SEPA_IN,ES,CP-2594,MOBILE
TXN105565,CUS10153,2026-07-02 10:50:00,36183.86,WIRE_IN,BE,CP-4621,ONLINE
TXN100569,CUS10016,2026-07-02 11:05:00,6290.58,SEPA_OUT,NL,CP-4558,API
TXN102794,CUS10079,2026-07-02 11:10:00,20315.88,WIRE_IN,JP,CP-2194,MOBILE
TXN105197,CUS10144,2026-07-02 11:16:00,3182.29,SEPA_IN,PH,CP-8576,BRANCH
TXN105456,CUS10150,2026-07-02 11:42:00,12599.17,WIRE_IN,PL,CP-5589,BRANCH
TXN103216,CUS10091,2026-07-02 12:05:00,22143.63,WIRE_IN,CH,CP-3285,API
TXN100321,CUS10009,2026-07-02 12:13:00,33538.03,WIRE_IN,FI,CP-6742,API
TXN100260,CUS10007,2026-07-02 12:13:00,39698.14,WIRE_IN,AT,CP-7520,API
TXN101924,CUS10057,2026-07-02 12:15:00,43795.44,CASH_DEPOSIT,ZA,CP-8917,MOBILE
TXN101125,CUS10032,2026-07-02 12:18:00,1665.36,SEPA_OUT,NG,CP-7647,ONLINE
TXN102665,CUS10076,2026-07-02 12:20:00,1395.71,SEPA_IN,JP,CP-9028,MOBILE
TXN105011,CUS10140,2026-07-02 12:22:00,14985.78,WIRE_OUT,KE,CP-5454,MOBILE
TXN105119,CUS10142,2026-07-02 12:28:00,160183.21,WIRE_IN,PL,CP-6115,BRANCH
TXN104263,CUS10120,2026-07-02 12:30:00,32992.97,CASH_WITHDRAWAL,CH,CP-8327,ONLINE
TXN106208,CUS10171,2026-07-02 12:45:00,39610.03,SEPA_OUT,SG,CP-2509,API
TXN103451,CUS10098,2026-07-02 12:51:00,763.27,CASH_WITHDRAWAL,PA,CP-3336,API
TXN103159,CUS10090,2026-07-02 12:53:00,10706.07,CASH_WITHDRAWAL,PA,CP-4505,BRANCH
TXN101014,CUS10029,2026-07-02 12:57:00,8354.0,WIRE_OUT,NL,CP-7618,MOBILE
TXN100744,CUS10022,2026-07-02 12:59:00,6304.37,CASH_WITHDRAWAL,JP,CP-6172,ONLINE
TXN104761,CUS10135,2026-07-02 13:03:00,7114.88,CASH_WITHDRAWAL,SG,CP-5735,MOBILE
TXN103047,CUS10086,2026-07-02 13:10:00,1591.96,WIRE_IN,CA,CP-3687,MOBILE
TXN103479,CUS10099,2026-07-02 13:39:00,6315.76,WIRE_OUT,PA,CP-1911,BRANCH
TXN100622,CUS10018,2026-07-02 13:44:00,375578.77,SEPA_OUT,GB,CP-8719,ONLINE
TXN100382,CUS10011,2026-07-02 13:48:00,3809.27,WIRE_IN,ES,CP-1067,BRANCH
TXN100247,CUS10007,2026-07-02 13:52:00,49411.6,SEPA_OUT,AT,CP-3165,MOBILE
TXN102202,CUS10064,2026-07-02 13:54:00,37053.42,SEPA_IN,SE,CP-9409,ONLINE
TXN106258,CUS10172,2026-07-02 13:58:00,933.53,SEPA_IN,ES,CP-8753,BRANCH
TXN106446,CUS10178,2026-07-02 14:02:00,11287.75,SEPA_IN,PA,CP-2694,ONLINE
TXN103824,CUS10109,2026-07-02 14:04:00,4875.25,SEPA_OUT,CH,CP-6432,MOBILE
TXN100749,CUS10022,2026-07-02 14:06:00,1352.27,CASH_WITHDRAWAL,BE,CP-8306,API
TXN105897,CUS10162,2026-07-02 14:12:00,197958.99,SEPA_OUT,PL,CP-4376,API
TXN104990,CUS10140,2026-07-02 14:27:00,1553.92,CASH_WITHDRAWAL,GB,CP-9585,MOBILE
TXN101165,CUS10033,2026-07-02 14:41:00,146695.09,SEPA_OUT,PA,CP-4485,MOBILE
TXN100944,CUS10028,2026-07-02 15:08:00,91273.81,SEPA_OUT,TR,CP-4476,MOBILE
TXN100222,CUS10006,2026-07-02 15:08:00,3607.36,SEPA_OUT,CA,CP-9281,MOBILE
TXN104649,CUS10133,2026-07-02 15:08:00,1734.06,SEPA_IN,SG,CP-1627,BRANCH
TXN100661,CUS10019,2026-07-02 15:31:00,26902.37,WIRE_IN,FI,CP-9084,BRANCH
TXN105875,CUS10161,2026-07-02 15:37:00,19023.05,CASH_WITHDRAWAL,LU,CP-2438,MOBILE
TXN103224,CUS10092,2026-07-02 15:47:00,26142.31,SEPA_IN,KP,CP-4676,API
TXN101010,CUS10029,2026-07-02 16:04:00,5976.79,SEPA_IN,NL,CP-7580,BRANCH
TXN103410,CUS10097,2026-07-02 16:19:00,2428.25,CASH_WITHDRAWAL,DK,CP-8445,MOBILE
TXN106487,CUS10179,2026-07-02 16:22:00,675.97,SEPA_OUT,SG,CP-9506,BRANCH
TXN101652,CUS10049,2026-07-02 16:38:00,4867.71,CASH_WITHDRAWAL,NL,CP-7408,BRANCH
TXN105613,CUS10154,2026-07-02 16:42:00,4489.06,SEPA_IN,MM,CP-3288,MOBILE
TXN106135,CUS10169,2026-07-02 16:54:00,832.14,CASH_DEPOSIT,SE,CP-9877,ONLINE
TXN103708,CUS10107,2026-07-02 17:20:00,116991.6,SEPA_OUT,GB,CP-9119,MOBILE
TXN100695,CUS10021,2026-07-02 17:35:00,1626.34,WIRE_OUT,LU,CP-9888,API
TXN105061,CUS10141,2026-07-02 17:43:00,96277.14,SEPA_IN,VN,CP-9216,ONLINE
TXN102898,CUS10082,2026-07-02 18:04:00,6621.39,SEPA_OUT,IE,CP-3859,MOBILE
TXN105080,CUS10141,2026-07-02 18:23:00,18818.3,WIRE_OUT,HR,CP-6414,BRANCH
TXN102274,CUS10067,2026-07-02 18:27:00,34919.73,CASH_WITHDRAWAL,NL,CP-5023,MOBILE
TXN102413,CUS10071,2026-07-03 08:12:00,1999.93,CASH_DEPOSIT,FR,CP-4328,API
TXN100770,CUS10023,2026-07-03 08:21:00,7339.85,CASH_WITHDRAWAL,ES,CP-1701,MOBILE
TXN100169,CUS10004,2026-07-03 08:34:00,22798.91,WIRE_IN,KE,CP-1274,API
TXN106195,CUS10170,2026-07-03 08:35:00,36971.11,WIRE_IN,FI,CP-1380,ONLINE
TXN103195,CUS10091,2026-07-03 08:35:00,18519.8,WIRE_OUT,CH,CP-5779,MOBILE
TXN105926,CUS10163,2026-07-03 08:45:00,35675.56,WIRE_IN,ZA,CP-7021,API
TXN101019,CUS10029,2026-07-03 08:56:00,2925.02,SEPA_IN,IE,CP-4954,API
TXN104242,CUS10120,2026-07-03 08:57:00,25991.97,CASH_WITHDRAWAL,KE,CP-9625,BRANCH
TXN102071,CUS10060,2026-07-03 09:03:00,22402.4,SEPA_OUT,FI,CP-7042,BRANCH
TXN102275,CUS10067,2026-07-03 09:08:00,34959.44,SEPA_IN,VN,CP-3769,API
TXN102731,CUS10078,2026-07-03 09:08:00,16040.68,CASH_WITHDRAWAL,IT,CP-6873,MOBILE
TXN100296,CUS10008,2026-07-03 09:12:00,171147.97,WIRE_OUT,AU,CP-2506,API
TXN105489,CUS10151,2026-07-03 09:32:00,6126.96,WIRE_IN,NL,CP-4783,BRANCH
TXN104096,CUS10115,2026-07-03 09:34:00,6709.4,CASH_WITHDRAWAL,US,CP-7561,ONLINE
TXN106234,CUS10172,2026-07-03 10:04:00,1744.63,CASH_DEPOSIT,ES,CP-9777,API
TXN103524,CUS10101,2026-07-03 10:23:00,52322.32,CASH_DEPOSIT,AE,CP-8346,ONLINE
TXN102557,CUS10074,2026-07-03 10:41:00,20889.67,CASH_WITHDRAWAL,CA,CP-6705,ONLINE
TXN101752,CUS10051,2026-07-03 10:47:00,12345.53,CASH_WITHDRAWAL,AE,CP-2298,MOBILE
TXN104563,CUS10129,2026-07-03 11:06:00,2482.86,SEPA_IN,AU,CP-7385,API
TXN104629,CUS10132,2026-07-03 11:09:00,117109.06,CASH_DEPOSIT,FR,CP-5865,ONLINE
TXN106137,CUS10169,2026-07-03 11:13:00,1319.2,WIRE_IN,SE,CP-6569,ONLINE
TXN103610,CUS10104,2026-07-03 11:26:00,42816.49,CASH_DEPOSIT,SG,CP-5887,API
TXN102212,CUS10064,2026-07-03 11:27:00,42200.02,WIRE_OUT,PH,CP-8371,BRANCH
TXN103476,CUS10099,2026-07-03 11:33:00,4554.98,SEPA_IN,SE,CP-3495,MOBILE
TXN103447,CUS10098,2026-07-03 11:39:00,1094.17,WIRE_IN,PA,CP-3870,MOBILE
TXN101548,CUS10046,2026-07-03 11:52:00,76904.6,SEPA_IN,BG,CP-7396,API
TXN106314,CUS10174,2026-07-03 12:05:00,201122.22,SEPA_OUT,FI,CP-5963,BRANCH
TXN105212,CUS10145,2026-07-03 12:08:00,3621.47,CASH_WITHDRAWAL,CA,CP-9711,BRANCH
TXN105374,CUS10148,2026-07-03 12:09:00,29425.44,CASH_WITHDRAWAL,PH,CP-8765,API
TXN103411,CUS10097,2026-07-03 12:15:00,3018.18,SEPA_OUT,DK,CP-1545,API
TXN102555,CUS10074,2026-07-03 12:19:00,31952.73,SEPA_OUT,CA,CP-2343,API
TXN104168,CUS10118,2026-07-03 12:20:00,45862.85,CASH_WITHDRAWAL,DE,CP-6490,MOBILE
TXN100142,CUS10004,2026-07-03 12:29:00,11515.74,CASH_DEPOSIT,KE,CP-7948,MOBILE
TXN105486,CUS10151,2026-07-03 12:35:00,9277.54,SEPA_OUT,NL,CP-2340,MOBILE
TXN100162,CUS10004,2026-07-03 12:35:00,105275.2,CASH_WITHDRAWAL,IE,CP-7841,API
TXN106149,CUS10169,2026-07-03 12:36:00,2560.11,WIRE_IN,SE,CP-5967,BRANCH
TXN101069,CUS10031,2026-07-03 12:43:00,54976.43,WIRE_OUT,CA,CP-2474,API
TXN101044,CUS10030,2026-07-03 12:50:00,3629.21,CASH_WITHDRAWAL,BE,CP-8278,ONLINE
TXN105459,CUS10150,2026-07-03 12:53:00,17703.91,WIRE_IN,PL,CP-1196,API
TXN100628,CUS10018,2026-07-03 12:55:00,87132.38,WIRE_OUT,JP,CP-7237,ONLINE
TXN101408,CUS10042,2026-07-03 12:57:00,3218.68,WIRE_IN,YE,CP-9177,MOBILE
TXN105541,CUS10152,2026-07-03 13:00:00,316963.57,WIRE_OUT,TR,CP-9714,BRANCH
TXN106041,CUS10167,2026-07-03 13:03:00,55220.73,CASH_WITHDRAWAL,CH,CP-9374,MOBILE
TXN103517,CUS10100,2026-07-03 13:14:00,2925.56,SEPA_OUT,SE,CP-1114,MOBILE
TXN104295,CUS10121,2026-07-03 13:15:00,1227.99,SEPA_OUT,AE,CP-1670,MOBILE
TXN100099,CUS10003,2026-07-03 13:21:00,3453.7,SEPA_OUT,IT,CP-6040,ONLINE
TXN105082,CUS10141,2026-07-03 13:39:00,44579.53,WIRE_OUT,PL,CP-5721,BRANCH
TXN101644,CUS10048,2026-07-03 14:05:00,8905.24,SEPA_IN,US,CP-2039,ONLINE
TXN104047,CUS10114,2026-07-03 14:09:00,198002.14,WIRE_IN,IT,CP-8662,BRANCH
TXN100456,CUS10014,2026-07-03 14:43:00,76494.92,WIRE_IN,NL,CP-2036,ONLINE
TXN102455,CUS10072,2026-07-03 14:59:00,136933.91,CASH_DEPOSIT,ES,CP-5305,ONLINE
TXN105820,CUS10159,2026-07-03 15:20:00,85611.86,WIRE_OUT,NG,CP-2426,ONLINE
TXN100103,CUS10003,2026-07-03 15:20:00,2193.05,SEPA_OUT,IT,CP-4340,MOBILE
TXN102451,CUS10072,2026-07-03 15:28:00,21418.26,SEPA_IN,ES,CP-7401,BRANCH
TXN102186,CUS10063,2026-07-03 15:32:00,1333.69,SEPA_OUT,VN,CP-4366,API
TXN106007,CUS10166,2026-07-03 16:18:00,23437.75,WIRE_IN,SG,CP-8685,BRANCH
TXN101932,CUS10057,2026-07-03 16:28:00,5743.19,WIRE_IN,LU,CP-6695,MOBILE
TXN100473,CUS10014,2026-07-03 16:40:00,248725.04,CASH_DEPOSIT,NL,CP-7637,BRANCH
TXN102271,CUS10067,2026-07-03 16:55:00,56433.66,CASH_WITHDRAWAL,NG,CP-6016,ONLINE
TXN106347,CUS10175,2026-07-03 17:12:00,11533.87,WIRE_OUT,NG,CP-8278,BRANCH
TXN102596,CUS10075,2026-07-03 17:27:00,12822.41,CASH_DEPOSIT,AT,CP-9652,API
TXN100387,CUS10011,2026-07-03 17:32:00,93456.02,SEPA_IN,IE,CP-1612,MOBILE
TXN101247,CUS10036,2026-07-03 17:36:00,22504.67,SEPA_IN,SE,CP-2549,BRANCH
TXN105054,CUS10141,2026-07-03 17:45:00,15743.65,WIRE_IN,SE,CP-7628,ONLINE
TXN102282,CUS10067,2026-07-03 17:51:00,216618.16,WIRE_IN,PH,CP-2039,BRANCH
TXN104153,CUS10118,2026-07-03 17:55:00,11461.75,CASH_DEPOSIT,ES,CP-9569,API
TXN103143,CUS10089,2026-07-03 18:27:00,2572.45,CASH_DEPOSIT,MC,CP-2963,ONLINE
TXN104660,CUS10133,2026-07-03 18:39:00,6817.81,CASH_DEPOSIT,SG,CP-7810,ONLINE
TXN100908,CUS10027,2026-07-03 18:45:00,34915.88,WIRE_OUT,IE,CP-9178,BRANCH
TXN105310,CUS10147,2026-07-03 18:55:00,16753.82,CASH_DEPOSIT,VN,CP-5618,API
TXN103220,CUS10092,2026-07-04 08:05:00,8992.96,WIRE_OUT,KP,CP-9558,BRANCH
TXN100847,CUS10025,2026-07-04 08:09:00,14853.11,CASH_WITHDRAWAL,IE,CP-8742,ONLINE
TXN104911,CUS10138,2026-07-04 08:14:00,60146.01,WIRE_IN,ZA,CP-2519,MOBILE
TXN106389,CUS10177,2026-07-04 08:21:00,76223.4,CASH_WITHDRAWAL,VN,CP-7408,BRANCH
TXN101161,CUS10033,2026-07-04 08:21:00,130230.81,CASH_WITHDRAWAL,AE,CP-2035,BRANCH
TXN104637,CUS10132,2026-07-04 08:34:00,31393.22,SEPA_OUT,FR,CP-5083,ONLINE
TXN104835,CUS10136,2026-07-04 08:42:00,44884.16,WIRE_OUT,HR,CP-4918,API
TXN100079,CUS10002,2026-07-04 09:02:00,1699.29,CASH_DEPOSIT,PH,CP-5336,BRANCH
TXN100705,CUS10021,2026-07-04 09:30:00,3383.05,SEPA_OUT,LU,CP-8556,BRANCH
TXN100849,CUS10025,2026-07-04 09:48:00,1362.3,WIRE_IN,IE,CP-6927,MOBILE
TXN105945,CUS10164,2026-07-04 09:58:00,81173.11,WIRE_IN,AU,CP-1572,MOBILE
TXN106025,CUS10167,2026-07-04 10:15:00,22869.8,WIRE_IN,ES,CP-6669,ONLINE
TXN106300,CUS10173,2026-07-04 10:30:00,34897.73,SEPA_IN,DK,CP-4676,MOBILE
TXN105238,CUS10145,2026-07-04 10:49:00,4811.69,SEPA_OUT,CA,CP-5317,ONLINE
TXN101419,CUS10042,2026-07-04 10:50:00,6255.02,CASH_DEPOSIT,YE,CP-6201,API
TXN105169,CUS10144,2026-07-04 11:28:00,1689.89,SEPA_IN,CA,CP-1533,MOBILE
TXN100983,CUS10029,2026-07-04 11:30:00,2005.31,CASH_WITHDRAWAL,NL,CP-4961,MOBILE
TXN101557,CUS10046,2026-07-04 11:34:00,21914.71,SEPA_OUT,TR,CP-1296,MOBILE
TXN101793,CUS10052,2026-07-04 11:37:00,35645.62,CASH_DEPOSIT,AT,CP-1197,API
TXN103428,CUS10098,2026-07-04 11:45:00,2972.28,CASH_DEPOSIT,PA,CP-4840,ONLINE
TXN104882,CUS10137,2026-07-04 11:48:00,10534.39,SEPA_OUT,PL,CP-4371,ONLINE
TXN104163,CUS10118,2026-07-04 11:51:00,4794.49,CASH_WITHDRAWAL,ES,CP-8340,ONLINE
TXN105450,CUS10150,2026-07-04 11:52:00,14630.01,CASH_DEPOSIT,NL,CP-1306,BRANCH
TXN105591,CUS10153,2026-07-04 11:57:00,17003.05,WIRE_OUT,LU,CP-7646,API
TXN103842,CUS10110,2026-07-04 12:05:00,182355.9,CASH_DEPOSIT,AU,CP-3897,ONLINE
TXN102122,CUS10062,2026-07-04 12:07:00,82059.15,CASH_WITHDRAWAL,IT,CP-2168,ONLINE
TXN104553,CUS10129,2026-07-04 12:29:00,961.79,WIRE_IN,NG,CP-9214,ONLINE
TXN103067,CUS10086,2026-07-04 12:31:00,2114.23,SEPA_OUT,CA,CP-5973,API
TXN105415,CUS10149,2026-07-04 12:49:00,3489.11,CASH_WITHDRAWAL,CA,CP-4242,MOBILE
TXN101864,CUS10054,2026-07-04 13:01:00,11829.41,CASH_WITHDRAWAL,FR,CP-3364,MOBILE
TXN103793,CUS10109,2026-07-04 13:06:00,6873.9,CASH_WITHDRAWAL,CH,CP-6582,MOBILE
TXN101437,CUS10043,2026-07-04 13:08:00,301486.46,CASH_WITHDRAWAL,BE,CP-3073,API
TXN102540,CUS10073,2026-07-04 13:11:00,47237.34,CASH_DEPOSIT,SG,CP-4507,MOBILE
TXN105501,CUS10151,2026-07-04 13:13:00,12766.56,SEPA_IN,NL,CP-2497,BRANCH
TXN105167,CUS10144,2026-07-04 13:15:00,3693.69,WIRE_OUT,PH,CP-1091,API
TXN104847,CUS10136,2026-07-04 13:20:00,27279.29,CASH_WITHDRAWAL,AT,CP-7336,BRANCH
TXN101825,CUS10053,2026-07-04 13:27:00,118676.48,CASH_DEPOSIT,US,CP-4267,BRANCH
TXN102917,CUS10083,2026-07-04 13:31:00,71138.26,SEPA_IN,CH,CP-8472,API
TXN100070,CUS10002,2026-07-04 13:35:00,11127.06,SEPA_OUT,FI,CP-3126,ONLINE
TXN102729,CUS10078,2026-07-04 13:51:00,2826.03,WIRE_OUT,IT,CP-6947,MOBILE
TXN101687,CUS10049,2026-07-04 13:54:00,4894.17,CASH_WITHDRAWAL,AT,CP-6668,MOBILE
TXN100038,CUS10001,2026-07-04 13:59:00,1439.89,CASH_WITHDRAWAL,KE,CP-6493,BRANCH
TXN102128,CUS10062,2026-07-04 14:02:00,147695.64,WIRE_IN,PH,CP-8780,API
TXN105195,CUS10144,2026-07-04 14:17:00,2957.05,WIRE_IN,PH,CP-8455,BRANCH
TXN101359,CUS10041,2026-07-04 14:23:00,9649.94,WIRE_IN,IT,CP-2208,MOBILE
TXN103721,CUS10107,2026-07-04 14:26:00,325507.9,WIRE_IN,GB,CP-6161,ONLINE
TXN103863,CUS10110,2026-07-04 14:40:00,70130.72,SEPA_OUT,PA,CP-4350,API
TXN100298,CUS10009,2026-07-04 14:43:00,39918.66,SEPA_IN,FI,CP-4517,BRANCH
TXN105132,CUS10143,2026-07-04 14:47:00,57043.19,CASH_DEPOSIT,FR,CP-2447,MOBILE
TXN105797,CUS10158,2026-07-04 14:51:00,33891.4,SEPA_OUT,PA,CP-4970,MOBILE
TXN105188,CUS10144,2026-07-04 14:55:00,1999.18,SEPA_IN,PH,CP-8089,MOBILE
TXN101959,CUS10058,2026-07-04 15:06:00,9962.77,SEPA_OUT,GB,CP-7370,API
TXN105491,CUS10151,2026-07-04 15:15:00,18869.78,SEPA_OUT,NL,CP-7932,MOBILE
TXN101081,CUS10031,2026-07-04 15:27:00,31509.7,CASH_WITHDRAWAL,IE,CP-6477,API
TXN105344,CUS10147,2026-07-04 15:28:00,16005.99,SEPA_IN,VN,CP-6931,MOBILE
TXN102088,CUS10061,2026-07-04 15:38:00,14497.2,CASH_DEPOSIT,AE,CP-7646,BRANCH
TXN104715,CUS10134,2026-07-04 15:47:00,8084.5,WIRE_OUT,FR,CP-3766,BRANCH
TXN101850,CUS10053,2026-07-04 15:55:00,49693.13,CASH_WITHDRAWAL,CH,CP-4417,MOBILE
TXN105453,CUS10150,2026-07-04 16:05:00,8585.41,WIRE_OUT,PL,CP-9483,API
TXN101102,CUS10032,2026-07-04 16:07:00,22149.53,SEPA_OUT,AT,CP-4185,API
TXN103899,CUS10111,2026-07-04 16:23:00,28226.63,CASH_DEPOSIT,CH,CP-1851,ONLINE
TXN101522,CUS10045,2026-07-04 16:28:00,69523.26,WIRE_IN,CH,CP-5913,MOBILE
TXN105226,CUS10145,2026-07-04 16:36:00,2956.59,SEPA_IN,CA,CP-5720,MOBILE
TXN105558,CUS10152,2026-07-04 16:41:00,81408.16,WIRE_IN,HR,CP-3566,ONLINE
TXN102437,CUS10071,2026-07-04 16:51:00,8068.39,SEPA_OUT,BE,CP-6877,BRANCH
TXN105086,CUS10141,2026-07-04 16:59:00,41103.64,WIRE_OUT,DK,CP-5345,BRANCH
TXN101212,CUS10034,2026-07-04 17:07:00,1172.62,CASH_WITHDRAWAL,CH,CP-5072,API
TXN102407,CUS10071,2026-07-04 17:08:00,8092.21,WIRE_OUT,SG,CP-3795,BRANCH
TXN104445,CUS10127,2026-07-04 17:08:00,11330.18,CASH_DEPOSIT,AT,CP-3141,ONLINE
TXN103860,CUS10110,2026-07-04 17:10:00,58049.1,CASH_WITHDRAWAL,AU,CP-6261,MOBILE
TXN105770,CUS10158,2026-07-04 17:15:00,188755.21,SEPA_OUT,AT,CP-7941,BRANCH
TXN103557,CUS10101,2026-07-04 17:23:00,91956.09,WIRE_OUT,AE,CP-4555,BRANCH
TXN101934,CUS10057,2026-07-04 17:31:00,69112.68,WIRE_OUT,LU,CP-7492,BRANCH
TXN102661,CUS10076,2026-07-04 17:41:00,2036.15,SEPA_IN,JP,CP-3226,API
TXN101425,CUS10042,2026-07-04 17:45:00,864.18,WIRE_IN,YE,CP-7265,ONLINE
TXN103613,CUS10104,2026-07-04 17:49:00,57188.75,WIRE_IN,VN,CP-4483,API
TXN101620,CUS10048,2026-07-04 17:57:00,22809.35,CASH_DEPOSIT,NL,CP-9813,BRANCH
TXN104602,CUS10131,2026-07-04 17:59:00,30824.71,WIRE_IN,US,CP-1116,ONLINE
TXN101909,CUS10056,2026-07-04 18:21:00,23357.28,SEPA_OUT,BG,CP-1464,MOBILE
TXN103631,CUS10104,2026-07-04 18:23:00,25085.07,SEPA_OUT,SG,CP-5586,BRANCH
TXN105747,CUS10157,2026-07-04 18:28:00,4898.56,CASH_WITHDRAWAL,NG,CP-5818,ONLINE
TXN106079,CUS10168,2026-07-04 18:33:00,24278.46,CASH_WITHDRAWAL,NL,CP-6696,API
TXN106311,CUS10174,2026-07-04 18:34:00,219763.51,SEPA_IN,NG,CP-9660,MOBILE
TXN104073,CUS10114,2026-07-04 18:42:00,18552.98,CASH_DEPOSIT,IT,CP-6253,ONLINE
TXN100889,CUS10026,2026-07-05 08:11:00,20231.21,SEPA_IN,FR,CP-3689,MOBILE
TXN104727,CUS10134,2026-07-05 08:13:00,5637.74,WIRE_OUT,FR,CP-5142,API
TXN100015,CUS10000,2026-07-05 08:23:00,53144.71,CASH_WITHDRAWAL,LU,CP-2479,MOBILE
TXN104920,CUS10138,2026-07-05 08:44:00,78849.47,SEPA_OUT,ZA,CP-6418,API
TXN102872,CUS10081,2026-07-05 08:58:00,784.66,CASH_WITHDRAWAL,AT,CP-3919,BRANCH
TXN103943,CUS10112,2026-07-05 09:02:00,6156.19,CASH_WITHDRAWAL,LU,CP-3480,MOBILE
TXN102252,CUS10066,2026-07-05 09:03:00,13049.64,WIRE_IN,AT,CP-3419,ONLINE
TXN100454,CUS10014,2026-07-05 09:04:00,54524.09,SEPA_IN,NL,CP-2154,BRANCH
TXN102398,CUS10071,2026-07-05 09:05:00,4918.14,CASH_DEPOSIT,PL,CP-9137,API
TXN101713,CUS10050,2026-07-05 09:33:00,164150.87,WIRE_OUT,NG,CP-8785,BRANCH
TXN104118,CUS10116,2026-07-05 09:44:00,5791.71,WIRE_OUT,JP,CP-5278,API
TXN104678,CUS10133,2026-07-05 09:56:00,4150.04,WIRE_OUT,SG,CP-3974,ONLINE
TXN106378,CUS10176,2026-07-05 10:26:00,8605.07,WIRE_OUT,PA,CP-3351,API
TXN105966,CUS10165,2026-07-05 11:03:00,82318.9,SEPA_OUT,DK,CP-6236,MOBILE
TXN106368,CUS10176,2026-07-05 11:04:00,2160.66,CASH_WITHDRAWAL,MC,CP-4381,ONLINE
TXN102876,CUS10081,2026-07-05 11:07:00,1969.76,CASH_DEPOSIT,AT,CP-6666,API
TXN102949,CUS10083,2026-07-05 11:12:00,11305.88,SEPA_IN,NL,CP-4000,API
TXN103412,CUS10097,2026-07-05 11:45:00,20498.65,SEPA_IN,DK,CP-7960,BRANCH
TXN100325,CUS10009,2026-07-05 12:01:00,7886.9,WIRE_IN,FI,CP-2215,API
TXN105315,CUS10147,2026-07-05 12:04:00,16916.8,WIRE_IN,PA,CP-6291,API
TXN100051,CUS10001,2026-07-05 12:12:00,3061.95,WIRE_OUT,KE,CP-1686,API
TXN103334,CUS10096,2026-07-05 12:16:00,255321.71,WIRE_IN,HR,CP-4689,BRANCH
TXN101571,CUS10047,2026-07-05 12:17:00,763.79,SEPA_IN,PH,CP-2384,ONLINE
TXN103319,CUS10095,2026-07-05 12:37:00,13329.79,WIRE_OUT,AU,CP-7770,MOBILE
TXN102392,CUS10070,2026-07-05 12:43:00,6292.33,SEPA_IN,DK,CP-4912,BRANCH
TXN104897,CUS10137,2026-07-05 12:44:00,8503.83,SEPA_IN,AU,CP-8192,API
TXN103475,CUS10099,2026-07-05 12:46:00,745.5,WIRE_OUT,LU,CP-5923,ONLINE
TXN106064,CUS10168,2026-07-05 12:48:00,9624.58,CASH_DEPOSIT,NL,CP-1652,MOBILE
TXN104508,CUS10128,2026-07-05 12:51:00,70521.1,CASH_WITHDRAWAL,JP,CP-2877,MOBILE
TXN100928,CUS10027,2026-07-05 12:55:00,72891.61,SEPA_OUT,IE,CP-8718,MOBILE
TXN101694,CUS10050,2026-07-05 13:01:00,92199.28,CASH_WITHDRAWAL,NG,CP-3509,BRANCH
TXN103289,CUS10094,2026-07-05 13:04:00,6618.26,WIRE_IN,IE,CP-8547,BRANCH
TXN103574,CUS10102,2026-07-05 13:39:00,754.21,CASH_DEPOSIT,BG,CP-9248,API
TXN101662,CUS10049,2026-07-05 13:44:00,763.1,SEPA_OUT,AT,CP-1091,API
TXN105505,CUS10151,2026-07-05 13:55:00,16341.18,WIRE_IN,NL,CP-6067,API
TXN104900,CUS10137,2026-07-05 14:14:00,15226.74,SEPA_IN,AU,CP-6655,BRANCH
TXN104196,CUS10119,2026-07-05 14:23:00,200474.85,CASH_WITHDRAWAL,FI,CP-9294,BRANCH
TXN102194,CUS10063,2026-07-05 14:23:00,4849.53,WIRE_OUT,VN,CP-2474,BRANCH
TXN102763,CUS10079,2026-07-05 14:28:00,12569.74,CASH_DEPOSIT,JP,CP-4588,API
TXN103389,CUS10097,2026-07-05 14:54:00,4656.97,SEPA_IN,DK,CP-5789,BRANCH
TXN100228,CUS10006,2026-07-05 15:16:00,1175.54,WIRE_IN,CA,CP-8193,ONLINE
TXN102126,CUS10062,2026-07-05 15:20:00,32401.29,SEPA_IN,IT,CP-8759,MOBILE
TXN100690,CUS10021,2026-07-05 15:24:00,1560.8,CASH_DEPOSIT,LU,CP-2897,ONLINE
TXN102103,CUS10061,2026-07-05 15:27:00,51259.56,WIRE_OUT,SG,CP-1217,ONLINE
TXN106297,CUS10173,2026-07-05 15:47:00,16818.6,WIRE_IN,CH,CP-6721,ONLINE
TXN105542,CUS10152,2026-07-05 15:49:00,221851.37,CASH_WITHDRAWAL,HR,CP-6546,API
TXN106502,CUS10179,2026-07-05 15:49:00,2958.94,SEPA_OUT,SG,CP-7817,MOBILE
TXN100474,CUS10014,2026-07-05 16:16:00,310698.44,CASH_DEPOSIT,NL,CP-8734,BRANCH
TXN106485,CUS10179,2026-07-05 16:30:00,15374.55,SEPA_IN,DK,CP-8774,ONLINE
TXN102952,CUS10083,2026-07-05 16:50:00,60523.89,CASH_WITHDRAWAL,MC,CP-6141,BRANCH
TXN102245,CUS10066,2026-07-05 17:05:00,45294.53,WIRE_IN,PL,CP-4149,BRANCH
TXN105847,CUS10160,2026-07-05 17:15:00,3761.36,CASH_WITHDRAWAL,SE,CP-7769,MOBILE
TXN102909,CUS10083,2026-07-05 17:33:00,113911.39,WIRE_IN,NL,CP-3702,MOBILE
TXN103666,CUS10105,2026-07-05 17:40:00,3739.95,SEPA_OUT,ES,CP-8313,ONLINE
TXN103583,CUS10103,2026-07-05 17:47:00,7832.16,SEPA_IN,PL,CP-6137,ONLINE
TXN106358,CUS10176,2026-07-05 18:11:00,853.46,WIRE_OUT,MC,CP-9007,ONLINE
TXN105047,CUS10141,2026-07-05 18:14:00,40938.61,CASH_DEPOSIT,JP,CP-7071,ONLINE
TXN100144,CUS10004,2026-07-05 18:26:00,51295.74,WIRE_IN,KE,CP-4943,BRANCH
TXN102485,CUS10072,2026-07-05 18:28:00,82878.17,WIRE_OUT,ES,CP-4854,MOBILE
TXN106463,CUS10179,2026-07-05 18:53:00,3364.41,WIRE_OUT,JP,CP-8994,ONLINE
TXN104938,CUS10138,2026-07-05 18:56:00,45727.54,CASH_DEPOSIT,ZA,CP-5548,ONLINE
TXN101103,CUS10032,2026-07-06 08:12:00,3726.41,WIRE_OUT,AT,CP-4587,API
TXN100803,CUS10024,2026-07-06 08:30:00,1439.29,CASH_DEPOSIT,CA,CP-1550,MOBILE
TXN102510,CUS10073,2026-07-06 08:39:00,122528.23,WIRE_OUT,SG,CP-2787,API
TXN101536,CUS10045,2026-07-06 08:54:00,125678.71,WIRE_OUT,CH,CP-2581,ONLINE
TXN105802,CUS10159,2026-07-06 08:58:00,60005.36,WIRE_IN,FI,CP-4067,MOBILE
TXN106543,CUS10126,2026-07-06 09:00:00,189757.06,WIRE_IN,PH,CP-1612,API
TXN104666,CUS10133,2026-07-06 09:05:00,1246.87,SEPA_IN,SG,CP-3607,API
TXN103873,CUS10111,2026-07-06 09:06:00,6391.79,WIRE_IN,AE,CP-7354,API
TXN101750,CUS10051,2026-07-06 09:20:00,2396.4,WIRE_OUT,AE,CP-2656,MOBILE
TXN105068,CUS10141,2026-07-06 09:25:00,40986.92,SEPA_IN,MC,CP-9116,BRANCH
TXN103826,CUS10109,2026-07-06 09:25:00,3252.18,SEPA_OUT,CH,CP-7789,ONLINE
TXN100692,CUS10021,2026-07-06 09:33:00,877.32,SEPA_IN,VN,CP-1368,API
TXN101341,CUS10040,2026-07-06 09:34:00,8353.66,CASH_DEPOSIT,VN,CP-7804,BRANCH
TXN104444,CUS10127,2026-07-06 09:36:00,4424.48,CASH_DEPOSIT,AT,CP-8919,BRANCH
TXN100241,CUS10007,2026-07-06 09:40:00,76024.79,WIRE_IN,AU,CP-3035,BRANCH
TXN100177,CUS10004,2026-07-06 09:43:00,133290.2,CASH_DEPOSIT,HR,CP-1539,BRANCH
TXN105452,CUS10150,2026-07-06 10:04:00,81469.44,SEPA_IN,PL,CP-2241,API
TXN104300,CUS10121,2026-07-06 10:05:00,2969.04,SEPA_IN,MC,CP-6258,BRANCH
TXN103246,CUS10092,2026-07-06 10:05:00,29654.09,SEPA_IN,KP,CP-6095,BRANCH
TXN103278,CUS10093,2026-07-06 10:06:00,8881.25,WIRE_IN,SE,CP-7177,MOBILE
TXN102260,CUS10066,2026-07-06 10:15:00,59091.81,SEPA_OUT,AT,CP-5552,BRANCH
TXN105719,CUS10157,2026-07-06 10:15:00,907.7,CASH_DEPOSIT,NG,CP-7986,MOBILE
TXN103393,CUS10097,2026-07-06 10:18:00,3921.93,SEPA_OUT,DK,CP-6040,API
TXN106035,CUS10167,2026-07-06 10:31:00,22021.6,SEPA_OUT,ES,CP-3489,BRANCH
TXN100489,CUS10014,2026-07-06 10:36:00,168706.49,WIRE_OUT,NL,CP-9399,ONLINE
TXN103490,CUS10099,2026-07-06 10:44:00,1603.77,CASH_DEPOSIT,BE,CP-2162,BRANCH
TXN104082,CUS10115,2026-07-06 10:46:00,15959.53,CASH_WITHDRAWAL,US,CP-5729,MOBILE
TXN103527,CUS10101,2026-07-06 10:46:00,435795.76,CASH_WITHDRAWAL,AE,CP-2437,MOBILE
TXN104814,CUS10136,2026-07-06 11:05:00,53280.9,CASH_WITHDRAWAL,PL,CP-3745,MOBILE
TXN101573,CUS10047,2026-07-06 11:13:00,703.78,CASH_WITHDRAWAL,PH,CP-8062,ONLINE
TXN105097,CUS10142,2026-07-06 11:16:00,33968.98,WIRE_OUT,PL,CP-9638,BRANCH
TXN101501,CUS10045,2026-07-06 11:18:00,53618.82,WIRE_IN,NL,CP-9001,API
TXN104961,CUS10139,2026-07-06 11:19:00,1828.08,WIRE_OUT,ES,CP-3443,ONLINE
TXN100001,CUS10000,2026-07-06 11:25:00,74607.21,WIRE_IN,FR,CP-4349,API
TXN102083,CUS10060,2026-07-06 11:37:00,1327.53,WIRE_OUT,GB,CP-9052,ONLINE
TXN101720,CUS10050,2026-07-06 11:48:00,125629.02,CASH_DEPOSIT,BG,CP-2767,MOBILE
TXN105111,CUS10142,2026-07-06 11:50:00,635463.04,WIRE_OUT,PL,CP-5824,API
TXN104368,CUS10124,2026-07-06 11:56:00,4866.01,SEPA_OUT,IT,CP-5872,API
TXN102226,CUS10065,2026-07-06 12:00:00,259441.45,SEPA_OUT,ES,CP-4172,MOBILE
TXN105687,CUS10156,2026-07-06 12:04:00,55964.11,SEPA_OUT,NL,CP-6028,BRANCH
TXN105029,CUS10140,2026-07-06 12:07:00,8430.62,CASH_DEPOSIT,GB,CP-4630,BRANCH
TXN103011,CUS10085,2026-07-06 12:10:00,120342.13,CASH_DEPOSIT,PH,CP-4554,ONLINE
TXN102138,CUS10062,2026-07-06 12:11:00,30924.94,CASH_WITHDRAWAL,IT,CP-9083,BRANCH
TXN101692,CUS10049,2026-07-06 12:17:00,8365.82,CASH_DEPOSIT,AT,CP-1498,MOBILE
TXN102692,CUS10077,2026-07-06 12:21:00,2018.84,WIRE_OUT,SY,CP-1543,MOBILE
TXN102266,CUS10067,2026-07-06 12:21:00,20085.11,CASH_DEPOSIT,NL,CP-2028,MOBILE
TXN104157,CUS10118,2026-07-06 12:29:00,14219.66,CASH_DEPOSIT,ES,CP-9569,BRANCH
TXN103000,CUS10084,2026-07-06 12:36:00,452.81,WIRE_OUT,JP,CP-3572,ONLINE
TXN105539,CUS10152,2026-07-06 12:46:00,178540.99,CASH_WITHDRAWAL,US,CP-7006,ONLINE
TXN106544,CUS10126,2026-07-06 13:00:00,181150.52,WIRE_OUT,ZA,CP-5175,API
TXN106569,CUS10102,2026-07-06 13:00:00,456832.1,WIRE_IN,HR,CP-5179,API
TXN105705,CUS10156,2026-07-06 13:06:00,15708.7,CASH_DEPOSIT,GB,CP-7329,ONLINE
TXN106203,CUS10171,2026-07-06 13:07:00,185614.33,CASH_DEPOSIT,SG,CP-8614,BRANCH
TXN102901,CUS10082,2026-07-06 13:20:00,5935.04,WIRE_IN,IE,CP-3855,ONLINE
TXN101563,CUS10046,2026-07-06 13:22:00,84515.74,WIRE_OUT,TR,CP-5790,BRANCH
TXN100092,CUS10003,2026-07-06 14:03:00,2376.13,WIRE_OUT,IT,CP-6939,API
TXN100341,CUS10009,2026-07-06 14:05:00,25317.71,WIRE_OUT,SG,CP-3422,API
TXN103847,CUS10110,2026-07-06 14:06:00,57540.96,WIRE_IN,AU,CP-2740,BRANCH
TXN104711,CUS10134,2026-07-06 14:07:00,13387.05,WIRE_IN,FR,CP-4187,MOBILE
TXN102386,CUS10070,2026-07-06 14:18:00,17326.44,SEPA_OUT,PA,CP-3566,API
TXN105754,CUS10157,2026-07-06 14:20:00,3562.59,CASH_WITHDRAWAL,NG,CP-8685,API
TXN100030,CUS10000,2026-07-06 14:23:00,51494.93,WIRE_OUT,AT,CP-8277,API
TXN100146,CUS10004,2026-07-06 14:28:00,15489.17,WIRE_OUT,KE,CP-1924,BRANCH
TXN105307,CUS10147,2026-07-06 14:37:00,10540.5,SEPA_OUT,VN,CP-2245,ONLINE
TXN104338,CUS10122,2026-07-06 15:03:00,3998.15,WIRE_OUT,CH,CP-9748,BRANCH
TXN101972,CUS10058,2026-07-06 15:08:00,14083.22,WIRE_OUT,GB,CP-2155,ONLINE
TXN102338,CUS10069,2026-07-06 15:44:00,8380.55,WIRE_OUT,IT,CP-1104,MOBILE
TXN100583,CUS10016,2026-07-06 15:45:00,51255.24,SEPA_IN,NL,CP-9892,MOBILE
TXN102265,CUS10067,2026-07-06 15:46:00,216340.73,SEPA_IN,NL,CP-9827,MOBILE
TXN102590,CUS10075,2026-07-06 16:00:00,56064.61,CASH_WITHDRAWAL,AT,CP-7000,MOBILE
TXN102587,CUS10074,2026-07-06 16:03:00,17710.71,CASH_DEPOSIT,NG,CP-3009,ONLINE
TXN101865,CUS10054,2026-07-06 16:24:00,1102.0,CASH_DEPOSIT,VN,CP-3781,BRANCH
TXN100650,CUS10019,2026-07-06 16:24:00,182886.61,CASH_WITHDRAWAL,BE,CP-1807,BRANCH
TXN106132,CUS10169,2026-07-06 16:38:00,9289.19,SEPA_IN,AE,CP-5034,MOBILE
TXN102724,CUS10078,2026-07-06 16:39:00,20029.1,CASH_DEPOSIT,IT,CP-4189,MOBILE
TXN103511,CUS10100,2026-07-06 16:46:00,1033.09,SEPA_OUT,FI,CP-1697,BRANCH
TXN104363,CUS10123,2026-07-06 17:00:00,10842.8,CASH_WITHDRAWAL,AE,CP-8916,MOBILE
TXN101804,CUS10052,2026-07-06 17:17:00,4923.61,WIRE_IN,AT,CP-4113,ONLINE
TXN102628,CUS10075,2026-07-06 17:22:00,14616.03,WIRE_IN,AT,CP-5237,ONLINE
TXN105874,CUS10161,2026-07-06 18:15:00,115186.63,WIRE_IN,LU,CP-4630,API
TXN106130,CUS10169,2026-07-06 18:32:00,2652.59,WIRE_IN,SE,CP-2756,API
TXN102176,CUS10063,2026-07-06 18:36:00,1151.41,WIRE_IN,VN,CP-6531,API
TXN105572,CUS10153,2026-07-06 18:44:00,15820.45,SEPA_OUT,BE,CP-3395,ONLINE
TXN103512,CUS10100,2026-07-06 18:45:00,8195.63,CASH_WITHDRAWAL,SE,CP-2518,API
TXN103250,CUS10092,2026-07-07 08:12:00,33755.8,CASH_WITHDRAWAL,KP,CP-4303,ONLINE
TXN105728,CUS10157,2026-07-07 08:39:00,4645.06,CASH_WITHDRAWAL,NG,CP-9514,ONLINE
TXN102671,CUS10076,2026-07-07 08:44:00,6637.51,WIRE_OUT,SG,CP-4059,ONLINE
TXN105181,CUS10144,2026-07-07 09:01:00,2915.55,SEPA_OUT,PH,CP-8146,ONLINE
TXN101515,CUS10045,2026-07-07 09:03:00,75599.57,CASH_WITHDRAWAL,CH,CP-2753,API
TXN106406,CUS10177,2026-07-07 09:19:00,39013.14,WIRE_IN,CA,CP-4275,BRANCH
TXN100816,CUS10024,2026-07-07 09:23:00,2579.54,SEPA_OUT,CA,CP-9215,ONLINE
TXN100812,CUS10024,2026-07-07 09:24:00,6629.65,CASH_DEPOSIT,CA,CP-1669,API
TXN102447,CUS10071,2026-07-07 09:24:00,3454.2,CASH_DEPOSIT,US,CP-5575,ONLINE
TXN102031,CUS10059,2026-07-07 09:24:00,38244.96,CASH_DEPOSIT,ES,CP-4156,MOBILE
TXN100181,CUS10004,2026-07-07 09:27:00,20988.52,WIRE_IN,KE,CP-6580,MOBILE
TXN104760,CUS10135,2026-07-07 09:31:00,1508.5,SEPA_IN,SG,CP-1460,BRANCH
TXN101242,CUS10036,2026-07-07 09:32:00,26163.28,CASH_DEPOSIT,HR,CP-8107,BRANCH
TXN102743,CUS10078,2026-07-07 09:40:00,6511.88,CASH_WITHDRAWAL,IT,CP-6606,MOBILE
TXN104441,CUS10127,2026-07-07 09:55:00,24905.2,SEPA_OUT,AT,CP-3515,BRANCH
TXN100698,CUS10021,2026-07-07 10:01:00,4363.13,CASH_WITHDRAWAL,LU,CP-1826,ONLINE
TXN101270,CUS10036,2026-07-07 10:20:00,99758.23,WIRE_OUT,JP,CP-6655,MOBILE
TXN104936,CUS10138,2026-07-07 10:26:00,20885.86,SEPA_IN,JP,CP-8476,MOBILE
TXN105860,CUS10161,2026-07-07 10:37:00,112665.82,SEPA_OUT,LU,CP-6360,MOBILE
TXN100359,CUS10010,2026-07-07 10:54:00,4299.41,WIRE_OUT,US,CP-4626,BRANCH
TXN103576,CUS10102,2026-07-07 10:57:00,1070.8,WIRE_IN,BG,CP-8116,MOBILE
TXN103440,CUS10098,2026-07-07 11:01:00,2340.55,CASH_DEPOSIT,PA,CP-1515,ONLINE
TXN105915,CUS10162,2026-07-07 11:03:00,40773.67,CASH_DEPOSIT,PL,CP-8451,ONLINE
TXN105339,CUS10147,2026-07-07 11:08:00,38597.83,SEPA_OUT,VN,CP-3753,ONLINE
TXN106214,CUS10171,2026-07-07 11:09:00,20385.53,WIRE_OUT,SG,CP-7338,API
TXN100953,CUS10028,2026-07-07 11:09:00,66126.26,WIRE_OUT,MC,CP-1587,MOBILE
TXN105997,CUS10165,2026-07-07 11:22:00,15733.28,WIRE_IN,IE,CP-4326,BRANCH
TXN102680,CUS10076,2026-07-07 11:33:00,7173.76,CASH_WITHDRAWAL,JP,CP-8843,API
TXN104059,CUS10114,2026-07-07 11:41:00,17235.04,WIRE_IN,CH,CP-4370,API
TXN102354,CUS10069,2026-07-07 11:47:00,21973.09,WIRE_IN,IT,CP-8853,MOBILE
TXN105056,CUS10141,2026-07-07 11:50:00,73492.51,CASH_DEPOSIT,SE,CP-3006,MOBILE
TXN106456,CUS10179,2026-07-07 12:00:00,809.28,SEPA_OUT,ES,CP-1303,ONLINE
TXN100155,CUS10004,2026-07-07 12:24:00,23528.68,CASH_DEPOSIT,KE,CP-1647,ONLINE
TXN100086,CUS10003,2026-07-07 12:24:00,8666.27,WIRE_OUT,SG,CP-3616,API
TXN101739,CUS10050,2026-07-07 12:27:00,327451.3,CASH_WITHDRAWAL,NG,CP-2899,MOBILE
TXN103771,CUS10108,2026-07-07 12:41:00,13992.17,WIRE_IN,IT,CP-3466,MOBILE
TXN103963,CUS10112,2026-07-07 12:45:00,77074.55,SEPA_OUT,LU,CP-7834,MOBILE
TXN103237,CUS10092,2026-07-07 12:46:00,7634.03,CASH_WITHDRAWAL,KP,CP-7199,BRANCH
TXN100331,CUS10009,2026-07-07 13:00:00,10162.97,SEPA_IN,FI,CP-8869,BRANCH
TXN105984,CUS10165,2026-07-07 13:04:00,148713.9,SEPA_IN,IE,CP-8708,BRANCH
TXN102097,CUS10061,2026-07-07 13:13:00,8838.07,SEPA_OUT,PL,CP-7108,ONLINE
TXN103546,CUS10101,2026-07-07 13:33:00,144387.59,WIRE_IN,AE,CP-7118,BRANCH
TXN100946,CUS10028,2026-07-07 13:59:00,6148.04,SEPA_IN,MC,CP-1745,ONLINE
TXN104744,CUS10134,2026-07-07 14:05:00,30076.22,CASH_DEPOSIT,FR,CP-9420,MOBILE
TXN106418,CUS10177,2026-07-07 14:26:00,61735.42,SEPA_OUT,CA,CP-1355,BRANCH
TXN103604,CUS10103,2026-07-07 14:33:00,38949.2,CASH_DEPOSIT,PL,CP-7798,BRANCH
TXN104516,CUS10128,2026-07-07 14:38:00,29837.24,CASH_DEPOSIT,BE,CP-7082,ONLINE
TXN101706,CUS10050,2026-07-07 14:45:00,142723.27,SEPA_IN,NG,CP-3300,API
TXN101558,CUS10046,2026-07-07 14:49:00,137531.41,WIRE_OUT,TR,CP-8040,MOBILE
TXN105706,CUS10157,2026-07-07 14:55:00,9080.21,WIRE_OUT,NG,CP-9227,MOBILE
TXN103162,CUS10090,2026-07-07 15:00:00,5771.84,SEPA_OUT,JP,CP-8350,BRANCH
TXN101851,CUS10053,2026-07-07 15:28:00,344845.79,WIRE_OUT,CH,CP-7234,ONLINE
TXN105566,CUS10153,2026-07-07 15:32:00,49735.68,SEPA_OUT,BE,CP-9087,API
TXN105388,CUS10148,2026-07-07 15:36:00,7184.96,WIRE_IN,CA,CP-7409,BRANCH
TXN103653,CUS10104,2026-07-07 15:37:00,21524.21,SEPA_OUT,SG,CP-3404,BRANCH
TXN103599,CUS10103,2026-07-07 16:03:00,17367.02,WIRE_OUT,PL,CP-7835,ONLINE
TXN100791,CUS10024,2026-07-07 16:11:00,2459.9,WIRE_IN,CA,CP-8947,ONLINE
TXN100411,CUS10012,2026-07-07 16:14:00,3389.05,SEPA_OUT,TR,CP-7607,BRANCH
TXN104023,CUS10114,2026-07-07 16:23:00,38994.71,CASH_DEPOSIT,IT,CP-4152,API
TXN102222,CUS10064,2026-07-07 16:37:00,37784.84,SEPA_OUT,SE,CP-8987,MOBILE
TXN106570,CUS10102,2026-07-07 17:00:00,434781.44,WIRE_OUT,YE,CP-5738,API
TXN103439,CUS10098,2026-07-07 17:09:00,2633.05,SEPA_IN,PA,CP-1696,MOBILE
TXN101421,CUS10042,2026-07-07 17:27:00,9826.89,CASH_WITHDRAWAL,YE,CP-7396,BRANCH
TXN103533,CUS10101,2026-07-07 17:45:00,30926.28,WIRE_IN,AE,CP-3179,MOBILE
TXN104236,CUS10120,2026-07-07 17:56:00,131337.63,SEPA_IN,PL,CP-9995,API
TXN102859,CUS10081,2026-07-07 18:16:00,4866.63,CASH_DEPOSIT,AT,CP-4201,BRANCH
TXN105646,CUS10155,2026-07-07 18:31:00,5125.4,CASH_DEPOSIT,CA,CP-9635,API
TXN103894,CUS10111,2026-07-07 18:33:00,15212.42,SEPA_IN,SE,CP-3072,MOBILE
TXN106408,CUS10177,2026-07-07 18:36:00,29356.43,SEPA_OUT,CA,CP-5527,BRANCH
TXN102773,CUS10079,2026-07-07 18:44:00,6035.51,CASH_WITHDRAWAL,JP,CP-1389,MOBILE
TXN101111,CUS10032,2026-07-07 18:50:00,4958.3,WIRE_OUT,AT,CP-9327,MOBILE
TXN103901,CUS10111,2026-07-07 18:56:00,18774.62,WIRE_IN,LU,CP-6436,API
TXN102776,CUS10079,2026-07-08 08:10:00,16972.77,CASH_WITHDRAWAL,PH,CP-1831,ONLINE
TXN105499,CUS10151,2026-07-08 08:15:00,29959.31,SEPA_OUT,NL,CP-5436,BRANCH
TXN103016,CUS10085,2026-07-08 08:22:00,12357.02,WIRE_OUT,VN,CP-9834,API
TXN104838,CUS10136,2026-07-08 09:08:00,122778.67,WIRE_OUT,FR,CP-5013,ONLINE
TXN104287,CUS10121,2026-07-08 09:25:00,4833.97,WIRE_IN,KE,CP-2406,API
TXN102746,CUS10078,2026-07-08 09:31:00,5053.97,CASH_DEPOSIT,IT,CP-3994,BRANCH
TXN101576,CUS10047,2026-07-08 09:35:00,572.27,CASH_WITHDRAWAL,PH,CP-5709,MOBILE
TXN100963,CUS10028,2026-07-08 09:35:00,36736.0,WIRE_IN,JP,CP-7534,API
TXN103337,CUS10096,2026-07-08 09:39:00,73971.0,SEPA_IN,AT,CP-5647,API
TXN101985,CUS10058,2026-07-08 09:43:00,12562.7,CASH_DEPOSIT,GB,CP-9753,ONLINE
TXN103272,CUS10093,2026-07-08 09:53:00,16867.51,SEPA_IN,SE,CP-3378,MOBILE
TXN103768,CUS10108,2026-07-08 09:55:00,35456.85,CASH_DEPOSIT,IE,CP-4547,ONLINE
TXN102937,CUS10083,2026-07-08 10:07:00,34676.51,WIRE_IN,PH,CP-8846,API
TXN102029,CUS10059,2026-07-08 10:12:00,56235.02,WIRE_IN,BG,CP-4040,ONLINE
TXN101552,CUS10046,2026-07-08 10:13:00,20641.74,CASH_WITHDRAWAL,TR,CP-6400,ONLINE
TXN105941,CUS10163,2026-07-08 10:21:00,38616.35,WIRE_IN,DE,CP-3238,BRANCH
TXN104039,CUS10114,2026-07-08 10:23:00,12006.47,WIRE_OUT,IT,CP-7565,API
TXN103409,CUS10097,2026-07-08 10:28:00,21426.02,CASH_WITHDRAWAL,DK,CP-3735,ONLINE
TXN104058,CUS10114,2026-07-08 10:38:00,44976.67,SEPA_OUT,IT,CP-8415,MOBILE
TXN105688,CUS10156,2026-07-08 10:39:00,30215.02,CASH_DEPOSIT,FR,CP-2269,BRANCH
TXN106499,CUS10179,2026-07-08 10:46:00,1564.41,SEPA_OUT,CH,CP-8884,BRANCH
TXN103163,CUS10090,2026-07-08 10:49:00,4780.68,CASH_DEPOSIT,JP,CP-6492,BRANCH
TXN106022,CUS10167,2026-07-08 10:58:00,152979.12,WIRE_OUT,ES,CP-4464,BRANCH
TXN104853,CUS10136,2026-07-08 11:02:00,46936.84,WIRE_OUT,AE,CP-8759,MOBILE
TXN100355,CUS10010,2026-07-08 11:02:00,3736.84,SEPA_IN,US,CP-4262,API
TXN106442,CUS10178,2026-07-08 11:33:00,6888.69,CASH_DEPOSIT,MC,CP-6696,ONLINE
TXN104228,CUS10120,2026-07-08 11:34:00,51985.59,SEPA_IN,PL,CP-7310,BRANCH
TXN104201,CUS10119,2026-07-08 11:52:00,34837.06,CASH_WITHDRAWAL,FI,CP-6925,MOBILE
TXN105174,CUS10144,2026-07-08 12:05:00,6467.97,CASH_WITHDRAWAL,PH,CP-7329,BRANCH
TXN104767,CUS10135,2026-07-08 12:05:00,3403.85,WIRE_IN,SG,CP-6721,BRANCH
TXN101588,CUS10047,2026-07-08 12:16:00,1074.54,SEPA_IN,PH,CP-9854,ONLINE
TXN104035,CUS10114,2026-07-08 12:21:00,44786.95,SEPA_IN,IT,CP-9844,BRANCH
TXN104574,CUS10129,2026-07-08 12:28:00,1143.95,CASH_DEPOSIT,AU,CP-7553,MOBILE
TXN105214,CUS10145,2026-07-08 12:33:00,5559.07,CASH_WITHDRAWAL,NG,CP-1533,BRANCH
TXN105488,CUS10151,2026-07-08 12:36:00,4716.63,SEPA_OUT,NL,CP-2346,ONLINE
TXN102836,CUS10080,2026-07-08 12:37:00,382281.75,SEPA_IN,FI,CP-5923,ONLINE
TXN103421,CUS10098,2026-07-08 12:41:00,1958.53,CASH_WITHDRAWAL,SG,CP-2273,MOBILE
TXN104213,CUS10119,2026-07-08 13:04:00,18828.64,WIRE_IN,FI,CP-9715,MOBILE
TXN106092,CUS10168,2026-07-08 13:12:00,7316.27,CASH_WITHDRAWAL,VN,CP-3340,API
TXN105215,CUS10145,2026-07-08 13:19:00,6237.3,CASH_WITHDRAWAL,CA,CP-8344,BRANCH
TXN100580,CUS10016,2026-07-08 13:41:00,10925.08,CASH_DEPOSIT,NL,CP-2759,BRANCH
TXN101395,CUS10042,2026-07-08 13:50:00,4830.07,SEPA_OUT,YE,CP-4496,ONLINE
TXN102515,CUS10073,2026-07-08 13:55:00,108326.76,SEPA_OUT,DK,CP-8369,MOBILE
TXN104736,CUS10134,2026-07-08 14:12:00,4426.27,CASH_WITHDRAWAL,FR,CP-9495,ONLINE
TXN104240,CUS10120,2026-07-08 14:19:00,9546.58,CASH_DEPOSIT,PL,CP-2687,ONLINE
TXN103317,CUS10094,2026-07-08 14:34:00,3797.8,WIRE_IN,IE,CP-8382,MOBILE
TXN101026,CUS10029,2026-07-08 14:56:00,2147.65,WIRE_OUT,NL,CP-8309,ONLINE
TXN105189,CUS10144,2026-07-08 15:05:00,16644.04,CASH_WITHDRAWAL,PH,CP-9876,ONLINE
TXN100135,CUS10003,2026-07-08 15:08:00,14397.63,SEPA_OUT,IT,CP-1945,MOBILE
TXN102062,CUS10060,2026-07-08 15:15:00,11388.86,WIRE_IN,GB,CP-6361,API
TXN101661,CUS10049,2026-07-08 15:16:00,3791.12,CASH_WITHDRAWAL,AT,CP-6535,BRANCH
TXN101802,CUS10052,2026-07-08 15:36:00,11820.42,WIRE_OUT,AT,CP-5195,BRANCH
TXN103219,CUS10091,2026-07-08 15:38:00,148417.92,WIRE_IN,CH,CP-5333,MOBILE
TXN101955,CUS10058,2026-07-08 15:51:00,25023.47,CASH_WITHDRAWAL,AE,CP-2618,ONLINE
TXN102968,CUS10084,2026-07-08 15:52:00,485.53,SEPA_IN,SG,CP-9953,MOBILE
TXN104756,CUS10135,2026-07-08 15:52:00,1257.73,SEPA_IN,SG,CP-4704,BRANCH
TXN102452,CUS10072,2026-07-08 15:56:00,39486.5,SEPA_OUT,ES,CP-7744,BRANCH
TXN105833,CUS10160,2026-07-08 16:16:00,16066.02,CASH_DEPOSIT,US,CP-2345,BRANCH
TXN100681,CUS10020,2026-07-08 16:19:00,3377.12,CASH_WITHDRAWAL,DE,CP-6169,ONLINE
TXN105409,CUS10149,2026-07-08 16:20:00,5097.8,WIRE_IN,ES,CP-6886,MOBILE
TXN105838,CUS10160,2026-07-08 16:22:00,3120.89,SEPA_OUT,KP,CP-5031,BRANCH
TXN103290,CUS10094,2026-07-08 16:29:00,25921.91,SEPA_OUT,IE,CP-5318,MOBILE
TXN100353,CUS10010,2026-07-08 16:50:00,7332.47,SEPA_IN,US,CP-9303,MOBILE
TXN101049,CUS10030,2026-07-08 17:20:00,12568.45,CASH_WITHDRAWAL,BE,CP-1958,API
TXN101860,CUS10054,2026-07-08 17:51:00,3742.18,CASH_WITHDRAWAL,DE,CP-5801,API
TXN102559,CUS10074,2026-07-08 17:52:00,43639.83,WIRE_IN,CA,CP-7808,MOBILE
TXN105659,CUS10155,2026-07-08 18:06:00,4869.8,SEPA_IN,CA,CP-4646,BRANCH
TXN100127,CUS10003,2026-07-08 18:07:00,2648.72,WIRE_OUT,IT,CP-7642,API
TXN105703,CUS10156,2026-07-08 18:17:00,51406.34,WIRE_OUT,NL,CP-4947,API
TXN106223,CUS10172,2026-07-08 18:25:00,9373.33,WIRE_OUT,ES,CP-2935,ONLINE
TXN105978,CUS10165,2026-07-08 18:26:00,50480.53,CASH_DEPOSIT,ZA,CP-1151,BRANCH
TXN100734,CUS10022,2026-07-08 18:30:00,9491.92,CASH_DEPOSIT,BE,CP-1845,API
TXN102365,CUS10070,2026-07-08 18:47:00,71060.84,CASH_WITHDRAWAL,DE,CP-3453,API
TXN103641,CUS10104,2026-07-08 18:56:00,36004.58,SEPA_OUT,SG,CP-8317,API
TXN106503,CUS10179,2026-07-08 18:56:00,696.25,SEPA_OUT,SG,CP-4492,BRANCH
TXN103153,CUS10090,2026-07-09 08:03:00,6174.36,SEPA_OUT,JP,CP-5458,ONLINE
TXN102038,CUS10059,2026-07-09 08:04:00,81645.7,CASH_WITHDRAWAL,ES,CP-1989,MOBILE
TXN102445,CUS10071,2026-07-09 08:07:00,5144.39,SEPA_OUT,PH,CP-9255,BRANCH
TXN103078,CUS10087,2026-07-09 08:21:00,100491.0,CASH_WITHDRAWAL,DK,CP-1772,API
TXN101036,CUS10030,2026-07-09 08:26:00,1562.84,SEPA_IN,BE,CP-8411,API
TXN105023,CUS10140,2026-07-09 08:33:00,2318.1,WIRE_OUT,GB,CP-6408,API
TXN102749,CUS10078,2026-07-09 08:50:00,3537.92,CASH_DEPOSIT,IT,CP-1966,ONLINE
TXN105159,CUS10143,2026-07-09 08:59:00,16870.36,CASH_WITHDRAWAL,US,CP-8770,BRANCH
TXN102005,CUS10059,2026-07-09 09:01:00,98838.14,WIRE_IN,ES,CP-6431,ONLINE
TXN104759,CUS10135,2026-07-09 09:02:00,7423.41,WIRE_IN,IE,CP-1839,MOBILE
TXN102075,CUS10060,2026-07-09 09:08:00,6471.48,CASH_DEPOSIT,GB,CP-3676,BRANCH
TXN102200,CUS10064,2026-07-09 09:17:00,88237.56,CASH_DEPOSIT,IT,CP-3033,MOBILE
TXN105336,CUS10147,2026-07-09 09:35:00,13825.67,WIRE_IN,VN,CP-2925,ONLINE
TXN101350,CUS10040,2026-07-09 09:36:00,3267.98,CASH_WITHDRAWAL,VN,CP-5562,BRANCH
TXN102301,CUS10068,2026-07-09 09:37:00,18751.11,SEPA_OUT,AU,CP-1696,MOBILE
TXN100145,CUS10004,2026-07-09 09:38:00,77879.27,CASH_DEPOSIT,KE,CP-1797,BRANCH
TXN105932,CUS10163,2026-07-09 10:00:00,22621.21,CASH_DEPOSIT,IE,CP-7994,MOBILE
TXN102548,CUS10074,2026-07-09 10:03:00,47165.42,CASH_WITHDRAWAL,CA,CP-8676,MOBILE
TXN101549,CUS10046,2026-07-09 10:18:00,111190.84,CASH_DEPOSIT,TR,CP-4955,API
TXN102941,CUS10083,2026-07-09 10:46:00,28688.75,CASH_DEPOSIT,NL,CP-1894,ONLINE
TXN102522,CUS10073,2026-07-09 11:00:00,111813.69,SEPA_OUT,SG,CP-1553,BRANCH
TXN106392,CUS10177,2026-07-09 11:10:00,11676.61,CASH_DEPOSIT,CA,CP-2920,API
TXN101167,CUS10033,2026-07-09 11:26:00,32710.02,CASH_DEPOSIT,PA,CP-9185,ONLINE
TXN100209,CUS10006,2026-07-09 12:02:00,20000.0,WIRE_IN,NL,CP-6620,ONLINE
TXN102614,CUS10075,2026-07-09 12:10:00,33635.76,CASH_WITHDRAWAL,ZA,CP-3286,ONLINE
TXN102873,CUS10081,2026-07-09 12:11:00,2610.19,CASH_WITHDRAWAL,AT,CP-4192,ONLINE
TXN103712,CUS10107,2026-07-09 12:14:00,104340.13,CASH_DEPOSIT,GB,CP-7759,BRANCH
TXN103473,CUS10099,2026-07-09 12:19:00,891.8,CASH_WITHDRAWAL,BE,CP-8641,MOBILE
TXN104083,CUS10115,2026-07-09 12:19:00,902.85,SEPA_OUT,HR,CP-3882,MOBILE
TXN100071,CUS10002,2026-07-09 12:25:00,28522.49,SEPA_OUT,VN,CP-9612,MOBILE
TXN104786,CUS10135,2026-07-09 12:30:00,7477.39,CASH_DEPOSIT,CH,CP-9844,API
TXN100021,CUS10000,2026-07-09 13:06:00,69562.64,SEPA_OUT,AT,CP-5655,API
TXN106490,CUS10179,2026-07-09 13:06:00,2271.36,WIRE_IN,SG,CP-8358,API
TXN105679,CUS10156,2026-07-09 13:18:00,55921.09,CASH_WITHDRAWAL,NL,CP-4288,API
TXN102218,CUS10064,2026-07-09 13:21:00,111757.54,CASH_DEPOSIT,SE,CP-3718,ONLINE
TXN103905,CUS10111,2026-07-09 13:25:00,16101.81,CASH_DEPOSIT,SE,CP-6569,ONLINE
TXN101880,CUS10055,2026-07-09 13:27:00,18031.94,CASH_DEPOSIT,YE,CP-3068,ONLINE
TXN105368,CUS10148,2026-07-09 13:31:00,14089.72,CASH_DEPOSIT,JP,CP-3305,MOBILE
TXN105550,CUS10152,2026-07-09 13:57:00,38268.88,WIRE_OUT,HR,CP-2825,ONLINE
TXN102809,CUS10080,2026-07-09 13:58:00,53689.44,WIRE_IN,NG,CP-9556,MOBILE
TXN104950,CUS10138,2026-07-09 14:19:00,25247.29,CASH_WITHDRAWAL,ZA,CP-9677,BRANCH
TXN104543,CUS10129,2026-07-09 14:25:00,1291.54,CASH_WITHDRAWAL,AU,CP-9884,ONLINE
TXN103891,CUS10111,2026-07-09 14:31:00,33202.04,CASH_WITHDRAWAL,SE,CP-8295,ONLINE
TXN103788,CUS10109,2026-07-09 14:35:00,9632.22,SEPA_IN,CH,CP-6523,BRANCH
TXN103423,CUS10098,2026-07-09 14:48:00,2911.11,CASH_WITHDRAWAL,PA,CP-1242,MOBILE
TXN100138,CUS10004,2026-07-09 15:02:00,79879.18,WIRE_OUT,KE,CP-3218,MOBILE
TXN105079,CUS10141,2026-07-09 15:11:00,135932.57,WIRE_IN,SE,CP-6562,BRANCH
TXN105441,CUS10149,2026-07-09 15:15:00,1255.31,WIRE_OUT,CA,CP-3304,BRANCH
TXN102061,CUS10060,2026-07-09 15:24:00,7466.05,SEPA_IN,NG,CP-3344,API
TXN101546,CUS10046,2026-07-09 15:27:00,18746.24,WIRE_IN,TR,CP-2280,BRANCH
TXN100876,CUS10026,2026-07-09 15:43:00,5507.85,WIRE_IN,FR,CP-9055,ONLINE
TXN102133,CUS10062,2026-07-09 16:11:00,133793.82,CASH_WITHDRAWAL,IT,CP-7359,ONLINE
TXN105950,CUS10164,2026-07-09 16:14:00,46478.01,WIRE_OUT,AU,CP-1217,API
TXN104803,CUS10136,2026-07-09 16:26:00,23650.23,WIRE_OUT,PL,CP-5657,API
TXN103244,CUS10092,2026-07-09 16:33:00,18143.51,SEPA_OUT,KP,CP-9795,ONLINE
TXN100046,CUS10001,2026-07-09 16:34:00,2882.35,CASH_DEPOSIT,KE,CP-1333,MOBILE
TXN103607,CUS10103,2026-07-09 16:37:00,49508.39,SEPA_IN,PL,CP-1080,BRANCH
TXN103852,CUS10110,2026-07-09 16:47:00,235026.69,CASH_DEPOSIT,AU,CP-6064,ONLINE
TXN101251,CUS10036,2026-07-09 16:53:00,81168.29,CASH_WITHDRAWAL,HR,CP-3033,BRANCH
TXN101073,CUS10031,2026-07-09 17:08:00,14929.03,WIRE_OUT,FI,CP-5253,BRANCH
TXN100905,CUS10027,2026-07-09 17:51:00,21621.83,SEPA_OUT,IE,CP-4436,API
TXN102895,CUS10082,2026-07-09 18:07:00,80000.0,SEPA_IN,IE,CP-7501,MOBILE
TXN105647,CUS10155,2026-07-09 18:17:00,29218.72,WIRE_OUT,FR,CP-5638,API
TXN100588,CUS10017,2026-07-09 18:34:00,161922.41,CASH_DEPOSIT,ES,CP-9151,BRANCH
TXN104145,CUS10117,2026-07-09 18:52:00,10158.03,WIRE_OUT,JP,CP-1266,BRANCH
TXN106024,CUS10167,2026-07-09 18:59:00,16156.87,SEPA_OUT,ES,CP-3810,API
TXN103689,CUS10106,2026-07-10 08:08:00,36904.37,SEPA_OUT,VN,CP-4940,API
TXN100082,CUS10003,2026-07-10 08:10:00,13591.32,SEPA_OUT,IT,CP-8609,BRANCH
TXN100137,CUS10004,2026-07-10 08:27:00,32202.76,WIRE_IN,KE,CP-9866,ONLINE
TXN103273,CUS10093,2026-07-10 08:30:00,14837.71,WIRE_OUT,ES,CP-6963,ONLINE
TXN106354,CUS10175,2026-07-10 08:36:00,790.9,SEPA_IN,GB,CP-3171,API
TXN101361,CUS10041,2026-07-10 08:36:00,13246.01,WIRE_OUT,SG,CP-3988,MOBILE
TXN105743,CUS10157,2026-07-10 08:42:00,1289.92,SEPA_OUT,NG,CP-6281,API
TXN105793,CUS10158,2026-07-10 08:46:00,46585.98,WIRE_OUT,AT,CP-5112,MOBILE
TXN104569,CUS10129,2026-07-10 08:53:00,2107.05,WIRE_OUT,AU,CP-3749,MOBILE
TXN104063,CUS10114,2026-07-10 08:55:00,26879.69,WIRE_OUT,NL,CP-5006,API
TXN105755,CUS10158,2026-07-10 09:29:00,18099.5,SEPA_OUT,AT,CP-5448,API
TXN104906,CUS10137,2026-07-10 09:33:00,14003.8,SEPA_OUT,AU,CP-1362,API
TXN100759,CUS10022,2026-07-10 09:36:00,7296.28,SEPA_OUT,BE,CP-1307,MOBILE
TXN104202,CUS10119,2026-07-10 09:38:00,37879.76,CASH_DEPOSIT,FI,CP-9222,MOBILE
TXN102446,CUS10071,2026-07-10 09:42:00,5272.45,CASH_DEPOSIT,US,CP-6486,ONLINE
TXN104550,CUS10129,2026-07-10 09:58:00,6350.38,CASH_WITHDRAWAL,AU,CP-3498,MOBILE
TXN101928,CUS10057,2026-07-10 10:20:00,20106.26,WIRE_OUT,TR,CP-9819,BRANCH
TXN103884,CUS10111,2026-07-10 10:36:00,19792.28,SEPA_OUT,SE,CP-7082,ONLINE
TXN100246,CUS10007,2026-07-10 10:37:00,56990.94,CASH_WITHDRAWAL,AT,CP-8291,ONLINE
TXN102278,CUS10067,2026-07-10 10:55:00,142010.16,WIRE_IN,NL,CP-4924,ONLINE
TXN101080,CUS10031,2026-07-10 11:12:00,31524.96,SEPA_IN,FI,CP-2029,ONLINE
TXN100248,CUS10007,2026-07-10 11:24:00,342137.27,WIRE_IN,AT,CP-2690,API
TXN105433,CUS10149,2026-07-10 11:34:00,1580.67,SEPA_IN,NG,CP-6872,ONLINE
TXN100792,CUS10024,2026-07-10 11:46:00,2588.9,CASH_DEPOSIT,CA,CP-6340,MOBILE
TXN105958,CUS10164,2026-07-10 11:49:00,29171.18,WIRE_IN,GB,CP-4480,MOBILE
TXN104062,CUS10114,2026-07-10 11:53:00,9735.95,WIRE_OUT,IT,CP-8313,BRANCH
TXN105925,CUS10163,2026-07-10 11:58:00,10464.32,SEPA_OUT,DE,CP-6623,API
TXN104504,CUS10128,2026-07-10 12:12:00,35108.64,CASH_WITHDRAWAL,BE,CP-7921,ONLINE
TXN105146,CUS10143,2026-07-10 12:37:00,37723.11,WIRE_IN,FR,CP-1041,MOBILE
TXN100755,CUS10022,2026-07-10 12:49:00,34227.25,SEPA_OUT,BE,CP-6450,ONLINE
TXN103769,CUS10108,2026-07-10 12:58:00,13386.11,WIRE_IN,IE,CP-7561,ONLINE
TXN104940,CUS10138,2026-07-10 12:59:00,33326.88,SEPA_IN,ZA,CP-7255,ONLINE
TXN102720,CUS10078,2026-07-10 13:01:00,19894.48,SEPA_OUT,FR,CP-8091,MOBILE
TXN104502,CUS10128,2026-07-10 13:02:00,11737.99,WIRE_IN,BE,CP-6151,MOBILE
TXN103544,CUS10101,2026-07-10 13:12:00,250647.05,WIRE_IN,AE,CP-8228,BRANCH
TXN100192,CUS10005,2026-07-10 13:16:00,2472.54,CASH_WITHDRAWAL,VN,CP-9123,BRANCH
TXN103717,CUS10107,2026-07-10 13:16:00,528045.06,CASH_WITHDRAWAL,GB,CP-4214,ONLINE
TXN106235,CUS10172,2026-07-10 13:31:00,4524.31,CASH_WITHDRAWAL,ES,CP-3218,ONLINE
TXN100005,CUS10000,2026-07-10 13:36:00,69098.92,SEPA_OUT,AT,CP-7843,API
TXN102998,CUS10084,2026-07-10 13:42:00,2721.85,CASH_DEPOSIT,JP,CP-1443,API
TXN100313,CUS10009,2026-07-10 13:45:00,39939.35,CASH_DEPOSIT,JP,CP-2655,API
TXN104194,CUS10119,2026-07-10 13:48:00,12345.66,WIRE_OUT,FI,CP-4407,ONLINE
TXN101282,CUS10036,2026-07-10 13:53:00,73419.41,SEPA_IN,HR,CP-1834,MOBILE
TXN101897,CUS10055,2026-07-10 13:56:00,29939.58,WIRE_IN,YE,CP-7250,API
TXN103775,CUS10108,2026-07-10 14:03:00,30380.11,CASH_DEPOSIT,IE,CP-2575,MOBILE
TXN101782,CUS10052,2026-07-10 14:16:00,6251.23,WIRE_IN,FI,CP-9751,ONLINE
TXN104108,CUS10115,2026-07-10 14:31:00,3549.6,CASH_WITHDRAWAL,US,CP-3813,ONLINE
TXN100093,CUS10003,2026-07-10 14:32:00,3205.88,CASH_DEPOSIT,IT,CP-5582,ONLINE
TXN102753,CUS10079,2026-07-10 14:37:00,18465.13,WIRE_IN,JP,CP-1075,MOBILE
TXN101554,CUS10046,2026-07-10 14:38:00,34761.77,WIRE_IN,TR,CP-8844,BRANCH
TXN106462,CUS10179,2026-07-10 14:40:00,1820.9,CASH_DEPOSIT,SG,CP-6674,API
TXN104851,CUS10136,2026-07-10 14:41:00,320188.29,WIRE_IN,PL,CP-4030,ONLINE
TXN100004,CUS10000,2026-07-10 14:55:00,69098.01,SEPA_OUT,AT,CP-1307,MOBILE
TXN102748,CUS10078,2026-07-10 14:59:00,5675.59,SEPA_IN,IT,CP-1102,MOBILE
TXN101467,CUS10043,2026-07-10 15:03:00,114272.49,CASH_WITHDRAWAL,BE,CP-4541,MOBILE
TXN102294,CUS10068,2026-07-10 15:19:00,21441.88,SEPA_OUT,AU,CP-1372,ONLINE
TXN103489,CUS10099,2026-07-10 15:22:00,580.36,SEPA_OUT,BE,CP-2411,BRANCH
TXN104331,CUS10122,2026-07-10 15:22:00,8277.99,WIRE_IN,CH,CP-1644,ONLINE
TXN102734,CUS10078,2026-07-10 15:23:00,20425.11,SEPA_IN,IT,CP-2929,MOBILE
TXN100795,CUS10024,2026-07-10 15:37:00,4837.95,SEPA_OUT,CA,CP-3374,BRANCH
TXN100201,CUS10005,2026-07-10 15:38:00,3262.84,SEPA_OUT,FI,CP-9755,MOBILE
TXN104110,CUS10115,2026-07-10 15:39:00,10422.22,SEPA_IN,US,CP-1600,ONLINE
TXN103103,CUS10088,2026-07-10 15:47:00,49059.94,CASH_WITHDRAWAL,CH,CP-9827,ONLINE
TXN106331,CUS10175,2026-07-10 15:52:00,1405.76,CASH_DEPOSIT,GB,CP-9209,ONLINE
TXN105763,CUS10158,2026-07-10 15:55:00,13542.7,WIRE_IN,PH,CP-3112,BRANCH
TXN102785,CUS10079,2026-07-10 16:19:00,15721.31,WIRE_IN,JP,CP-4627,API
TXN102478,CUS10072,2026-07-10 16:41:00,14279.38,WIRE_IN,IT,CP-3273,API
TXN100132,CUS10003,2026-07-10 17:07:00,1781.18,CASH_DEPOSIT,IT,CP-9281,BRANCH
TXN100063,CUS10002,2026-07-10 17:08:00,3200.47,SEPA_OUT,FI,CP-6150,API
TXN103032,CUS10085,2026-07-10 17:08:00,59889.93,SEPA_OUT,PH,CP-7713,ONLINE
TXN101677,CUS10049,2026-07-10 17:09:00,14071.75,WIRE_OUT,AT,CP-5587,BRANCH
TXN106124,CUS10169,2026-07-10 17:12:00,7086.82,CASH_DEPOSIT,SE,CP-5103,API
TXN102730,CUS10078,2026-07-10 17:29:00,11154.2,CASH_WITHDRAWAL,DE,CP-4878,BRANCH
TXN105753,CUS10157,2026-07-10 17:38:00,1408.24,WIRE_IN,NG,CP-3928,API
TXN102988,CUS10084,2026-07-10 17:49:00,843.5,CASH_WITHDRAWAL,ES,CP-8343,MOBILE
TXN103170,CUS10090,2026-07-10 18:24:00,3910.51,WIRE_OUT,JP,CP-2965,ONLINE
TXN101591,CUS10047,2026-07-10 18:27:00,201.27,WIRE_IN,BE,CP-6350,API
TXN104748,CUS10134,2026-07-10 18:33:00,4160.58,SEPA_IN,FR,CP-7343,MOBILE
TXN105618,CUS10154,2026-07-10 18:44:00,5693.98,CASH_WITHDRAWAL,MM,CP-1665,MOBILE
TXN100236,CUS10006,2026-07-10 18:50:00,412.24,SEPA_OUT,LU,CP-9447,API
TXN100906,CUS10027,2026-07-10 18:52:00,7019.34,SEPA_IN,IE,CP-8092,API
TXN105102,CUS10142,2026-07-10 18:53:00,101647.28,SEPA_OUT,TR,CP-6896,BRANCH
TXN102242,CUS10065,2026-07-11 08:09:00,405046.18,SEPA_OUT,JP,CP-2512,BRANCH
TXN104763,CUS10135,2026-07-11 08:43:00,5665.97,SEPA_OUT,SG,CP-6971,MOBILE
TXN102594,CUS10075,2026-07-11 08:52:00,41070.86,CASH_DEPOSIT,CA,CP-5514,MOBILE
TXN104873,CUS10137,2026-07-11 08:54:00,25099.52,CASH_WITHDRAWAL,AU,CP-9976,ONLINE
TXN101651,CUS10049,2026-07-11 09:04:00,5407.32,CASH_WITHDRAWAL,AT,CP-7805,ONLINE
TXN105252,CUS10146,2026-07-11 09:06:00,1434.14,WIRE_OUT,GB,CP-3837,ONLINE
TXN101978,CUS10058,2026-07-11 09:15:00,4490.49,SEPA_IN,GB,CP-8177,BRANCH
TXN105665,CUS10156,2026-07-11 09:26:00,26412.72,WIRE_OUT,IT,CP-1550,MOBILE
TXN103204,CUS10091,2026-07-11 09:33:00,38900.05,WIRE_IN,US,CP-7051,API
TXN100621,CUS10018,2026-07-11 09:47:00,121513.25,CASH_DEPOSIT,IT,CP-3419,API
TXN100571,CUS10016,2026-07-11 10:03:00,31861.98,SEPA_OUT,NL,CP-2169,MOBILE
TXN101397,CUS10042,2026-07-11 10:04:00,1915.21,WIRE_IN,YE,CP-5887,MOBILE
TXN100035,CUS10000,2026-07-11 10:17:00,31380.09,CASH_DEPOSIT,AT,CP-3414,MOBILE
TXN106467,CUS10179,2026-07-11 10:21:00,1415.64,SEPA_OUT,SG,CP-3244,API
TXN104737,CUS10134,2026-07-11 10:26:00,8563.17,WIRE_IN,FI,CP-5769,API
TXN105540,CUS10152,2026-07-11 10:35:00,321886.75,CASH_DEPOSIT,HR,CP-2301,ONLINE
TXN104640,CUS10132,2026-07-11 10:40:00,159817.62,CASH_WITHDRAWAL,FR,CP-7992,API
TXN102964,CUS10083,2026-07-11 10:58:00,110848.89,CASH_DEPOSIT,NL,CP-5232,MOBILE
TXN106302,CUS10173,2026-07-11 11:30:00,89725.45,WIRE_OUT,CH,CP-1041,MOBILE
TXN102560,CUS10074,2026-07-11 11:43:00,9257.53,WIRE_IN,CA,CP-2886,BRANCH
TXN103497,CUS10099,2026-07-11 12:22:00,2004.71,SEPA_IN,BE,CP-1606,ONLINE
TXN101007,CUS10029,2026-07-11 12:23:00,3462.9,SEPA_OUT,NL,CP-6908,BRANCH
TXN104789,CUS10135,2026-07-11 12:27:00,3636.09,WIRE_OUT,SG,CP-9176,API
TXN101118,CUS10032,2026-07-11 12:28:00,4893.93,WIRE_OUT,AT,CP-1674,MOBILE
TXN104193,CUS10119,2026-07-11 12:38:00,11962.0,WIRE_OUT,FI,CP-5883,ONLINE
TXN105106,CUS10142,2026-07-11 12:59:00,36556.93,WIRE_OUT,PL,CP-7257,API
TXN105497,CUS10151,2026-07-11 12:59:00,4947.7,SEPA_OUT,NL,CP-7088,ONLINE
TXN104222,CUS10120,2026-07-11 13:13:00,41481.74,CASH_DEPOSIT,BG,CP-9814,API
TXN104473,CUS10127,2026-07-11 13:15:00,32198.84,WIRE_OUT,DE,CP-3722,MOBILE
TXN105165,CUS10143,2026-07-11 13:22:00,90794.55,CASH_WITHDRAWAL,NG,CP-4909,API
TXN102768,CUS10079,2026-07-11 13:25:00,13782.65,CASH_DEPOSIT,JP,CP-3994,ONLINE
TXN104903,CUS10137,2026-07-11 13:28:00,15455.11,WIRE_IN,AU,CP-6105,BRANCH
TXN100874,CUS10026,2026-07-11 13:31:00,8115.39,SEPA_IN,FR,CP-8486,API
TXN102848,CUS10080,2026-07-11 13:54:00,51241.43,SEPA_OUT,FI,CP-7646,ONLINE
TXN102519,CUS10073,2026-07-11 14:21:00,42170.61,WIRE_IN,SG,CP-1645,ONLINE
TXN105311,CUS10147,2026-07-11 14:21:00,55898.28,WIRE_IN,VN,CP-8247,API
TXN100056,CUS10002,2026-07-11 14:38:00,4258.38,CASH_DEPOSIT,IT,CP-5813,API
TXN100863,CUS10025,2026-07-11 14:44:00,8764.17,WIRE_IN,NL,CP-1308,MOBILE
TXN104669,CUS10133,2026-07-11 15:17:00,2143.46,WIRE_IN,SG,CP-4898,ONLINE
TXN100972,CUS10028,2026-07-11 15:19:00,40815.79,WIRE_OUT,MC,CP-5921,BRANCH
TXN106421,CUS10177,2026-07-11 15:21:00,21590.42,WIRE_OUT,CA,CP-9126,MOBILE
TXN103229,CUS10092,2026-07-11 15:26:00,20193.05,WIRE_OUT,KP,CP-6207,ONLINE
TXN100412,CUS10012,2026-07-11 15:28:00,2442.38,WIRE_IN,AU,CP-9166,MOBILE
TXN105363,CUS10148,2026-07-11 15:41:00,9919.59,SEPA_OUT,JP,CP-6499,ONLINE
TXN104044,CUS10114,2026-07-11 16:54:00,43925.81,CASH_WITHDRAWAL,IT,CP-5901,BRANCH
TXN100263,CUS10007,2026-07-11 16:58:00,36720.62,WIRE_OUT,AT,CP-9788,API
TXN100224,CUS10006,2026-07-11 17:01:00,1428.21,SEPA_IN,AT,CP-1535,API
TXN103849,CUS10110,2026-07-11 17:03:00,26478.34,CASH_WITHDRAWAL,AU,CP-1355,BRANCH
TXN102945,CUS10083,2026-07-11 17:39:00,16635.66,WIRE_IN,NL,CP-5277,API
TXN105101,CUS10142,2026-07-11 18:08:00,124486.42,SEPA_OUT,PL,CP-6134,BRANCH
TXN104541,CUS10129,2026-07-11 18:23:00,9876.17,CASH_WITHDRAWAL,AU,CP-1712,API
TXN101387,CUS10041,2026-07-11 18:26:00,29063.19,SEPA_IN,IT,CP-1699,ONLINE
TXN104257,CUS10120,2026-07-11 18:32:00,130229.48,CASH_DEPOSIT,IE,CP-6414,MOBILE
TXN103816,CUS10109,2026-07-11 18:32:00,6135.0,CASH_DEPOSIT,CH,CP-4658,ONLINE
TXN105784,CUS10158,2026-07-11 18:35:00,37309.04,SEPA_IN,AT,CP-3943,API
TXN105284,CUS10146,2026-07-11 18:36:00,7606.47,CASH_DEPOSIT,GB,CP-6695,ONLINE
TXN102039,CUS10059,2026-07-11 18:48:00,20238.52,WIRE_IN,AU,CP-2445,API
TXN104392,CUS10125,2026-07-11 18:48:00,5401.02,WIRE_OUT,IE,CP-1730,BRANCH
TXN102475,CUS10072,2026-07-11 18:53:00,74213.9,WIRE_OUT,ES,CP-6722,API
TXN102884,CUS10081,2026-07-12 08:35:00,462.6,CASH_DEPOSIT,FR,CP-4070,MOBILE
TXN105001,CUS10140,2026-07-12 08:42:00,5798.11,SEPA_OUT,GB,CP-4342,MOBILE
TXN102511,CUS10073,2026-07-12 08:49:00,129109.45,SEPA_OUT,SG,CP-7273,ONLINE
TXN100252,CUS10007,2026-07-12 09:08:00,455125.67,CASH_WITHDRAWAL,IE,CP-7291,API
TXN106465,CUS10179,2026-07-12 09:09:00,3979.91,WIRE_IN,KE,CP-8542,API
TXN103169,CUS10090,2026-07-12 09:13:00,5974.44,SEPA_OUT,JP,CP-1675,MOBILE
TXN106425,CUS10178,2026-07-12 09:16:00,31321.53,SEPA_IN,BG,CP-2900,BRANCH
TXN103706,CUS10107,2026-07-12 09:16:00,54772.87,CASH_DEPOSIT,GB,CP-8503,MOBILE
TXN100510,CUS10015,2026-07-12 09:16:00,51731.5,WIRE_IN,PL,CP-1618,MOBILE
TXN106504,CUS10179,2026-07-12 09:36:00,4885.49,CASH_WITHDRAWAL,LU,CP-8057,ONLINE
TXN100656,CUS10019,2026-07-12 09:45:00,42133.57,SEPA_IN,BE,CP-2397,MOBILE
TXN101919,CUS10056,2026-07-12 09:45:00,14280.31,CASH_WITHDRAWAL,BG,CP-7629,API
TXN103223,CUS10092,2026-07-12 10:01:00,36332.64,SEPA_IN,KP,CP-9722,API
TXN100982,CUS10029,2026-07-12 10:08:00,961.16,WIRE_IN,NL,CP-1260,BRANCH
TXN104815,CUS10136,2026-07-12 10:13:00,34175.18,WIRE_IN,PL,CP-4407,MOBILE
TXN106230,CUS10172,2026-07-12 10:44:00,2629.86,CASH_DEPOSIT,ES,CP-7294,ONLINE
TXN104856,CUS10136,2026-07-12 10:47:00,83621.34,SEPA_IN,HR,CP-1157,BRANCH
TXN104383,CUS10124,2026-07-12 10:58:00,9762.97,WIRE_OUT,SG,CP-2421,API
TXN101726,CUS10050,2026-07-12 11:09:00,54275.77,SEPA_IN,NG,CP-1081,MOBILE
TXN106317,CUS10174,2026-07-12 11:41:00,54581.29,CASH_WITHDRAWAL,FI,CP-5513,MOBILE
TXN101460,CUS10043,2026-07-12 11:46:00,74595.77,CASH_DEPOSIT,CA,CP-1080,ONLINE
TXN105081,CUS10141,2026-07-12 11:46:00,46453.0,SEPA_IN,SE,CP-7086,MOBILE
TXN103168,CUS10090,2026-07-12 11:48:00,7713.44,SEPA_OUT,PA,CP-3812,BRANCH
TXN103964,CUS10112,2026-07-12 11:49:00,25613.52,WIRE_OUT,LU,CP-9745,ONLINE
TXN100036,CUS10000,2026-07-12 11:52:00,98488.47,SEPA_IN,AT,CP-1436,MOBILE
TXN103252,CUS10092,2026-07-12 12:02:00,34725.78,SEPA_IN,ES,CP-8779,ONLINE
TXN102714,CUS10078,2026-07-12 12:03:00,5591.43,CASH_DEPOSIT,AT,CP-5740,API
TXN102840,CUS10080,2026-07-12 12:09:00,105567.25,SEPA_OUT,FI,CP-3251,API
TXN102558,CUS10074,2026-07-12 12:12:00,27080.43,CASH_WITHDRAWAL,CA,CP-9378,BRANCH
TXN105944,CUS10163,2026-07-12 12:24:00,30903.25,SEPA_IN,DE,CP-8648,ONLINE
TXN100836,CUS10024,2026-07-12 13:03:00,7202.08,WIRE_OUT,CA,CP-9625,BRANCH
TXN101351,CUS10040,2026-07-12 13:08:00,1971.27,SEPA_OUT,VN,CP-6777,API
TXN102281,CUS10067,2026-07-12 13:11:00,48462.82,WIRE_OUT,NL,CP-9934,API
TXN100445,CUS10013,2026-07-12 13:14:00,7119.62,SEPA_IN,AE,CP-6424,API
TXN102076,CUS10060,2026-07-12 13:22:00,13638.28,SEPA_OUT,GB,CP-6629,ONLINE
TXN105379,CUS10148,2026-07-12 13:45:00,13341.1,WIRE_OUT,JP,CP-5908,MOBILE
TXN101223,CUS10035,2026-07-12 13:55:00,58017.27,CASH_DEPOSIT,NG,CP-2059,API
TXN104677,CUS10133,2026-07-12 14:00:00,5046.2,SEPA_IN,SG,CP-9693,MOBILE
TXN102616,CUS10075,2026-07-12 14:03:00,11579.26,CASH_WITHDRAWAL,AE,CP-1449,API
TXN101399,CUS10042,2026-07-12 14:21:00,2463.54,WIRE_OUT,GB,CP-4253,API
TXN100174,CUS10004,2026-07-12 14:24:00,51990.14,SEPA_OUT,KE,CP-1919,ONLINE
TXN100124,CUS10003,2026-07-12 14:42:00,6663.21,WIRE_OUT,IT,CP-8822,API
TXN100007,CUS10000,2026-07-12 14:54:00,153975.95,SEPA_OUT,AT,CP-7560,ONLINE
TXN100800,CUS10024,2026-07-12 14:54:00,4413.18,WIRE_OUT,CA,CP-8757,MOBILE
TXN101332,CUS10039,2026-07-12 15:11:00,1756.31,WIRE_OUT,MC,CP-4094,MOBILE
TXN102161,CUS10063,2026-07-12 15:21:00,5074.97,CASH_DEPOSIT,VN,CP-2031,API
TXN105532,CUS10152,2026-07-12 15:37:00,238711.39,SEPA_OUT,IE,CP-5301,API
TXN100497,CUS10014,2026-07-12 15:42:00,71562.96,CASH_DEPOSIT,NL,CP-9835,ONLINE
TXN103496,CUS10099,2026-07-12 15:44:00,4000.3,CASH_WITHDRAWAL,BE,CP-3727,API
TXN103384,CUS10096,2026-07-12 15:52:00,201858.91,WIRE_OUT,HR,CP-4652,ONLINE
TXN105015,CUS10140,2026-07-12 16:12:00,5533.68,SEPA_IN,GB,CP-8362,MOBILE
TXN105821,CUS10159,2026-07-12 16:18:00,103308.9,WIRE_OUT,FI,CP-3240,MOBILE
TXN101366,CUS10041,2026-07-12 16:24:00,8153.28,CASH_WITHDRAWAL,BE,CP-4471,MOBILE
TXN105496,CUS10151,2026-07-12 16:27:00,7518.95,WIRE_OUT,GB,CP-3226,BRANCH
TXN100278,CUS10008,2026-07-12 16:29:00,88119.19,WIRE_OUT,ES,CP-5777,API
TXN105844,CUS10160,2026-07-12 16:41:00,14836.07,SEPA_OUT,KP,CP-8043,ONLINE
TXN101712,CUS10050,2026-07-12 16:49:00,14653.99,WIRE_OUT,NG,CP-8662,API
TXN104510,CUS10128,2026-07-12 16:52:00,16120.74,SEPA_OUT,BE,CP-1749,API
TXN100752,CUS10022,2026-07-12 17:08:00,1908.69,CASH_WITHDRAWAL,BE,CP-4027,ONLINE
TXN103761,CUS10108,2026-07-12 17:26:00,20649.28,CASH_WITHDRAWAL,IE,CP-1419,MOBILE
TXN105016,CUS10140,2026-07-12 17:33:00,1547.23,CASH_DEPOSIT,FI,CP-4873,MOBILE
TXN101039,CUS10030,2026-07-12 17:42:00,9629.15,SEPA_OUT,BE,CP-4814,MOBILE
TXN102195,CUS10063,2026-07-12 17:44:00,2453.54,SEPA_IN,VN,CP-2298,API
TXN104106,CUS10115,2026-07-12 17:53:00,3292.75,CASH_WITHDRAWAL,DK,CP-1877,MOBILE
TXN104281,CUS10121,2026-07-12 18:04:00,1243.1,SEPA_IN,AE,CP-9627,MOBILE
TXN103975,CUS10113,2026-07-12 18:25:00,4856.79,CASH_WITHDRAWAL,NG,CP-3645,MOBILE
TXN106433,CUS10178,2026-07-12 18:33:00,7134.76,CASH_WITHDRAWAL,BG,CP-2439,MOBILE
TXN100117,CUS10003,2026-07-12 18:36:00,1635.87,CASH_WITHDRAWAL,IT,CP-1611,BRANCH
TXN100782,CUS10023,2026-07-12 18:37:00,5647.85,CASH_WITHDRAWAL,SG,CP-8798,BRANCH
TXN106345,CUS10175,2026-07-12 18:43:00,4426.7,WIRE_IN,NG,CP-4591,MOBILE
TXN104881,CUS10137,2026-07-12 18:54:00,62532.46,WIRE_IN,AU,CP-6168,MOBILE
TXN103488,CUS10099,2026-07-13 08:03:00,994.33,SEPA_OUT,BE,CP-4218,BRANCH
TXN100332,CUS10009,2026-07-13 08:13:00,22135.84,SEPA_IN,FI,CP-2342,MOBILE
TXN106308,CUS10174,2026-07-13 08:20:00,78892.92,CASH_WITHDRAWAL,PH,CP-8240,MOBILE
TXN101866,CUS10054,2026-07-13 08:22:00,9517.7,SEPA_OUT,LU,CP-2086,ONLINE
TXN100605,CUS10017,2026-07-13 08:29:00,374011.03,WIRE_OUT,KE,CP-5341,API
TXN104490,CUS10128,2026-07-13 08:31:00,57170.51,SEPA_IN,BE,CP-6840,API
TXN103210,CUS10091,2026-07-13 08:35:00,214786.3,CASH_WITHDRAWAL,CH,CP-1262,BRANCH
TXN103714,CUS10107,2026-07-13 08:39:00,187346.26,CASH_WITHDRAWAL,GB,CP-9593,API
TXN102132,CUS10062,2026-07-13 08:43:00,142756.11,CASH_WITHDRAWAL,IT,CP-1462,MOBILE
TXN104778,CUS10135,2026-07-13 09:05:00,1734.81,WIRE_IN,SG,CP-9488,API
TXN102771,CUS10079,2026-07-13 09:06:00,11464.92,CASH_DEPOSIT,JP,CP-7355,ONLINE
TXN104020,CUS10113,2026-07-13 09:09:00,23642.97,SEPA_IN,CH,CP-1478,API
TXN101489,CUS10044,2026-07-13 09:19:00,22881.55,SEPA_OUT,US,CP-9039,API
TXN104937,CUS10138,2026-07-13 09:21:00,55731.56,WIRE_OUT,ZA,CP-2060,MOBILE
TXN103514,CUS10100,2026-07-13 09:21:00,2949.94,CASH_DEPOSIT,SE,CP-6546,ONLINE
TXN103098,CUS10087,2026-07-13 09:34:00,75131.12,CASH_WITHDRAWAL,NG,CP-9553,API
TXN101200,CUS10034,2026-07-13 09:49:00,2302.85,CASH_DEPOSIT,SE,CP-7829,API
TXN100866,CUS10025,2026-07-13 09:58:00,2618.66,CASH_DEPOSIT,IE,CP-4277,BRANCH
TXN102976,CUS10084,2026-07-13 10:05:00,5725.53,WIRE_IN,JP,CP-2953,MOBILE
TXN103586,CUS10103,2026-07-13 10:06:00,11941.24,CASH_DEPOSIT,PL,CP-9743,ONLINE
TXN103603,CUS10103,2026-07-13 10:16:00,20844.72,SEPA_IN,PL,CP-1093,ONLINE
TXN101237,CUS10036,2026-07-13 10:20:00,26757.93,WIRE_IN,IE,CP-5981,MOBILE
TXN101483,CUS10044,2026-07-13 10:32:00,6053.0,SEPA_OUT,PL,CP-6002,BRANCH
TXN102219,CUS10064,2026-07-13 10:47:00,17097.52,SEPA_IN,SE,CP-1981,ONLINE
TXN100451,CUS10013,2026-07-13 10:49:00,8946.21,WIRE_IN,JP,CP-2072,BRANCH
TXN100398,CUS10012,2026-07-13 10:55:00,7603.67,SEPA_IN,TR,CP-6901,API
TXN105656,CUS10155,2026-07-13 10:58:00,18699.25,SEPA_OUT,CA,CP-2732,API
TXN102999,CUS10084,2026-07-13 11:13:00,1839.99,WIRE_OUT,JP,CP-9819,ONLINE
TXN102574,CUS10074,2026-07-13 11:29:00,169556.93,SEPA_IN,CA,CP-4125,MOBILE
TXN105031,CUS10140,2026-07-13 11:32:00,22731.1,CASH_WITHDRAWAL,GB,CP-1005,ONLINE
TXN104065,CUS10114,2026-07-13 11:34:00,12556.65,WIRE_OUT,IT,CP-6925,BRANCH
TXN100305,CUS10009,2026-07-13 11:42:00,22883.5,CASH_DEPOSIT,FI,CP-1916,BRANCH
TXN100794,CUS10024,2026-07-13 11:47:00,877.33,WIRE_OUT,CA,CP-7152,BRANCH
TXN103776,CUS10109,2026-07-13 11:58:00,1925.81,WIRE_IN,CH,CP-2308,API
TXN103179,CUS10090,2026-07-13 11:59:00,12588.28,SEPA_OUT,JP,CP-2292,MOBILE
TXN102650,CUS10076,2026-07-13 12:05:00,2015.59,SEPA_OUT,JP,CP-9470,ONLINE
TXN106196,CUS10170,2026-07-13 12:11:00,13263.77,SEPA_OUT,FI,CP-7819,ONLINE
TXN103316,CUS10094,2026-07-13 12:11:00,7981.61,SEPA_IN,IE,CP-9117,ONLINE
TXN106179,CUS10170,2026-07-13 12:33:00,84021.51,WIRE_IN,FI,CP-4723,MOBILE
TXN104307,CUS10121,2026-07-13 12:38:00,7483.35,WIRE_OUT,US,CP-2643,MOBILE
TXN100397,CUS10011,2026-07-13 12:41:00,61537.83,SEPA_IN,IE,CP-5327,MOBILE
TXN105595,CUS10153,2026-07-13 12:50:00,5167.23,SEPA_OUT,BE,CP-1514,ONLINE
TXN104982,CUS10139,2026-07-13 13:31:00,5241.12,CASH_DEPOSIT,ES,CP-4644,MOBILE
TXN103749,CUS10108,2026-07-13 13:55:00,6406.09,CASH_DEPOSIT,IE,CP-2364,ONLINE
TXN103362,CUS10096,2026-07-13 13:55:00,19840.69,WIRE_IN,HR,CP-3718,API
TXN103499,CUS10099,2026-07-13 13:57:00,1566.17,SEPA_IN,CH,CP-7429,API
TXN106056,CUS10168,2026-07-13 14:12:00,8845.17,CASH_DEPOSIT,NL,CP-2138,MOBILE
TXN105010,CUS10140,2026-07-13 14:18:00,29931.79,CASH_WITHDRAWAL,PH,CP-6992,ONLINE
TXN103127,CUS10089,2026-07-13 14:18:00,11962.28,CASH_WITHDRAWAL,AT,CP-1697,BRANCH
TXN102330,CUS10069,2026-07-13 14:30:00,6586.95,WIRE_OUT,IT,CP-6320,ONLINE
TXN104320,CUS10121,2026-07-13 14:34:00,4100.95,CASH_WITHDRAWAL,AE,CP-7129,MOBILE
TXN105147,CUS10143,2026-07-13 14:49:00,35184.09,SEPA_IN,KE,CP-8541,ONLINE
TXN106000,CUS10165,2026-07-13 14:53:00,17089.02,CASH_WITHDRAWAL,IE,CP-8154,BRANCH
TXN103292,CUS10094,2026-07-13 15:20:00,23146.32,WIRE_OUT,IE,CP-9684,ONLINE
TXN101431,CUS10043,2026-07-13 15:50:00,160042.34,WIRE_IN,BE,CP-8971,ONLINE
TXN105034,CUS10140,2026-07-13 16:05:00,14773.73,WIRE_IN,FI,CP-7304,ONLINE
TXN101944,CUS10058,2026-07-13 16:16:00,13701.72,CASH_DEPOSIT,GB,CP-1997,ONLINE
TXN100745,CUS10022,2026-07-13 16:40:00,2331.52,SEPA_OUT,BE,CP-5466,API
TXN101929,CUS10057,2026-07-13 16:45:00,39922.56,SEPA_IN,LU,CP-2717,BRANCH
TXN104358,CUS10123,2026-07-13 16:49:00,6687.7,SEPA_OUT,ZA,CP-2315,API
TXN102617,CUS10075,2026-07-13 16:51:00,22245.74,SEPA_IN,AT,CP-9404,MOBILE
TXN104227,CUS10120,2026-07-13 17:14:00,58292.06,CASH_DEPOSIT,PL,CP-2502,ONLINE
TXN101169,CUS10033,2026-07-13 17:20:00,41234.97,SEPA_OUT,TR,CP-3177,API
TXN105437,CUS10149,2026-07-13 17:26:00,5371.78,CASH_WITHDRAWAL,CA,CP-6806,ONLINE
TXN102395,CUS10070,2026-07-13 17:29:00,6532.82,CASH_WITHDRAWAL,DK,CP-3027,ONLINE
TXN104979,CUS10139,2026-07-13 17:33:00,705.24,CASH_WITHDRAWAL,PA,CP-7089,ONLINE
TXN103256,CUS10092,2026-07-13 17:41:00,10295.42,CASH_WITHDRAWAL,KP,CP-8645,API
TXN100869,CUS10025,2026-07-13 17:48:00,10403.4,WIRE_OUT,IE,CP-4138,API
TXN101162,CUS10033,2026-07-13 18:10:00,6854.44,WIRE_IN,PA,CP-7810,ONLINE
TXN106199,CUS10171,2026-07-13 18:44:00,31283.97,WIRE_IN,NG,CP-9376,ONLINE
TXN103241,CUS10092,2026-07-13 18:45:00,200000.0,WIRE_OUT,KP,CP-9957,ONLINE
TXN105906,CUS10162,2026-07-13 18:59:00,72380.85,WIRE_IN,PL,CP-8645,MOBILE
TXN103800,CUS10109,2026-07-14 08:00:00,2744.04,SEPA_OUT,KE,CP-7703,ONLINE
TXN100322,CUS10009,2026-07-14 08:03:00,10826.29,CASH_WITHDRAWAL,FI,CP-7875,BRANCH
TXN104577,CUS10129,2026-07-14 08:03:00,8938.83,SEPA_OUT,AU,CP-1064,ONLINE
TXN105033,CUS10140,2026-07-14 08:04:00,12820.06,SEPA_IN,GB,CP-6796,MOBILE
TXN100188,CUS10004,2026-07-14 08:05:00,21163.26,WIRE_IN,KE,CP-6315,MOBILE
TXN106482,CUS10179,2026-07-14 08:30:00,1025.46,SEPA_IN,SG,CP-1726,BRANCH
TXN104951,CUS10138,2026-07-14 08:53:00,56772.98,CASH_WITHDRAWAL,ZA,CP-8739,ONLINE
TXN101090,CUS10031,2026-07-14 09:00:00,39347.03,WIRE_IN,FI,CP-4172,BRANCH
TXN103663,CUS10105,2026-07-14 09:19:00,2674.79,SEPA_OUT,ES,CP-1842,ONLINE
TXN100057,CUS10002,2026-07-14 09:20:00,6507.1,SEPA_IN,FI,CP-8305,MOBILE
TXN100171,CUS10004,2026-07-14 09:33:00,21694.38,WIRE_OUT,KE,CP-9625,API
TXN106481,CUS10179,2026-07-14 09:42:00,411.41,WIRE_OUT,LU,CP-4399,ONLINE
TXN100528,CUS10015,2026-07-14 09:58:00,51289.16,CASH_WITHDRAWAL,PL,CP-9071,ONLINE
TXN104528,CUS10128,2026-07-14 10:16:00,39933.52,WIRE_OUT,BE,CP-7143,API
TXN104619,CUS10132,2026-07-14 10:24:00,76569.1,SEPA_OUT,AT,CP-5260,API
TXN102234,CUS10065,2026-07-14 10:35:00,31623.83,WIRE_OUT,JP,CP-5075,MOBILE
TXN102591,CUS10075,2026-07-14 10:37:00,14450.27,CASH_WITHDRAWAL,AT,CP-2772,API
TXN102586,CUS10074,2026-07-14 10:53:00,7251.12,SEPA_OUT,AU,CP-1044,ONLINE
TXN104041,CUS10114,2026-07-14 11:16:00,38446.09,SEPA_IN,IT,CP-7079,MOBILE
TXN100282,CUS10008,2026-07-14 11:33:00,296385.83,SEPA_OUT,SG,CP-1981,BRANCH
TXN105504,CUS10151,2026-07-14 11:47:00,5659.69,CASH_DEPOSIT,NL,CP-4340,ONLINE
TXN103739,CUS10108,2026-07-14 12:30:00,7085.97,WIRE_OUT,CA,CP-5083,MOBILE
TXN100553,CUS10016,2026-07-14 12:39:00,10214.42,CASH_WITHDRAWAL,NL,CP-7387,API
TXN104598,CUS10131,2026-07-14 12:42:00,11677.78,SEPA_IN,PA,CP-6908,MOBILE
TXN106343,CUS10175,2026-07-14 13:11:00,3651.19,SEPA_IN,GB,CP-6652,BRANCH
TXN104527,CUS10128,2026-07-14 13:18:00,76768.14,CASH_WITHDRAWAL,BE,CP-3518,ONLINE
TXN105103,CUS10142,2026-07-14 13:49:00,88707.36,SEPA_OUT,BE,CP-3103,ONLINE
TXN101459,CUS10043,2026-07-14 13:55:00,142792.67,SEPA_OUT,BE,CP-4708,BRANCH
TXN101229,CUS10035,2026-07-14 14:00:00,244232.31,SEPA_OUT,NG,CP-6176,BRANCH
TXN103763,CUS10108,2026-07-14 14:06:00,40252.75,CASH_DEPOSIT,IE,CP-1451,ONLINE
TXN103312,CUS10094,2026-07-14 14:10:00,44216.64,SEPA_IN,IE,CP-3582,API
TXN100666,CUS10020,2026-07-14 14:11:00,6795.64,SEPA_IN,DE,CP-3906,MOBILE
TXN106372,CUS10176,2026-07-14 14:25:00,10198.41,WIRE_IN,MC,CP-3580,BRANCH
TXN105236,CUS10145,2026-07-14 14:27:00,1361.89,CASH_WITHDRAWAL,CA,CP-6585,MOBILE
TXN105298,CUS10146,2026-07-14 14:35:00,3636.52,SEPA_IN,GB,CP-6556,BRANCH
TXN103277,CUS10093,2026-07-14 14:38:00,9278.51,WIRE_IN,LU,CP-6183,BRANCH
TXN102670,CUS10076,2026-07-14 14:40:00,2386.19,CASH_DEPOSIT,JP,CP-6685,BRANCH
TXN103437,CUS10098,2026-07-14 14:41:00,750.46,CASH_DEPOSIT,HR,CP-3325,ONLINE
TXN101665,CUS10049,2026-07-14 14:44:00,4091.13,WIRE_OUT,AT,CP-1223,BRANCH
TXN105574,CUS10153,2026-07-14 14:50:00,9512.57,CASH_WITHDRAWAL,MC,CP-7187,MOBILE
TXN103972,CUS10113,2026-07-14 14:51:00,5502.3,SEPA_OUT,CH,CP-2610,MOBILE
TXN102610,CUS10075,2026-07-14 14:58:00,35084.94,WIRE_IN,AT,CP-3432,BRANCH
TXN100393,CUS10011,2026-07-14 15:12:00,90172.21,SEPA_IN,IE,CP-9571,BRANCH
TXN105402,CUS10148,2026-07-14 15:19:00,31945.97,WIRE_IN,BE,CP-9291,API
TXN105681,CUS10156,2026-07-14 15:25:00,63395.39,SEPA_OUT,NL,CP-6881,API
TXN102796,CUS10079,2026-07-14 15:34:00,32952.15,CASH_DEPOSIT,JP,CP-2001,BRANCH
TXN102969,CUS10084,2026-07-14 15:41:00,2585.75,SEPA_OUT,JP,CP-6261,API
TXN101291,CUS10036,2026-07-14 15:42:00,306157.92,WIRE_OUT,IT,CP-6795,MOBILE
TXN103871,CUS10111,2026-07-14 15:42:00,23635.82,CASH_WITHDRAWAL,SE,CP-9141,MOBILE
TXN104788,CUS10135,2026-07-14 15:46:00,782.61,SEPA_IN,SG,CP-8773,BRANCH
TXN104183,CUS10118,2026-07-14 16:04:00,13047.91,WIRE_OUT,ES,CP-4214,BRANCH
TXN103217,CUS10091,2026-07-14 16:07:00,54778.08,WIRE_IN,CH,CP-3894,API
TXN105536,CUS10152,2026-07-14 16:14:00,35813.93,WIRE_OUT,HR,CP-5585,ONLINE
TXN104364,CUS10123,2026-07-14 16:15:00,2585.23,WIRE_OUT,JP,CP-7114,ONLINE
TXN102175,CUS10063,2026-07-14 16:34:00,22170.16,WIRE_IN,VN,CP-7934,BRANCH
TXN101338,CUS10039,2026-07-14 16:47:00,1527.19,CASH_WITHDRAWAL,ZA,CP-2392,BRANCH
TXN104542,CUS10129,2026-07-14 16:54:00,485.34,CASH_DEPOSIT,AU,CP-1196,API
TXN105842,CUS10160,2026-07-14 17:04:00,2523.02,SEPA_OUT,KP,CP-1790,BRANCH
TXN103004,CUS10084,2026-07-14 17:07:00,3251.81,SEPA_IN,JP,CP-9802,ONLINE
TXN106505,CUS10179,2026-07-14 17:21:00,1694.75,WIRE_OUT,SG,CP-1418,BRANCH
TXN104350,CUS10123,2026-07-14 17:31:00,817.21,CASH_DEPOSIT,FI,CP-3404,API
TXN105949,CUS10164,2026-07-14 17:33:00,12602.52,CASH_DEPOSIT,AU,CP-7192,MOBILE
TXN103132,CUS10089,2026-07-14 17:44:00,1043.06,SEPA_IN,AT,CP-4354,API
TXN100113,CUS10003,2026-07-14 17:47:00,29895.56,WIRE_OUT,IT,CP-1831,BRANCH
TXN104554,CUS10129,2026-07-14 17:51:00,1955.13,CASH_WITHDRAWAL,BE,CP-6166,MOBILE
TXN104941,CUS10138,2026-07-14 17:54:00,17673.25,WIRE_IN,ZA,CP-8495,API
TXN104230,CUS10120,2026-07-14 17:56:00,11857.92,SEPA_OUT,PL,CP-4967,ONLINE
TXN105439,CUS10149,2026-07-14 18:14:00,1985.64,SEPA_OUT,NG,CP-4758,MOBILE
TXN101817,CUS10053,2026-07-14 18:19:00,46876.94,CASH_DEPOSIT,ES,CP-3532,API
TXN102422,CUS10071,2026-07-14 18:23:00,3468.09,CASH_WITHDRAWAL,US,CP-1295,ONLINE
TXN101136,CUS10032,2026-07-14 18:35:00,10790.79,CASH_WITHDRAWAL,AT,CP-9005,ONLINE
TXN100598,CUS10017,2026-07-14 18:36:00,58405.73,SEPA_OUT,KE,CP-7997,ONLINE
TXN102862,CUS10081,2026-07-14 18:57:00,1725.1,CASH_DEPOSIT,AT,CP-2998,MOBILE
TXN104684,CUS10133,2026-07-14 18:58:00,908.75,SEPA_OUT,TR,CP-1796,BRANCH
TXN104691,CUS10133,2026-07-15 08:28:00,2530.56,WIRE_OUT,SG,CP-7980,BRANCH
TXN102603,CUS10075,2026-07-15 08:28:00,8043.15,CASH_WITHDRAWAL,AT,CP-8657,ONLINE
TXN103096,CUS10087,2026-07-15 08:34:00,191756.89,SEPA_IN,NG,CP-8859,BRANCH
TXN101539,CUS10045,2026-07-15 08:54:00,8373.22,SEPA_OUT,CH,CP-7132,ONLINE
TXN104580,CUS10129,2026-07-15 09:28:00,2463.41,CASH_WITHDRAWAL,AU,CP-7932,ONLINE
TXN102657,CUS10076,2026-07-15 09:30:00,8493.61,CASH_WITHDRAWAL,JP,CP-2013,BRANCH
TXN102655,CUS10076,2026-07-15 09:39:00,8254.32,CASH_DEPOSIT,JP,CP-3958,ONLINE
TXN106432,CUS10178,2026-07-15 09:43:00,6368.03,WIRE_OUT,BG,CP-9720,BRANCH
TXN100417,CUS10013,2026-07-15 09:48:00,4570.65,WIRE_IN,JP,CP-6592,API
TXN101296,CUS10037,2026-07-15 09:50:00,86917.78,WIRE_OUT,IE,CP-6638,ONLINE
TXN103238,CUS10092,2026-07-15 10:05:00,24150.92,CASH_WITHDRAWAL,KP,CP-8091,API
TXN101741,CUS10050,2026-07-15 10:27:00,72805.48,SEPA_OUT,NG,CP-2310,BRANCH
TXN101410,CUS10042,2026-07-15 10:29:00,12057.32,WIRE_OUT,YE,CP-3664,MOBILE
TXN103881,CUS10111,2026-07-15 10:52:00,23974.32,SEPA_OUT,SE,CP-3070,MOBILE
TXN101973,CUS10058,2026-07-15 10:57:00,9738.16,WIRE_OUT,LU,CP-9797,API
TXN105460,CUS10150,2026-07-15 11:07:00,20232.34,SEPA_IN,PL,CP-6471,MOBILE
TXN103729,CUS10107,2026-07-15 11:10:00,13064.96,CASH_DEPOSIT,GB,CP-5164,API
TXN103727,CUS10107,2026-07-15 11:16:00,196108.05,WIRE_OUT,GB,CP-4663,ONLINE
TXN102549,CUS10074,2026-07-15 11:31:00,110753.66,SEPA_IN,CA,CP-3265,BRANCH
TXN100257,CUS10007,2026-07-15 11:31:00,47309.59,WIRE_IN,AT,CP-9655,ONLINE
TXN101753,CUS10051,2026-07-15 11:36:00,4816.5,SEPA_IN,AE,CP-9422,BRANCH
TXN100577,CUS10016,2026-07-15 11:40:00,15439.91,WIRE_IN,NL,CP-3742,API
TXN103313,CUS10094,2026-07-15 12:17:00,3700.46,CASH_DEPOSIT,JP,CP-4812,ONLINE
TXN102324,CUS10069,2026-07-15 12:46:00,8296.11,SEPA_IN,IT,CP-2619,API
TXN100333,CUS10009,2026-07-15 12:50:00,12119.61,SEPA_OUT,FI,CP-5341,ONLINE
TXN102870,CUS10081,2026-07-15 12:58:00,2502.45,WIRE_IN,AT,CP-6850,BRANCH
TXN100897,CUS10027,2026-07-15 13:10:00,23427.84,SEPA_IN,IE,CP-1612,MOBILE
TXN102117,CUS10061,2026-07-15 13:46:00,9403.43,CASH_DEPOSIT,CA,CP-7471,MOBILE
TXN105725,CUS10157,2026-07-15 13:58:00,1576.6,SEPA_IN,NG,CP-9074,API
TXN100006,CUS10000,2026-07-15 14:01:00,294776.92,CASH_DEPOSIT,IT,CP-8538,API
TXN106315,CUS10174,2026-07-15 14:24:00,147808.97,CASH_WITHDRAWAL,FI,CP-2947,MOBILE
TXN102564,CUS10074,2026-07-15 14:25:00,10178.5,WIRE_OUT,CA,CP-1685,ONLINE
TXN103044,CUS10085,2026-07-15 14:29:00,73802.25,SEPA_OUT,PH,CP-9503,API
TXN105580,CUS10153,2026-07-15 14:47:00,95275.15,CASH_WITHDRAWAL,BE,CP-9544,BRANCH
TXN106330,CUS10175,2026-07-15 15:03:00,11961.27,CASH_DEPOSIT,GB,CP-8337,BRANCH
TXN102556,CUS10074,2026-07-15 15:04:00,2529.33,WIRE_OUT,CA,CP-4441,ONLINE
TXN102867,CUS10081,2026-07-15 15:12:00,2049.86,WIRE_OUT,AT,CP-1414,MOBILE
TXN100043,CUS10001,2026-07-15 15:38:00,3274.72,CASH_WITHDRAWAL,KE,CP-9443,BRANCH
TXN102505,CUS10073,2026-07-15 15:38:00,43056.8,WIRE_IN,SG,CP-4262,API
TXN105608,CUS10153,2026-07-15 15:41:00,42755.15,SEPA_OUT,BE,CP-1115,API
TXN106031,CUS10167,2026-07-15 15:55:00,14830.55,WIRE_IN,ES,CP-2969,BRANCH
TXN101429,CUS10043,2026-07-15 15:59:00,66779.62,WIRE_IN,BE,CP-3323,API
TXN102147,CUS10062,2026-07-15 16:02:00,42950.62,WIRE_OUT,IT,CP-5920,BRANCH
TXN103887,CUS10111,2026-07-15 16:18:00,18299.16,WIRE_IN,SE,CP-8519,ONLINE
TXN106457,CUS10179,2026-07-15 16:20:00,4621.63,CASH_DEPOSIT,SG,CP-8334,API
TXN105903,CUS10162,2026-07-15 16:32:00,194603.41,WIRE_OUT,PL,CP-1210,BRANCH
TXN104558,CUS10129,2026-07-15 16:40:00,1355.07,WIRE_IN,AU,CP-6600,ONLINE
TXN105408,CUS10149,2026-07-15 16:41:00,1767.81,WIRE_IN,CA,CP-2611,BRANCH
TXN103687,CUS10106,2026-07-15 16:57:00,51496.9,SEPA_OUT,IT,CP-8412,MOBILE
TXN102914,CUS10083,2026-07-15 17:05:00,72103.86,SEPA_OUT,NL,CP-6387,API
TXN105663,CUS10156,2026-07-15 17:07:00,25534.0,SEPA_OUT,NL,CP-6679,BRANCH
TXN100737,CUS10022,2026-07-15 17:11:00,9145.57,WIRE_OUT,VN,CP-8317,API
TXN102750,CUS10078,2026-07-15 17:23:00,16970.85,WIRE_OUT,PL,CP-8599,ONLINE
TXN104285,CUS10121,2026-07-15 17:25:00,4902.3,CASH_DEPOSIT,AE,CP-7992,BRANCH
TXN100728,CUS10022,2026-07-15 17:30:00,2705.56,WIRE_OUT,LU,CP-9624,API
TXN100711,CUS10022,2026-07-15 17:38:00,3856.45,CASH_DEPOSIT,BE,CP-2599,MOBILE
TXN105335,CUS10147,2026-07-15 17:42:00,13987.79,WIRE_IN,SG,CP-3108,MOBILE
TXN105969,CUS10165,2026-07-15 17:55:00,25943.18,SEPA_IN,IE,CP-8735,BRANCH
TXN102641,CUS10076,2026-07-15 17:57:00,3499.71,WIRE_OUT,VN,CP-6861,BRANCH
TXN105241,CUS10145,2026-07-15 18:12:00,2123.72,SEPA_OUT,CA,CP-1809,ONLINE
TXN105987,CUS10165,2026-07-15 18:33:00,43053.4,SEPA_OUT,IE,CP-3632,MOBILE
TXN103649,CUS10104,2026-07-15 18:50:00,29512.12,WIRE_IN,SG,CP-6467,ONLINE
TXN106089,CUS10168,2026-07-15 18:58:00,8068.73,CASH_WITHDRAWAL,NL,CP-4193,MOBILE
TXN101051,CUS10030,2026-07-16 08:12:00,5718.8,CASH_DEPOSIT,BE,CP-4874,MOBILE
TXN103134,CUS10089,2026-07-16 08:12:00,4306.72,CASH_DEPOSIT,AT,CP-1020,BRANCH
TXN100042,CUS10001,2026-07-16 08:15:00,3798.47,CASH_DEPOSIT,KE,CP-8489,ONLINE
TXN103879,CUS10111,2026-07-16 08:19:00,17805.9,WIRE_OUT,SE,CP-6159,ONLINE
TXN100831,CUS10024,2026-07-16 08:25:00,999.05,WIRE_OUT,PH,CP-8504,API
TXN106117,CUS10169,2026-07-16 08:28:00,1066.5,CASH_WITHDRAWAL,SE,CP-6698,API
TXN100297,CUS10008,2026-07-16 08:29:00,106557.87,CASH_DEPOSIT,ES,CP-8096,MOBILE
TXN102713,CUS10077,2026-07-16 08:35:00,680.13,SEPA_IN,SY,CP-4102,API
TXN100267,CUS10007,2026-07-16 08:45:00,26542.19,WIRE_IN,AT,CP-3684,MOBILE
TXN101021,CUS10029,2026-07-16 08:48:00,1316.54,WIRE_IN,NL,CP-8352,API
TXN104382,CUS10124,2026-07-16 08:56:00,4888.01,WIRE_IN,SG,CP-5984,ONLINE
TXN101246,CUS10036,2026-07-16 09:05:00,42818.41,CASH_WITHDRAWAL,HR,CP-9351,BRANCH
TXN101785,CUS10052,2026-07-16 09:09:00,6491.63,CASH_DEPOSIT,PH,CP-2831,BRANCH
TXN100290,CUS10008,2026-07-16 09:10:00,70552.06,CASH_WITHDRAWAL,GB,CP-1660,BRANCH
TXN104905,CUS10137,2026-07-16 09:19:00,43778.85,WIRE_IN,AU,CP-4248,MOBILE
TXN104450,CUS10127,2026-07-16 09:27:00,14021.36,CASH_DEPOSIT,NG,CP-8268,ONLINE
TXN101452,CUS10043,2026-07-16 09:28:00,101033.4,SEPA_IN,BE,CP-7272,BRANCH
TXN105156,CUS10143,2026-07-16 09:43:00,46506.1,CASH_WITHDRAWAL,FR,CP-2570,MOBILE
TXN105446,CUS10150,2026-07-16 09:57:00,7076.19,CASH_WITHDRAWAL,PL,CP-6196,MOBILE
TXN106213,CUS10171,2026-07-16 10:18:00,14673.31,SEPA_OUT,CA,CP-7933,BRANCH
TXN105586,CUS10153,2026-07-16 10:23:00,12442.05,SEPA_OUT,BE,CP-4024,ONLINE
TXN101268,CUS10036,2026-07-16 10:33:00,23133.4,SEPA_IN,HR,CP-9021,ONLINE
TXN103342,CUS10096,2026-07-16 10:53:00,36662.46,SEPA_IN,CH,CP-2482,BRANCH
TXN101108,CUS10032,2026-07-16 10:56:00,2529.7,WIRE_OUT,NG,CP-4140,MOBILE
TXN105393,CUS10148,2026-07-16 11:13:00,23477.15,SEPA_OUT,JP,CP-7423,API
TXN100771,CUS10023,2026-07-16 11:51:00,2656.85,CASH_DEPOSIT,ES,CP-8509,BRANCH
TXN103197,CUS10091,2026-07-16 12:07:00,18473.34,WIRE_IN,CH,CP-1379,ONLINE
TXN100779,CUS10023,2026-07-16 12:09:00,6845.93,CASH_WITHDRAWAL,IT,CP-7060,BRANCH
TXN102239,CUS10065,2026-07-16 12:15:00,144301.29,SEPA_OUT,JP,CP-7493,BRANCH
TXN103694,CUS10107,2026-07-16 12:18:00,167436.84,WIRE_OUT,GB,CP-4461,BRANCH
TXN104265,CUS10120,2026-07-16 12:54:00,61839.95,SEPA_IN,IE,CP-5028,BRANCH
TXN100054,CUS10001,2026-07-16 13:27:00,9505.93,SEPA_OUT,VN,CP-7334,API
TXN105605,CUS10153,2026-07-16 13:36:00,24854.06,SEPA_OUT,DE,CP-3013,BRANCH
TXN104316,CUS10121,2026-07-16 13:41:00,1690.66,SEPA_OUT,AE,CP-4747,API
TXN104880,CUS10137,2026-07-16 14:01:00,46135.38,SEPA_OUT,AE,CP-9254,ONLINE
TXN105508,CUS10151,2026-07-16 14:06:00,6948.87,CASH_WITHDRAWAL,US,CP-6096,API
TXN100888,CUS10026,2026-07-16 14:28:00,13366.98,SEPA_OUT,FR,CP-8250,MOBILE
TXN105712,CUS10157,2026-07-16 14:37:00,8268.94,SEPA_IN,NG,CP-8682,MOBILE
TXN105320,CUS10147,2026-07-16 14:49:00,24907.75,SEPA_OUT,AT,CP-8355,ONLINE
TXN104330,CUS10122,2026-07-16 15:01:00,35932.57,SEPA_OUT,CH,CP-2651,ONLINE
TXN100340,CUS10009,2026-07-16 15:11:00,10791.71,WIRE_OUT,IT,CP-4157,BRANCH
TXN105680,CUS10156,2026-07-16 15:20:00,38935.29,SEPA_IN,NL,CP-2113,API
TXN104613,CUS10132,2026-07-16 15:24:00,55309.75,CASH_WITHDRAWAL,FR,CP-4659,ONLINE
TXN103638,CUS10104,2026-07-16 15:39:00,37739.8,CASH_DEPOSIT,SG,CP-1441,BRANCH
TXN103089,CUS10087,2026-07-16 15:44:00,93477.33,SEPA_IN,NG,CP-4484,API
TXN103352,CUS10096,2026-07-16 15:51:00,117390.03,WIRE_IN,DE,CP-3594,API
TXN104593,CUS10130,2026-07-16 15:58:00,1466.69,SEPA_OUT,BE,CP-1546,MOBILE
TXN104446,CUS10127,2026-07-16 16:09:00,10318.55,CASH_WITHDRAWAL,AT,CP-6780,BRANCH
TXN100390,CUS10011,2026-07-16 16:16:00,10153.54,WIRE_OUT,IE,CP-4366,ONLINE
TXN104328,CUS10122,2026-07-16 16:22:00,81134.08,CASH_DEPOSIT,CH,CP-6571,ONLINE
TXN104671,CUS10133,2026-07-16 16:27:00,564.9,SEPA_IN,SG,CP-3150,BRANCH
TXN104781,CUS10135,2026-07-16 16:42:00,5261.24,CASH_WITHDRAWAL,SG,CP-8437,BRANCH
TXN101156,CUS10033,2026-07-16 16:47:00,12013.54,WIRE_IN,PA,CP-1183,API
TXN105037,CUS10140,2026-07-16 17:06:00,4810.93,CASH_WITHDRAWAL,GB,CP-4647,MOBILE
TXN103115,CUS10088,2026-07-16 17:15:00,25475.91,WIRE_IN,LU,CP-5073,BRANCH
TXN101517,CUS10045,2026-07-16 17:43:00,138033.72,CASH_WITHDRAWAL,CH,CP-1868,BRANCH
TXN100110,CUS10003,2026-07-16 17:43:00,897.72,SEPA_OUT,IT,CP-6654,BRANCH
TXN103688,CUS10106,2026-07-16 17:47:00,115585.91,SEPA_OUT,IT,CP-7780,MOBILE
TXN105124,CUS10142,2026-07-16 17:53:00,144630.21,CASH_DEPOSIT,ZA,CP-7804,BRANCH
TXN105870,CUS10161,2026-07-16 18:19:00,25059.89,WIRE_IN,LU,CP-4743,MOBILE
TXN101836,CUS10053,2026-07-16 18:26:00,33377.02,SEPA_OUT,CH,CP-1786,ONLINE
TXN102311,CUS10068,2026-07-17 08:14:00,175189.9,WIRE_IN,VN,CP-2182,MOBILE
TXN105751,CUS10157,2026-07-17 08:23:00,1553.69,WIRE_OUT,NG,CP-2035,BRANCH
TXN103477,CUS10099,2026-07-17 08:37:00,386.53,SEPA_OUT,BE,CP-6361,MOBILE
TXN103927,CUS10112,2026-07-17 08:40:00,60321.49,WIRE_OUT,LU,CP-3734,MOBILE
TXN101606,CUS10047,2026-07-17 08:53:00,2298.15,CASH_WITHDRAWAL,PH,CP-3735,ONLINE
TXN103182,CUS10090,2026-07-17 09:06:00,3446.39,WIRE_IN,JP,CP-6237,ONLINE
TXN100061,CUS10002,2026-07-17 09:15:00,7183.14,SEPA_IN,CA,CP-7272,ONLINE
TXN100424,CUS10013,2026-07-17 09:24:00,6982.57,CASH_DEPOSIT,JP,CP-6273,MOBILE
TXN100094,CUS10003,2026-07-17 09:25:00,3044.78,SEPA_IN,IT,CP-6990,BRANCH
TXN101695,CUS10050,2026-07-17 09:26:00,393071.62,WIRE_IN,NL,CP-8264,ONLINE
TXN102828,CUS10080,2026-07-17 09:43:00,178396.4,WIRE_OUT,FI,CP-2468,MOBILE
TXN106441,CUS10178,2026-07-17 09:50:00,18801.63,CASH_DEPOSIT,BG,CP-5287,MOBILE
TXN102740,CUS10078,2026-07-17 09:52:00,5806.68,CASH_WITHDRAWAL,IT,CP-5811,API
TXN106551,CUS10133,2026-07-17 10:00:00,302859.58,WIRE_IN,AE,CP-7292,API
TXN102550,CUS10074,2026-07-17 10:01:00,5857.76,WIRE_IN,PH,CP-3207,API
TXN103358,CUS10096,2026-07-17 10:05:00,120227.18,WIRE_OUT,HR,CP-5167,API
TXN100996,CUS10029,2026-07-17 10:12:00,8776.86,SEPA_OUT,NL,CP-2653,MOBILE
TXN104248,CUS10120,2026-07-17 10:35:00,61811.57,WIRE_IN,PL,CP-4297,BRANCH
TXN102823,CUS10080,2026-07-17 10:45:00,27077.33,SEPA_IN,FI,CP-3083,ONLINE
TXN106272,CUS10172,2026-07-17 10:52:00,1935.56,CASH_WITHDRAWAL,ES,CP-1466,ONLINE
TXN106152,CUS10169,2026-07-17 10:54:00,1122.49,SEPA_OUT,SE,CP-3420,API
TXN103724,CUS10107,2026-07-17 10:54:00,50664.26,WIRE_IN,GB,CP-1516,API
TXN103862,CUS10110,2026-07-17 11:04:00,82864.99,SEPA_OUT,AU,CP-8839,MOBILE
TXN105076,CUS10141,2026-07-17 11:05:00,43065.9,WIRE_OUT,SE,CP-6280,BRANCH
TXN105289,CUS10146,2026-07-17 11:13:00,4315.89,WIRE_IN,GB,CP-7589,ONLINE
TXN103009,CUS10085,2026-07-17 11:18:00,28582.7,WIRE_IN,PH,CP-3308,MOBILE
TXN103494,CUS10099,2026-07-17 11:20:00,3136.69,WIRE_IN,BG,CP-8707,MOBILE
TXN106120,CUS10169,2026-07-17 11:21:00,1901.02,CASH_DEPOSIT,IE,CP-9948,MOBILE
TXN103592,CUS10103,2026-07-17 11:28:00,131560.3,CASH_DEPOSIT,PL,CP-8914,ONLINE
TXN101337,CUS10039,2026-07-17 11:49:00,1635.57,WIRE_OUT,MC,CP-1221,ONLINE
TXN102668,CUS10076,2026-07-17 11:54:00,6481.53,SEPA_OUT,CH,CP-7246,BRANCH
TXN100717,CUS10022,2026-07-17 12:03:00,4699.04,CASH_DEPOSIT,BE,CP-1870,ONLINE
TXN101778,CUS10051,2026-07-17 12:04:00,14777.6,CASH_DEPOSIT,ES,CP-8555,MOBILE
TXN100372,CUS10011,2026-07-17 12:46:00,66517.77,WIRE_OUT,PH,CP-6499,ONLINE
TXN100994,CUS10029,2026-07-17 12:46:00,934.89,SEPA_OUT,NL,CP-6902,MOBILE
TXN100269,CUS10007,2026-07-17 12:46:00,92521.5,WIRE_IN,PH,CP-6488,MOBILE
TXN105633,CUS10154,2026-07-17 12:55:00,5290.32,CASH_DEPOSIT,MM,CP-6022,MOBILE
TXN100806,CUS10024,2026-07-17 13:18:00,2488.49,WIRE_IN,CA,CP-1260,MOBILE
TXN101873,CUS10055,2026-07-17 13:27:00,15548.93,WIRE_OUT,YE,CP-1560,MOBILE
TXN101535,CUS10045,2026-07-17 13:37:00,23268.17,CASH_DEPOSIT,CA,CP-7615,ONLINE
TXN101729,CUS10050,2026-07-17 13:48:00,362634.55,SEPA_IN,JP,CP-5639,MOBILE
TXN105093,CUS10142,2026-07-17 14:13:00,325750.02,CASH_DEPOSIT,GB,CP-9563,BRANCH
TXN106055,CUS10167,2026-07-17 14:26:00,69184.3,CASH_DEPOSIT,ES,CP-1840,BRANCH
TXN106233,CUS10172,2026-07-17 14:32:00,284.71,SEPA_OUT,ES,CP-5289,MOBILE
TXN105278,CUS10146,2026-07-17 14:40:00,1119.93,CASH_WITHDRAWAL,GB,CP-7952,API
TXN104963,CUS10139,2026-07-17 14:42:00,5335.35,SEPA_IN,CH,CP-3815,API
TXN101608,CUS10047,2026-07-17 14:44:00,2697.79,CASH_WITHDRAWAL,PH,CP-5806,ONLINE
TXN105570,CUS10153,2026-07-17 15:11:00,20786.95,SEPA_IN,BE,CP-2710,ONLINE
TXN104825,CUS10136,2026-07-17 15:14:00,50536.39,CASH_WITHDRAWAL,PL,CP-3073,BRANCH
TXN102780,CUS10079,2026-07-17 15:38:00,41936.98,SEPA_IN,JP,CP-6999,ONLINE
TXN101426,CUS10042,2026-07-17 15:40:00,21586.8,SEPA_IN,YE,CP-4056,BRANCH
TXN101218,CUS10035,2026-07-17 15:50:00,21357.95,CASH_WITHDRAWAL,NG,CP-9990,MOBILE
TXN106299,CUS10173,2026-07-17 16:06:00,26077.35,CASH_DEPOSIT,CH,CP-4970,MOBILE
TXN104095,CUS10115,2026-07-17 16:10:00,1824.95,WIRE_IN,US,CP-9496,BRANCH
TXN104289,CUS10121,2026-07-17 16:17:00,6763.91,CASH_WITHDRAWAL,NG,CP-4522,API
TXN102966,CUS10083,2026-07-17 16:18:00,55241.0,CASH_DEPOSIT,NL,CP-1268,ONLINE
TXN101805,CUS10052,2026-07-17 16:19:00,5866.43,WIRE_OUT,AT,CP-4996,MOBILE
TXN101847,CUS10053,2026-07-17 16:22:00,41675.31,SEPA_IN,US,CP-4770,BRANCH
TXN104410,CUS10126,2026-07-17 16:38:00,4882.16,WIRE_OUT,FI,CP-1532,MOBILE
TXN106052,CUS10167,2026-07-17 16:43:00,15580.95,SEPA_IN,PA,CP-1077,API
TXN101607,CUS10047,2026-07-17 16:55:00,7642.4,SEPA_OUT,PH,CP-7919,API
TXN105923,CUS10163,2026-07-17 17:19:00,22245.62,SEPA_IN,DE,CP-5857,BRANCH
TXN101260,CUS10036,2026-07-17 17:27:00,65128.55,SEPA_IN,HR,CP-5270,MOBILE
TXN105554,CUS10152,2026-07-17 17:30:00,79201.07,SEPA_IN,HR,CP-2403,API
TXN103222,CUS10092,2026-07-17 17:47:00,62363.69,SEPA_OUT,PA,CP-2124,API
TXN104470,CUS10127,2026-07-17 17:51:00,26980.18,SEPA_IN,AT,CP-9642,API
TXN101375,CUS10041,2026-07-17 18:06:00,7048.43,CASH_WITHDRAWAL,IT,CP-9250,ONLINE
TXN104348,CUS10123,2026-07-17 18:08:00,1963.63,WIRE_OUT,NG,CP-2237,API
TXN104128,CUS10116,2026-07-17 18:10:00,4627.9,CASH_WITHDRAWAL,JP,CP-5429,ONLINE
TXN103367,CUS10096,2026-07-17 18:37:00,96067.27,SEPA_IN,CA,CP-4550,API
TXN104036,CUS10114,2026-07-17 18:45:00,31503.9,SEPA_OUT,IT,CP-4728,ONLINE
TXN104270,CUS10120,2026-07-17 18:46:00,37486.92,WIRE_IN,PL,CP-5191,MOBILE
TXN104850,CUS10136,2026-07-17 18:57:00,5103.1,WIRE_IN,PL,CP-8424,BRANCH
TXN100768,CUS10023,2026-07-18 08:12:00,2523.24,CASH_DEPOSIT,ES,CP-4907,MOBILE
TXN103464,CUS10099,2026-07-18 08:16:00,2396.95,CASH_DEPOSIT,BE,CP-7339,BRANCH
TXN100039,CUS10001,2026-07-18 08:18:00,4877.37,CASH_WITHDRAWAL,SE,CP-3273,MOBILE
TXN100049,CUS10001,2026-07-18 08:22:00,1016.82,CASH_WITHDRAWAL,KE,CP-3868,MOBILE
TXN104612,CUS10131,2026-07-18 08:26:00,26412.03,WIRE_IN,US,CP-9622,MOBILE
TXN105043,CUS10140,2026-07-18 08:36:00,4349.26,SEPA_IN,ZA,CP-1677,ONLINE
TXN104297,CUS10121,2026-07-18 08:40:00,4609.55,WIRE_OUT,AE,CP-7473,API
TXN105931,CUS10163,2026-07-18 08:42:00,11019.9,WIRE_OUT,DE,CP-4517,ONLINE
TXN103970,CUS10113,2026-07-18 09:35:00,3032.42,WIRE_IN,CH,CP-6053,BRANCH
TXN104500,CUS10128,2026-07-18 09:42:00,19349.73,CASH_DEPOSIT,BE,CP-6974,MOBILE
TXN105042,CUS10140,2026-07-18 09:48:00,7271.44,CASH_DEPOSIT,GB,CP-6783,BRANCH
TXN104606,CUS10131,2026-07-18 09:54:00,6322.61,WIRE_IN,US,CP-9388,BRANCH
TXN104708,CUS10134,2026-07-18 10:15:00,17894.24,SEPA_OUT,FR,CP-2226,API
TXN103720,CUS10107,2026-07-18 10:18:00,184807.33,WIRE_IN,GB,CP-5739,BRANCH
TXN104318,CUS10121,2026-07-18 10:22:00,4714.82,CASH_DEPOSIT,AU,CP-6517,MOBILE
TXN102140,CUS10062,2026-07-18 10:47:00,95074.17,CASH_DEPOSIT,PL,CP-1387,MOBILE
TXN106552,CUS10133,2026-07-18 11:00:00,287366.54,WIRE_OUT,NG,CP-1981,API
TXN102312,CUS10068,2026-07-18 11:17:00,50086.83,WIRE_IN,IE,CP-4443,ONLINE
TXN103565,CUS10102,2026-07-18 11:19:00,2171.24,WIRE_IN,BG,CP-9606,BRANCH
TXN106049,CUS10167,2026-07-18 11:25:00,10461.63,WIRE_IN,ES,CP-5787,MOBILE
TXN106161,CUS10170,2026-07-18 11:26:00,83673.39,WIRE_IN,FI,CP-3851,MOBILE
TXN103285,CUS10094,2026-07-18 11:37:00,27743.44,CASH_DEPOSIT,IE,CP-9155,ONLINE
TXN102529,CUS10073,2026-07-18 11:53:00,33721.58,WIRE_OUT,SG,CP-3346,ONLINE
TXN100566,CUS10016,2026-07-18 12:07:00,1631.93,CASH_DEPOSIT,NL,CP-8418,API
TXN106176,CUS10170,2026-07-18 12:08:00,36747.92,SEPA_OUT,FI,CP-8813,MOBILE
TXN105650,CUS10155,2026-07-18 12:17:00,7238.21,WIRE_OUT,CA,CP-2409,ONLINE
TXN100500,CUS10014,2026-07-18 12:30:00,174825.91,WIRE_IN,BG,CP-5641,MOBILE
TXN103104,CUS10088,2026-07-18 12:33:00,11621.68,CASH_WITHDRAWAL,CH,CP-8403,ONLINE
TXN103541,CUS10101,2026-07-18 12:34:00,266040.83,SEPA_OUT,AE,CP-1171,API
TXN100637,CUS10019,2026-07-18 12:44:00,44183.69,CASH_DEPOSIT,BE,CP-3215,MOBILE
TXN103779,CUS10109,2026-07-18 12:57:00,7778.84,WIRE_IN,CH,CP-3647,ONLINE
TXN104170,CUS10118,2026-07-18 12:57:00,6063.65,CASH_DEPOSIT,ES,CP-8121,ONLINE
TXN104596,CUS10130,2026-07-18 13:01:00,6674.06,CASH_DEPOSIT,BE,CP-4079,API
TXN103929,CUS10112,2026-07-18 13:08:00,47822.92,SEPA_OUT,LU,CP-9256,MOBILE
TXN105413,CUS10149,2026-07-18 13:15:00,4199.26,SEPA_IN,MC,CP-3603,BRANCH
TXN103981,CUS10113,2026-07-18 13:21:00,15480.92,SEPA_OUT,CH,CP-8616,BRANCH
TXN102258,CUS10066,2026-07-18 13:47:00,5187.91,CASH_WITHDRAWAL,SG,CP-6157,BRANCH
TXN100096,CUS10003,2026-07-18 13:51:00,5280.46,SEPA_OUT,IT,CP-3440,BRANCH
TXN101503,CUS10045,2026-07-18 13:56:00,83108.67,CASH_DEPOSIT,CH,CP-3540,ONLINE
TXN102535,CUS10073,2026-07-18 14:09:00,65810.32,WIRE_IN,MC,CP-6331,BRANCH
TXN103374,CUS10096,2026-07-18 14:25:00,21687.19,SEPA_IN,HR,CP-1862,API
TXN104442,CUS10127,2026-07-18 14:31:00,32396.91,CASH_WITHDRAWAL,AT,CP-9708,API
TXN105635,CUS10154,2026-07-18 14:33:00,7335.62,WIRE_IN,KE,CP-8950,MOBILE
TXN104817,CUS10136,2026-07-18 14:34:00,20700.4,SEPA_IN,PL,CP-4049,MOBILE
TXN106489,CUS10179,2026-07-18 14:41:00,5994.04,WIRE_IN,SG,CP-4426,MOBILE
TXN106166,CUS10170,2026-07-18 14:42:00,103384.98,SEPA_IN,GB,CP-8451,BRANCH
TXN101327,CUS10039,2026-07-18 14:57:00,1856.51,SEPA_IN,MC,CP-1938,ONLINE
TXN103048,CUS10086,2026-07-18 15:02:00,2928.12,SEPA_IN,CA,CP-2002,ONLINE
TXN100129,CUS10003,2026-07-18 15:09:00,2785.24,CASH_DEPOSIT,IT,CP-7121,MOBILE
TXN101339,CUS10039,2026-07-18 15:48:00,2387.63,SEPA_OUT,MC,CP-3672,API
TXN106164,CUS10170,2026-07-18 16:01:00,147415.0,SEPA_OUT,FI,CP-9145,ONLINE
TXN102766,CUS10079,2026-07-18 16:03:00,20280.59,WIRE_IN,JP,CP-8299,MOBILE
TXN105750,CUS10157,2026-07-18 16:11:00,4018.52,WIRE_IN,NG,CP-9964,BRANCH
TXN100472,CUS10014,2026-07-18 16:12:00,24796.33,CASH_WITHDRAWAL,NL,CP-2252,ONLINE
TXN101061,CUS10030,2026-07-18 16:17:00,426.68,CASH_DEPOSIT,ES,CP-9270,API
TXN100857,CUS10025,2026-07-18 16:18:00,3037.7,SEPA_OUT,IE,CP-7750,API
TXN102081,CUS10060,2026-07-18 16:20:00,13480.29,CASH_WITHDRAWAL,GB,CP-7484,ONLINE
TXN104159,CUS10118,2026-07-18 16:32:00,22284.44,SEPA_IN,ES,CP-5666,MOBILE
TXN104752,CUS10134,2026-07-18 16:43:00,6900.06,SEPA_IN,FR,CP-5424,ONLINE
TXN101362,CUS10041,2026-07-18 16:44:00,9169.91,SEPA_OUT,SE,CP-6526,MOBILE
TXN100643,CUS10019,2026-07-18 16:54:00,12518.24,CASH_WITHDRAWAL,BE,CP-7126,BRANCH
TXN100354,CUS10010,2026-07-18 16:56:00,8207.52,WIRE_OUT,US,CP-4158,BRANCH
TXN105738,CUS10157,2026-07-18 17:00:00,2520.86,WIRE_IN,NG,CP-6457,BRANCH
TXN104416,CUS10126,2026-07-18 17:19:00,10277.09,CASH_DEPOSIT,FI,CP-6630,BRANCH
TXN101628,CUS10048,2026-07-18 17:24:00,21995.52,CASH_WITHDRAWAL,AT,CP-4205,API
TXN101257,CUS10036,2026-07-18 17:31:00,58260.05,CASH_DEPOSIT,HR,CP-6769,BRANCH
TXN100842,CUS10025,2026-07-18 17:38:00,848.57,WIRE_OUT,IE,CP-5968,MOBILE
TXN103094,CUS10087,2026-07-18 17:38:00,41751.79,SEPA_OUT,NG,CP-8045,API
TXN103758,CUS10108,2026-07-18 17:55:00,26008.96,SEPA_IN,PA,CP-1185,BRANCH
TXN105905,CUS10162,2026-07-18 18:04:00,61097.85,WIRE_OUT,PL,CP-2049,ONLINE
TXN102907,CUS10082,2026-07-18 18:05:00,3374.37,WIRE_IN,IE,CP-4306,BRANCH
TXN104123,CUS10116,2026-07-18 18:17:00,9838.92,CASH_DEPOSIT,FR,CP-3880,ONLINE
TXN103575,CUS10102,2026-07-18 18:18:00,2620.94,WIRE_IN,BG,CP-8748,API
TXN103621,CUS10104,2026-07-18 18:27:00,55195.72,CASH_WITHDRAWAL,SG,CP-5111,API
TXN105483,CUS10151,2026-07-18 18:42:00,8582.2,SEPA_IN,NL,CP-1354,API
TXN105606,CUS10153,2026-07-18 18:44:00,7536.76,CASH_WITHDRAWAL,BE,CP-5474,API
TXN104705,CUS10134,2026-07-18 18:51:00,7518.27,WIRE_OUT,FR,CP-3598,MOBILE
TXN104249,CUS10120,2026-07-19 08:02:00,39792.85,SEPA_OUT,AE,CP-5379,API
TXN104356,CUS10123,2026-07-19 08:13:00,4996.53,CASH_WITHDRAWAL,VN,CP-9845,ONLINE
TXN104246,CUS10120,2026-07-19 08:33:00,47519.36,SEPA_IN,PL,CP-9135,ONLINE
TXN101485,CUS10044,2026-07-19 08:42:00,17572.52,SEPA_IN,CH,CP-1341,BRANCH
TXN100433,CUS10013,2026-07-19 08:44:00,7397.56,CASH_DEPOSIT,ES,CP-1529,API
TXN102710,CUS10077,2026-07-19 09:02:00,1082.45,WIRE_OUT,DE,CP-4768,BRANCH
TXN103931,CUS10112,2026-07-19 09:03:00,141475.5,SEPA_IN,TR,CP-3307,BRANCH
TXN102618,CUS10075,2026-07-19 09:05:00,30035.46,WIRE_IN,MC,CP-9806,API
TXN100191,CUS10005,2026-07-19 09:10:00,4133.35,SEPA_OUT,FI,CP-5911,MOBILE
TXN100956,CUS10028,2026-07-19 09:22:00,27405.25,SEPA_IN,MC,CP-3959,BRANCH
TXN102187,CUS10063,2026-07-19 09:38:00,3366.23,SEPA_OUT,AE,CP-3758,MOBILE
TXN103175,CUS10090,2026-07-19 09:41:00,4564.53,WIRE_OUT,JP,CP-6608,BRANCH
TXN100689,CUS10021,2026-07-19 09:52:00,2972.43,CASH_WITHDRAWAL,DK,CP-3174,BRANCH
TXN103010,CUS10085,2026-07-19 10:04:00,38659.5,WIRE_IN,PH,CP-6007,ONLINE
TXN102880,CUS10081,2026-07-19 10:09:00,695.26,SEPA_OUT,AT,CP-4716,BRANCH
TXN100614,CUS10018,2026-07-19 10:21:00,589603.46,CASH_DEPOSIT,IT,CP-1807,MOBILE
TXN103795,CUS10109,2026-07-19 10:28:00,6422.29,WIRE_IN,CH,CP-8465,BRANCH
TXN101681,CUS10049,2026-07-19 10:30:00,4086.79,WIRE_IN,US,CP-1855,BRANCH
TXN102225,CUS10064,2026-07-19 11:05:00,59955.19,SEPA_IN,SE,CP-7461,BRANCH
TXN101239,CUS10036,2026-07-19 11:13:00,153303.37,CASH_WITHDRAWAL,ES,CP-1149,API
TXN101846,CUS10053,2026-07-19 11:19:00,229388.0,WIRE_IN,CH,CP-9739,ONLINE
TXN106269,CUS10172,2026-07-19 11:32:00,3093.03,SEPA_OUT,ES,CP-8280,API
TXN103667,CUS10105,2026-07-19 11:40:00,3341.12,CASH_WITHDRAWAL,NG,CP-5374,API
TXN101954,CUS10058,2026-07-19 11:52:00,5174.46,SEPA_OUT,GB,CP-1681,API
TXN102067,CUS10060,2026-07-19 12:01:00,7484.54,CASH_WITHDRAWAL,GB,CP-7904,ONLINE
TXN100950,CUS10028,2026-07-19 12:07:00,17176.9,WIRE_OUT,MC,CP-9179,API
TXN105313,CUS10147,2026-07-19 12:11:00,24223.78,SEPA_IN,VN,CP-7754,API
TXN102099,CUS10061,2026-07-19 12:29:00,40079.54,WIRE_OUT,HR,CP-2971,ONLINE
TXN102170,CUS10063,2026-07-19 12:38:00,9179.6,WIRE_IN,VN,CP-7169,MOBILE
TXN105420,CUS10149,2026-07-19 12:51:00,2140.61,WIRE_OUT,CA,CP-6646,API
TXN102942,CUS10083,2026-07-19 13:06:00,69552.74,WIRE_IN,NL,CP-4342,MOBILE
TXN102283,CUS10067,2026-07-19 13:10:00,38012.54,CASH_WITHDRAWAL,NL,CP-9762,BRANCH
TXN100207,CUS10006,2026-07-19 13:19:00,3142.43,WIRE_OUT,CA,CP-9537,MOBILE
TXN105701,CUS10156,2026-07-19 13:28:00,70043.86,WIRE_OUT,NL,CP-8992,BRANCH
TXN100830,CUS10024,2026-07-19 13:28:00,710.64,WIRE_OUT,CA,CP-9743,API
TXN100852,CUS10025,2026-07-19 13:29:00,1251.15,SEPA_IN,BE,CP-3675,ONLINE
TXN100923,CUS10027,2026-07-19 13:30:00,11899.04,SEPA_IN,IE,CP-1345,ONLINE
TXN104221,CUS10119,2026-07-19 13:32:00,163803.6,SEPA_IN,FI,CP-7855,API
TXN101056,CUS10030,2026-07-19 13:34:00,4082.35,WIRE_OUT,NG,CP-9806,MOBILE
TXN102428,CUS10071,2026-07-19 13:36:00,10243.05,WIRE_IN,US,CP-9199,API
TXN102263,CUS10067,2026-07-19 13:43:00,35375.01,CASH_WITHDRAWAL,NL,CP-9273,API
TXN100319,CUS10009,2026-07-19 13:47:00,18773.38,SEPA_IN,FI,CP-6234,BRANCH
TXN100234,CUS10006,2026-07-19 13:53:00,11578.2,CASH_WITHDRAWAL,CA,CP-7434,MOBILE
TXN104079,CUS10114,2026-07-19 14:15:00,16314.58,SEPA_OUT,IT,CP-2745,BRANCH
TXN102463,CUS10072,2026-07-19 14:18:00,15480.35,WIRE_IN,ES,CP-8064,API
TXN104239,CUS10120,2026-07-19 14:39:00,39138.9,SEPA_IN,PL,CP-6590,BRANCH
TXN105509,CUS10151,2026-07-19 14:50:00,7439.9,CASH_DEPOSIT,NL,CP-5509,API
TXN103298,CUS10094,2026-07-19 15:04:00,3312.1,WIRE_OUT,TR,CP-6542,BRANCH
TXN100882,CUS10026,2026-07-19 15:06:00,5633.39,SEPA_OUT,FR,CP-9147,BRANCH
TXN101094,CUS10031,2026-07-19 15:19:00,74874.51,SEPA_IN,FI,CP-7042,ONLINE
TXN104179,CUS10118,2026-07-19 15:29:00,15835.45,SEPA_OUT,ES,CP-8779,ONLINE
TXN104177,CUS10118,2026-07-19 15:35:00,26632.68,CASH_DEPOSIT,ES,CP-6463,ONLINE
TXN101472,CUS10043,2026-07-19 15:56:00,74861.14,WIRE_IN,BE,CP-4941,ONLINE
TXN103956,CUS10112,2026-07-19 15:56:00,38680.91,CASH_WITHDRAWAL,LU,CP-4324,ONLINE
TXN102577,CUS10074,2026-07-19 15:59:00,46249.07,WIRE_IN,CA,CP-6928,BRANCH
TXN104686,CUS10133,2026-07-19 16:23:00,1101.93,CASH_DEPOSIT,SG,CP-9390,MOBILE
TXN104818,CUS10136,2026-07-19 16:29:00,68840.1,WIRE_IN,PL,CP-4984,BRANCH
TXN102034,CUS10059,2026-07-19 16:36:00,194613.7,WIRE_IN,TR,CP-2241,BRANCH
TXN106241,CUS10172,2026-07-19 16:49:00,982.73,CASH_DEPOSIT,IT,CP-4650,BRANCH
TXN104347,CUS10123,2026-07-19 16:55:00,1175.13,SEPA_OUT,JP,CP-2698,ONLINE
TXN103990,CUS10113,2026-07-19 17:12:00,1078.71,WIRE_IN,CH,CP-3456,API
TXN102060,CUS10060,2026-07-19 17:20:00,16460.8,SEPA_OUT,GB,CP-8580,API
TXN104251,CUS10120,2026-07-19 17:22:00,49315.39,SEPA_IN,PL,CP-4051,ONLINE
TXN103040,CUS10085,2026-07-19 17:26:00,67889.02,SEPA_IN,PH,CP-2031,MOBILE
TXN100235,CUS10006,2026-07-19 17:40:00,3459.43,SEPA_OUT,CA,CP-7146,MOBILE
TXN103558,CUS10101,2026-07-19 17:44:00,76122.68,CASH_WITHDRAWAL,AE,CP-3183,BRANCH
TXN100312,CUS10009,2026-07-19 17:45:00,40321.6,WIRE_IN,PH,CP-9622,API
TXN103474,CUS10099,2026-07-19 17:46:00,1173.93,WIRE_IN,BE,CP-5996,BRANCH
TXN101659,CUS10049,2026-07-19 18:05:00,10371.06,WIRE_OUT,AT,CP-4402,MOBILE
TXN102152,CUS10062,2026-07-19 18:08:00,84737.46,WIRE_IN,BE,CP-8826,ONLINE
TXN100714,CUS10022,2026-07-19 18:09:00,4043.09,SEPA_IN,BE,CP-7389,MOBILE
TXN104432,CUS10126,2026-07-19 18:10:00,9990.26,CASH_WITHDRAWAL,FI,CP-1059,ONLINE
TXN101525,CUS10045,2026-07-19 18:15:00,199108.03,CASH_WITHDRAWAL,CH,CP-9956,BRANCH
TXN105211,CUS10145,2026-07-19 18:38:00,1758.23,WIRE_IN,CA,CP-6347,ONLINE
TXN105887,CUS10162,2026-07-19 18:45:00,42755.62,CASH_DEPOSIT,PL,CP-8389,API
TXN105526,CUS10152,2026-07-19 18:47:00,203925.45,WIRE_IN,HR,CP-8214,BRANCH
TXN102314,CUS10068,2026-07-19 18:50:00,70983.03,SEPA_IN,AU,CP-6326,MOBILE
TXN104783,CUS10135,2026-07-19 18:54:00,1904.69,WIRE_OUT,SG,CP-6671,MOBILE
TXN103622,CUS10104,2026-07-19 18:55:00,8560.18,WIRE_OUT,FR,CP-2474,API
TXN100638,CUS10019,2026-07-19 18:59:00,14846.03,WIRE_OUT,BE,CP-6201,ONLINE
TXN100960,CUS10028,2026-07-20 08:05:00,34838.83,CASH_WITHDRAWAL,MC,CP-8861,MOBILE
TXN101612,CUS10048,2026-07-20 08:37:00,42226.25,CASH_WITHDRAWAL,NL,CP-8430,MOBILE
TXN100832,CUS10024,2026-07-20 08:47:00,933.01,CASH_DEPOSIT,CA,CP-6427,API
TXN100280,CUS10008,2026-07-20 08:59:00,91255.43,WIRE_OUT,ES,CP-9872,API
TXN100288,CUS10008,2026-07-20 09:10:00,104338.68,SEPA_IN,ES,CP-7660,ONLINE
TXN106353,CUS10175,2026-07-20 09:13:00,7498.46,WIRE_IN,GB,CP-6899,API
TXN100027,CUS10000,2026-07-20 09:18:00,112551.07,CASH_DEPOSIT,NL,CP-9843,ONLINE
TXN102600,CUS10075,2026-07-20 09:22:00,4642.77,CASH_DEPOSIT,AT,CP-4941,BRANCH
TXN100938,CUS10028,2026-07-20 09:23:00,25320.01,CASH_DEPOSIT,MC,CP-2922,ONLINE
TXN102835,CUS10080,2026-07-20 09:36:00,65560.81,SEPA_OUT,FI,CP-6931,API
TXN105282,CUS10146,2026-07-20 09:43:00,4737.38,SEPA_OUT,GB,CP-5096,MOBILE
TXN102235,CUS10065,2026-07-20 09:44:00,149524.45,SEPA_IN,JP,CP-7760,MOBILE
TXN103865,CUS10111,2026-07-20 09:55:00,11632.29,CASH_WITHDRAWAL,SE,CP-9467,API
TXN102983,CUS10084,2026-07-20 10:07:00,2624.65,SEPA_OUT,JP,CP-6251,API
TXN101792,CUS10052,2026-07-20 10:09:00,18328.33,SEPA_OUT,AT,CP-5215,BRANCH
TXN103232,CUS10092,2026-07-20 10:17:00,8845.18,CASH_DEPOSIT,MC,CP-8240,MOBILE
TXN104401,CUS10125,2026-07-20 10:24:00,9822.35,WIRE_OUT,IE,CP-5850,API
TXN104492,CUS10128,2026-07-20 10:57:00,26003.62,CASH_WITHDRAWAL,BE,CP-5901,API
TXN101188,CUS10034,2026-07-20 11:00:00,3234.94,CASH_DEPOSIT,SE,CP-7131,MOBILE
TXN105587,CUS10153,2026-07-20 11:00:00,2328.54,SEPA_IN,BE,CP-8501,API
TXN105019,CUS10140,2026-07-20 11:02:00,11459.07,CASH_DEPOSIT,GB,CP-7388,API
TXN105717,CUS10157,2026-07-20 11:04:00,3379.44,SEPA_OUT,AT,CP-4552,ONLINE
TXN103637,CUS10104,2026-07-20 11:08:00,56022.33,WIRE_OUT,SG,CP-4605,MOBILE
TXN103461,CUS10099,2026-07-20 11:08:00,9504.83,WIRE_IN,BE,CP-7244,MOBILE
TXN100163,CUS10004,2026-07-20 11:21:00,21609.99,CASH_DEPOSIT,KE,CP-5026,MOBILE
TXN106312,CUS10174,2026-07-20 11:21:00,30913.04,SEPA_IN,FI,CP-6894,MOBILE
TXN104274,CUS10121,2026-07-20 11:23:00,826.69,SEPA_OUT,AE,CP-9355,API
TXN104614,CUS10132,2026-07-20 11:26:00,87142.07,WIRE_IN,FR,CP-8149,BRANCH
TXN103453,CUS10098,2026-07-20 11:29:00,1330.4,WIRE_IN,PA,CP-3992,API
TXN103611,CUS10104,2026-07-20 11:32:00,45549.49,WIRE_IN,SG,CP-3840,ONLINE
TXN103664,CUS10105,2026-07-20 11:41:00,5409.5,WIRE_IN,ZA,CP-4251,MOBILE
TXN102569,CUS10074,2026-07-20 12:11:00,17268.05,SEPA_IN,CA,CP-1372,MOBILE
TXN102520,CUS10073,2026-07-20 12:23:00,95872.36,CASH_DEPOSIT,SG,CP-4802,ONLINE
TXN100442,CUS10013,2026-07-20 13:38:00,797.05,CASH_WITHDRAWAL,JP,CP-5934,MOBILE
TXN102973,CUS10084,2026-07-20 13:38:00,10214.31,CASH_DEPOSIT,JP,CP-6623,MOBILE
TXN103255,CUS10092,2026-07-20 13:43:00,23453.64,WIRE_IN,KP,CP-9312,API
TXN106455,CUS10179,2026-07-20 13:53:00,932.89,CASH_WITHDRAWAL,SG,CP-8924,API
TXN105500,CUS10151,2026-07-20 13:56:00,14625.66,CASH_WITHDRAWAL,NL,CP-8684,API
TXN102348,CUS10069,2026-07-20 14:06:00,14513.03,CASH_WITHDRAWAL,IT,CP-3722,API
TXN106360,CUS10176,2026-07-20 14:08:00,8548.91,CASH_WITHDRAWAL,MC,CP-8037,MOBILE
TXN102224,CUS10064,2026-07-20 14:21:00,12392.06,SEPA_OUT,SE,CP-5376,BRANCH
TXN101475,CUS10043,2026-07-20 14:32:00,139976.28,SEPA_IN,BE,CP-1870,MOBILE
TXN102227,CUS10065,2026-07-20 14:35:00,51547.81,WIRE_OUT,JP,CP-1009,ONLINE
TXN100185,CUS10004,2026-07-20 14:45:00,73766.29,CASH_WITHDRAWAL,BE,CP-7383,API
TXN102184,CUS10063,2026-07-20 14:54:00,710.08,SEPA_OUT,VN,CP-1377,API
TXN100013,CUS10000,2026-07-20 15:04:00,18033.38,CASH_WITHDRAWAL,AT,CP-5961,API
TXN102687,CUS10077,2026-07-20 15:18:00,609.88,CASH_WITHDRAWAL,PL,CP-9048,ONLINE
TXN101157,CUS10033,2026-07-20 15:22:00,126280.16,CASH_WITHDRAWAL,PA,CP-1564,BRANCH
TXN101991,CUS10059,2026-07-20 15:34:00,152365.42,WIRE_OUT,AT,CP-5699,BRANCH
TXN105531,CUS10152,2026-07-20 15:35:00,45764.62,WIRE_OUT,HR,CP-4977,MOBILE
TXN100539,CUS10015,2026-07-20 15:51:00,26263.71,SEPA_OUT,PL,CP-9185,BRANCH
TXN101761,CUS10051,2026-07-20 15:54:00,37722.48,WIRE_OUT,AE,CP-9720,BRANCH
TXN101403,CUS10042,2026-07-20 15:59:00,7405.91,SEPA_IN,YE,CP-2861,MOBILE
TXN102085,CUS10061,2026-07-20 16:00:00,7845.85,CASH_DEPOSIT,VN,CP-5610,API
TXN104745,CUS10134,2026-07-20 16:19:00,6633.87,CASH_DEPOSIT,FR,CP-2004,BRANCH
TXN102635,CUS10075,2026-07-20 16:21:00,49096.55,WIRE_OUT,AT,CP-3618,API
TXN101008,CUS10029,2026-07-20 16:26:00,4824.04,SEPA_OUT,BE,CP-7773,MOBILE
TXN101710,CUS10050,2026-07-20 16:36:00,202049.59,CASH_WITHDRAWAL,NG,CP-8108,API
TXN100496,CUS10014,2026-07-20 17:06:00,36344.82,CASH_DEPOSIT,NL,CP-1639,ONLINE
TXN102571,CUS10074,2026-07-20 17:18:00,6538.33,WIRE_IN,CA,CP-4172,API
TXN101831,CUS10053,2026-07-20 17:19:00,100426.04,CASH_DEPOSIT,CH,CP-2441,MOBILE
TXN102995,CUS10084,2026-07-20 17:20:00,2216.55,CASH_WITHDRAWAL,JP,CP-7590,BRANCH
TXN105626,CUS10154,2026-07-20 17:25:00,5416.04,WIRE_IN,MM,CP-5529,BRANCH
TXN102382,CUS10070,2026-07-20 18:04:00,27428.55,SEPA_OUT,DK,CP-5835,BRANCH
TXN101349,CUS10040,2026-07-20 18:09:00,6961.89,SEPA_OUT,VN,CP-8318,MOBILE
TXN100680,CUS10020,2026-07-20 18:29:00,14844.08,SEPA_IN,FI,CP-8577,MOBILE
TXN100760,CUS10022,2026-07-20 18:40:00,2629.01,WIRE_IN,BE,CP-7397,API
TXN106143,CUS10169,2026-07-20 18:46:00,3598.9,CASH_DEPOSIT,SE,CP-9580,BRANCH
TXN100788,CUS10024,2026-07-20 18:54:00,1969.61,SEPA_OUT,SE,CP-3888,BRANCH
TXN105715,CUS10157,2026-07-21 08:04:00,2963.92,WIRE_IN,NG,CP-9211,API
TXN106434,CUS10178,2026-07-21 08:15:00,23212.86,CASH_DEPOSIT,SE,CP-7237,API
TXN102228,CUS10065,2026-07-21 08:16:00,18720.45,WIRE_IN,JP,CP-4589,MOBILE
TXN105369,CUS10148,2026-07-21 08:39:00,74269.96,WIRE_IN,JP,CP-4081,MOBILE
TXN102318,CUS10068,2026-07-21 08:50:00,26657.22,CASH_WITHDRAWAL,FR,CP-8516,API
TXN100781,CUS10023,2026-07-21 08:56:00,1431.67,WIRE_IN,ES,CP-1118,BRANCH
TXN105382,CUS10148,2026-07-21 08:58:00,10069.78,WIRE_IN,JP,CP-4776,API
TXN105807,CUS10159,2026-07-21 08:59:00,62429.71,WIRE_IN,FI,CP-5684,ONLINE
TXN100858,CUS10025,2026-07-21 09:13:00,1339.36,WIRE_OUT,IE,CP-4087,ONLINE
TXN101383,CUS10041,2026-07-21 09:17:00,5133.01,SEPA_IN,IT,CP-2461,ONLINE
TXN103268,CUS10093,2026-07-21 09:25:00,10028.39,SEPA_OUT,SE,CP-7265,API
TXN103841,CUS10110,2026-07-21 09:31:00,47229.44,WIRE_OUT,AU,CP-3274,BRANCH
TXN102145,CUS10062,2026-07-21 09:36:00,274441.84,WIRE_OUT,IT,CP-8308,API
TXN105248,CUS10145,2026-07-21 09:40:00,8025.43,SEPA_OUT,CA,CP-4793,BRANCH
TXN101886,CUS10055,2026-07-21 09:43:00,4360.47,CASH_WITHDRAWAL,YE,CP-4707,BRANCH
TXN102562,CUS10074,2026-07-21 09:55:00,9936.5,CASH_WITHDRAWAL,CA,CP-8542,MOBILE
TXN105858,CUS10161,2026-07-21 09:59:00,32750.47,SEPA_IN,SG,CP-5008,API
TXN103681,CUS10106,2026-07-21 10:04:00,30413.23,WIRE_IN,IT,CP-7627,ONLINE
TXN101814,CUS10053,2026-07-21 10:04:00,67223.58,SEPA_IN,AE,CP-2549,MOBILE
TXN101029,CUS10029,2026-07-21 10:32:00,919.19,CASH_WITHDRAWAL,NL,CP-8499,BRANCH
TXN102832,CUS10080,2026-07-21 10:36:00,290952.39,WIRE_OUT,FI,CP-2941,MOBILE
TXN100029,CUS10000,2026-07-21 10:53:00,65989.37,CASH_DEPOSIT,AT,CP-3712,MOBILE
TXN102481,CUS10072,2026-07-21 10:57:00,164877.66,SEPA_IN,ZA,CP-1555,BRANCH
TXN105449,CUS10150,2026-07-21 11:03:00,6759.84,SEPA_IN,VN,CP-5250,ONLINE
TXN104585,CUS10130,2026-07-21 11:36:00,21644.55,CASH_WITHDRAWAL,SE,CP-1434,BRANCH
TXN105537,CUS10152,2026-07-21 11:38:00,62796.54,CASH_WITHDRAWAL,JP,CP-3119,MOBILE
TXN103287,CUS10094,2026-07-21 11:46:00,7035.23,WIRE_OUT,IE,CP-5843,API
TXN101818,CUS10053,2026-07-21 11:49:00,70382.48,WIRE_OUT,CH,CP-3587,BRANCH
TXN103531,CUS10101,2026-07-21 11:49:00,368341.5,SEPA_IN,PH,CP-8659,API
TXN100033,CUS10000,2026-07-21 11:51:00,35754.63,SEPA_IN,AT,CP-1854,MOBILE
TXN100243,CUS10007,2026-07-21 12:05:00,166576.19,SEPA_IN,AT,CP-2350,API
TXN103938,CUS10112,2026-07-21 12:08:00,31505.12,CASH_WITHDRAWAL,JP,CP-6972,BRANCH
TXN104474,CUS10127,2026-07-21 12:29:00,40984.61,WIRE_OUT,AT,CP-7597,API
TXN100358,CUS10010,2026-07-21 12:47:00,10788.04,SEPA_IN,LU,CP-1449,MOBILE
TXN100272,CUS10007,2026-07-21 12:49:00,211321.28,CASH_DEPOSIT,AT,CP-2889,BRANCH
TXN105757,CUS10158,2026-07-21 12:53:00,31962.28,CASH_WITHDRAWAL,AT,CP-1413,API
TXN103378,CUS10096,2026-07-21 12:53:00,124913.45,WIRE_IN,HR,CP-4640,MOBILE
TXN101593,CUS10047,2026-07-21 13:02:00,4293.56,WIRE_OUT,PH,CP-1418,ONLINE
TXN101727,CUS10050,2026-07-21 13:06:00,159062.13,CASH_WITHDRAWAL,NG,CP-7456,BRANCH
TXN103335,CUS10096,2026-07-21 13:12:00,28478.41,WIRE_OUT,HR,CP-1107,BRANCH
TXN105490,CUS10151,2026-07-21 13:29:00,5998.11,SEPA_IN,TR,CP-5812,BRANCH
TXN104636,CUS10132,2026-07-21 13:35:00,126649.97,WIRE_OUT,FR,CP-4363,BRANCH
TXN105435,CUS10149,2026-07-21 13:37:00,1275.81,WIRE_IN,CA,CP-4213,BRANCH
TXN103915,CUS10111,2026-07-21 14:04:00,19357.47,WIRE_IN,SE,CP-6256,ONLINE
TXN102009,CUS10059,2026-07-21 14:07:00,176426.57,CASH_DEPOSIT,ES,CP-7712,BRANCH
TXN105253,CUS10146,2026-07-21 14:18:00,636.09,CASH_DEPOSIT,GB,CP-4110,BRANCH
TXN103874,CUS10111,2026-07-21 14:25:00,11531.21,SEPA_OUT,SE,CP-8292,BRANCH
TXN102726,CUS10078,2026-07-21 14:38:00,9358.52,WIRE_IN,IT,CP-9650,BRANCH
TXN102860,CUS10081,2026-07-21 14:52:00,2724.12,SEPA_IN,AT,CP-6061,BRANCH
TXN103059,CUS10086,2026-07-21 14:56:00,1518.05,WIRE_IN,CA,CP-1511,ONLINE
TXN106357,CUS10176,2026-07-21 15:04:00,1210.66,WIRE_OUT,MC,CP-4367,API
TXN102599,CUS10075,2026-07-21 15:59:00,14055.76,SEPA_OUT,AT,CP-7449,MOBILE
TXN104971,CUS10139,2026-07-21 16:14:00,3905.09,WIRE_OUT,ES,CP-9147,BRANCH
TXN100459,CUS10014,2026-07-21 16:14:00,31961.96,SEPA_OUT,NL,CP-9941,API
TXN102707,CUS10077,2026-07-21 16:15:00,2123.56,WIRE_IN,SY,CP-3473,ONLINE
TXN101060,CUS10030,2026-07-21 16:36:00,7725.1,WIRE_IN,BE,CP-7476,ONLINE
TXN105123,CUS10142,2026-07-21 16:54:00,78818.04,WIRE_OUT,PL,CP-9827,BRANCH
TXN102625,CUS10075,2026-07-21 16:57:00,10461.31,CASH_DEPOSIT,AT,CP-5430,BRANCH
TXN105190,CUS10144,2026-07-21 17:11:00,2506.25,CASH_WITHDRAWAL,PH,CP-7539,ONLINE
TXN100995,CUS10029,2026-07-21 17:13:00,1663.77,CASH_WITHDRAWAL,NL,CP-2412,MOBILE
TXN102241,CUS10065,2026-07-21 17:20:00,133003.97,WIRE_IN,JP,CP-2649,ONLINE
TXN101389,CUS10041,2026-07-21 17:25:00,4560.94,SEPA_OUT,AT,CP-8573,ONLINE
TXN105918,CUS10162,2026-07-21 17:32:00,139708.9,CASH_DEPOSIT,PL,CP-3772,ONLINE
TXN104645,CUS10132,2026-07-21 17:46:00,303653.93,SEPA_IN,FR,CP-6439,ONLINE
TXN102830,CUS10080,2026-07-21 17:47:00,21322.25,WIRE_IN,ES,CP-1477,API
TXN104243,CUS10120,2026-07-21 18:16:00,72868.21,CASH_WITHDRAWAL,PL,CP-3023,MOBILE
TXN104008,CUS10113,2026-07-21 18:26:00,2819.32,CASH_DEPOSIT,PL,CP-4578,API
TXN104762,CUS10135,2026-07-21 18:48:00,7132.57,CASH_WITHDRAWAL,AT,CP-3877,ONLINE
TXN105506,CUS10151,2026-07-21 18:55:00,3594.08,SEPA_OUT,NL,CP-5003,API
TXN103452,CUS10098,2026-07-21 18:56:00,1881.08,SEPA_OUT,PA,CP-1304,ONLINE
TXN104012,CUS10113,2026-07-22 08:03:00,1894.82,SEPA_IN,CH,CP-3821,BRANCH
TXN104954,CUS10138,2026-07-22 08:31:00,27059.51,CASH_WITHDRAWAL,NG,CP-1575,BRANCH
TXN101041,CUS10030,2026-07-22 08:36:00,2886.4,CASH_WITHDRAWAL,BE,CP-6060,ONLINE
TXN101680,CUS10049,2026-07-22 08:50:00,5755.18,WIRE_OUT,AT,CP-2496,BRANCH
TXN102987,CUS10084,2026-07-22 08:55:00,2244.91,CASH_WITHDRAWAL,JP,CP-7185,API
TXN101344,CUS10040,2026-07-22 09:14:00,17812.61,SEPA_IN,VN,CP-6854,ONLINE
TXN104424,CUS10126,2026-07-22 09:15:00,4054.35,SEPA_OUT,BG,CP-1560,ONLINE
TXN100697,CUS10021,2026-07-22 09:19:00,765.73,SEPA_IN,LU,CP-9856,MOBILE
TXN101605,CUS10047,2026-07-22 09:26:00,971.71,CASH_DEPOSIT,PH,CP-8698,ONLINE
TXN105136,CUS10143,2026-07-22 09:39:00,61148.63,CASH_DEPOSIT,FR,CP-4233,ONLINE
TXN106178,CUS10170,2026-07-22 09:42:00,148832.53,SEPA_IN,DK,CP-4058,ONLINE
TXN102541,CUS10073,2026-07-22 09:46:00,30448.74,SEPA_IN,SG,CP-2234,API
TXN100384,CUS10011,2026-07-22 09:52:00,11350.34,SEPA_IN,IE,CP-8469,API
TXN103069,CUS10086,2026-07-22 09:54:00,3626.06,CASH_DEPOSIT,AT,CP-4690,API
TXN104995,CUS10140,2026-07-22 10:06:00,8013.21,CASH_DEPOSIT,GB,CP-7560,BRANCH
TXN104539,CUS10129,2026-07-22 10:15:00,3845.73,WIRE_OUT,AU,CP-5701,ONLINE
TXN104620,CUS10132,2026-07-22 10:20:00,57970.8,CASH_DEPOSIT,FR,CP-7790,API
TXN100599,CUS10017,2026-07-22 10:35:00,112695.45,SEPA_IN,KE,CP-3591,MOBILE
TXN103333,CUS10095,2026-07-22 10:49:00,3297.7,SEPA_IN,AU,CP-5903,BRANCH
TXN105829,CUS10159,2026-07-22 10:54:00,247783.29,CASH_WITHDRAWAL,FI,CP-3869,API
TXN105563,CUS10153,2026-07-22 11:00:00,37869.23,CASH_DEPOSIT,FI,CP-9821,ONLINE
TXN102965,CUS10083,2026-07-22 11:01:00,33872.99,CASH_WITHDRAWAL,NL,CP-3159,ONLINE
TXN106484,CUS10179,2026-07-22 11:08:00,3656.41,WIRE_OUT,BE,CP-4737,BRANCH
TXN103639,CUS10104,2026-07-22 11:30:00,60096.16,CASH_DEPOSIT,SG,CP-1927,ONLINE
TXN101441,CUS10043,2026-07-22 11:46:00,213071.48,SEPA_OUT,BE,CP-7942,API
TXN103193,CUS10091,2026-07-22 11:47:00,50842.64,CASH_WITHDRAWAL,CH,CP-3431,ONLINE
TXN102193,CUS10063,2026-07-22 11:54:00,1400.15,CASH_DEPOSIT,VN,CP-9698,BRANCH
TXN103063,CUS10086,2026-07-22 12:02:00,1364.11,WIRE_OUT,CA,CP-2914,API
TXN104456,CUS10127,2026-07-22 12:19:00,8255.35,SEPA_IN,AT,CP-4236,API
TXN103370,CUS10096,2026-07-22 12:28:00,78327.12,SEPA_OUT,HR,CP-4091,API
TXN104216,CUS10119,2026-07-22 12:29:00,368030.78,SEPA_IN,FI,CP-3100,ONLINE
TXN101974,CUS10058,2026-07-22 12:43:00,8209.54,CASH_WITHDRAWAL,GB,CP-7524,API
TXN101917,CUS10056,2026-07-22 13:01:00,12678.1,CASH_DEPOSIT,BG,CP-6087,API
TXN105861,CUS10161,2026-07-22 13:10:00,111288.47,WIRE_OUT,LU,CP-4750,API
TXN100165,CUS10004,2026-07-22 13:10:00,57970.03,CASH_DEPOSIT,KE,CP-9000,BRANCH
TXN104573,CUS10129,2026-07-22 13:14:00,1305.26,SEPA_OUT,AU,CP-5728,ONLINE
TXN101484,CUS10044,2026-07-22 13:43:00,9974.3,WIRE_OUT,CH,CP-6442,MOBILE
TXN102017,CUS10059,2026-07-22 13:54:00,16772.8,CASH_DEPOSIT,ES,CP-5591,ONLINE
TXN101139,CUS10032,2026-07-22 13:55:00,7301.32,WIRE_OUT,JP,CP-2814,BRANCH
TXN100386,CUS10011,2026-07-22 14:01:00,27384.0,CASH_WITHDRAWAL,IE,CP-3149,BRANCH
TXN102804,CUS10080,2026-07-22 14:02:00,77206.0,WIRE_OUT,FI,CP-7866,BRANCH
TXN102906,CUS10082,2026-07-22 14:10:00,5973.35,WIRE_IN,IE,CP-9128,ONLINE
TXN100326,CUS10009,2026-07-22 14:10:00,52617.19,CASH_DEPOSIT,FI,CP-2525,API
TXN105162,CUS10143,2026-07-22 14:12:00,38711.47,SEPA_OUT,FR,CP-9073,MOBILE
TXN105401,CUS10148,2026-07-22 14:20:00,15160.53,WIRE_IN,JP,CP-3658,ONLINE
TXN104021,CUS10113,2026-07-22 14:22:00,1333.98,SEPA_OUT,CH,CP-5328,BRANCH
TXN104947,CUS10138,2026-07-22 14:30:00,7162.55,CASH_DEPOSIT,ZA,CP-1989,MOBILE
TXN103183,CUS10090,2026-07-22 14:34:00,6395.74,CASH_WITHDRAWAL,PH,CP-5678,MOBILE
TXN103465,CUS10099,2026-07-22 14:36:00,715.04,WIRE_IN,BE,CP-7288,MOBILE
TXN103646,CUS10104,2026-07-22 14:52:00,51245.63,CASH_DEPOSIT,SG,CP-5318,MOBILE
TXN101219,CUS10035,2026-07-22 15:07:00,231787.44,CASH_DEPOSIT,NG,CP-4946,BRANCH
TXN100419,CUS10013,2026-07-22 15:08:00,4397.92,CASH_WITHDRAWAL,VN,CP-7704,ONLINE
TXN100058,CUS10002,2026-07-22 15:22:00,10862.04,CASH_WITHDRAWAL,FI,CP-6776,MOBILE
TXN103446,CUS10098,2026-07-22 15:25:00,1905.53,WIRE_IN,PA,CP-1542,BRANCH
TXN100870,CUS10025,2026-07-22 16:00:00,1808.34,WIRE_OUT,NL,CP-9260,MOBILE
TXN103259,CUS10092,2026-07-22 16:33:00,65734.41,SEPA_OUT,KP,CP-9562,ONLINE
TXN105543,CUS10152,2026-07-22 16:45:00,71147.29,SEPA_OUT,AU,CP-9034,MOBILE
TXN105735,CUS10157,2026-07-22 16:57:00,3327.48,WIRE_OUT,NG,CP-7328,MOBILE
TXN103101,CUS10087,2026-07-22 16:58:00,165222.52,SEPA_OUT,KE,CP-6383,API
TXN105803,CUS10159,2026-07-22 16:59:00,357082.72,SEPA_OUT,FI,CP-9379,BRANCH
TXN101277,CUS10036,2026-07-22 17:03:00,57074.4,SEPA_IN,HR,CP-9074,ONLINE
TXN100230,CUS10006,2026-07-22 17:08:00,1161.46,WIRE_OUT,KE,CP-1972,API
TXN102500,CUS10073,2026-07-22 17:10:00,131543.69,CASH_DEPOSIT,SG,CP-4631,BRANCH
TXN105032,CUS10140,2026-07-22 17:21:00,14955.27,WIRE_OUT,SE,CP-9497,ONLINE
TXN101420,CUS10042,2026-07-22 17:27:00,6409.32,SEPA_OUT,YE,CP-4156,MOBILE
TXN101775,CUS10051,2026-07-22 17:40:00,7246.63,WIRE_IN,AE,CP-7066,ONLINE
TXN103036,CUS10085,2026-07-22 17:55:00,31679.26,WIRE_IN,PH,CP-3266,API
TXN101003,CUS10029,2026-07-22 18:07:00,1241.62,SEPA_IN,BG,CP-3572,API
TXN100494,CUS10014,2026-07-22 18:21:00,281842.36,CASH_DEPOSIT,PL,CP-2127,BRANCH
TXN102229,CUS10065,2026-07-22 18:31:00,186579.9,CASH_WITHDRAWAL,JP,CP-8530,API
TXN100078,CUS10002,2026-07-22 18:39:00,8968.08,CASH_DEPOSIT,FI,CP-6531,ONLINE
TXN102679,CUS10076,2026-07-22 18:51:00,3374.87,WIRE_OUT,JP,CP-2817,BRANCH
TXN103076,CUS10087,2026-07-22 18:53:00,154929.94,CASH_WITHDRAWAL,NG,CP-6122,ONLINE
TXN100371,CUS10011,2026-07-22 18:56:00,31029.95,SEPA_IN,IE,CP-2599,MOBILE
TXN101068,CUS10030,2026-07-23 08:07:00,2866.11,WIRE_OUT,BE,CP-8283,ONLINE
TXN103690,CUS10106,2026-07-23 08:08:00,63840.57,WIRE_OUT,KE,CP-3189,BRANCH
TXN101689,CUS10049,2026-07-23 08:12:00,3387.16,CASH_DEPOSIT,AT,CP-4193,ONLINE
TXN100659,CUS10019,2026-07-23 08:26:00,37122.12,CASH_WITHDRAWAL,BE,CP-8311,API
TXN103302,CUS10094,2026-07-23 08:44:00,9910.19,SEPA_IN,IE,CP-4855,API
TXN104066,CUS10114,2026-07-23 08:49:00,24240.31,WIRE_OUT,IT,CP-2258,MOBILE
TXN105308,CUS10147,2026-07-23 09:44:00,11351.82,SEPA_OUT,VN,CP-8432,BRANCH
TXN104858,CUS10137,2026-07-23 09:52:00,23129.44,WIRE_IN,AU,CP-6926,BRANCH
TXN104117,CUS10116,2026-07-23 09:52:00,1837.22,WIRE_OUT,JP,CP-4078,MOBILE
TXN102981,CUS10084,2026-07-23 10:09:00,5765.27,SEPA_OUT,MC,CP-5170,BRANCH
TXN102672,CUS10076,2026-07-23 10:18:00,5131.87,SEPA_OUT,JP,CP-8015,MOBILE
TXN106393,CUS10177,2026-07-23 10:38:00,24483.04,WIRE_OUT,ES,CP-3214,MOBILE
TXN102416,CUS10071,2026-07-23 11:16:00,6477.26,WIRE_IN,CA,CP-8041,BRANCH
TXN104037,CUS10114,2026-07-23 11:17:00,17450.07,CASH_DEPOSIT,KE,CP-9693,ONLINE
TXN103832,CUS10110,2026-07-23 11:19:00,190894.09,WIRE_IN,AU,CP-5487,ONLINE
TXN102433,CUS10071,2026-07-23 11:19:00,3624.2,CASH_WITHDRAWAL,US,CP-4737,BRANCH
TXN101947,CUS10058,2026-07-23 11:40:00,8140.51,WIRE_OUT,GB,CP-9768,BRANCH
TXN100964,CUS10028,2026-07-23 11:49:00,19390.16,WIRE_IN,LU,CP-4411,BRANCH
TXN100861,CUS10025,2026-07-23 12:01:00,619.63,WIRE_IN,IE,CP-4643,BRANCH
TXN100819,CUS10024,2026-07-23 12:04:00,4885.9,SEPA_IN,CA,CP-2835,BRANCH
TXN104151,CUS10118,2026-07-23 12:15:00,51355.83,WIRE_OUT,ES,CP-7286,BRANCH
TXN102697,CUS10077,2026-07-23 12:16:00,729.2,CASH_WITHDRAWAL,SY,CP-6889,API
TXN101725,CUS10050,2026-07-23 12:19:00,198667.85,WIRE_OUT,NG,CP-4331,MOBILE
TXN103547,CUS10101,2026-07-23 12:19:00,269368.77,WIRE_OUT,AE,CP-6347,API
TXN100712,CUS10022,2026-07-23 12:25:00,2694.41,WIRE_IN,BE,CP-7208,API
TXN100347,CUS10010,2026-07-23 12:25:00,2702.81,CASH_DEPOSIT,US,CP-7581,ONLINE
TXN105788,CUS10158,2026-07-23 12:28:00,10297.74,SEPA_IN,AT,CP-4512,MOBILE
TXN100738,CUS10022,2026-07-23 12:50:00,15791.88,SEPA_OUT,BE,CP-3962,ONLINE
TXN105175,CUS10144,2026-07-23 12:53:00,17606.36,WIRE_IN,PH,CP-1751,BRANCH
TXN105418,CUS10149,2026-07-23 12:53:00,1320.11,WIRE_IN,CA,CP-4950,BRANCH
TXN101105,CUS10032,2026-07-23 12:58:00,1813.38,CASH_WITHDRAWAL,AT,CP-3248,MOBILE
TXN102026,CUS10059,2026-07-23 13:04:00,351868.52,WIRE_OUT,ES,CP-2431,ONLINE
TXN105353,CUS10148,2026-07-23 13:09:00,52792.12,WIRE_IN,KE,CP-4279,ONLINE
TXN103701,CUS10107,2026-07-23 13:21:00,266384.84,CASH_WITHDRAWAL,GB,CP-4412,API
TXN101981,CUS10058,2026-07-23 13:29:00,2763.7,CASH_WITHDRAWAL,GB,CP-1924,MOBILE
TXN102073,CUS10060,2026-07-23 13:39:00,9758.28,CASH_WITHDRAWAL,FR,CP-5635,API
TXN101104,CUS10032,2026-07-23 13:54:00,10111.39,WIRE_OUT,AT,CP-4211,ONLINE
TXN104946,CUS10138,2026-07-23 13:59:00,11527.52,WIRE_IN,ZA,CP-1504,BRANCH
TXN105603,CUS10153,2026-07-23 14:13:00,45277.36,CASH_WITHDRAWAL,BE,CP-3818,ONLINE
TXN105301,CUS10146,2026-07-23 14:27:00,1622.28,SEPA_OUT,GB,CP-1708,BRANCH
TXN105412,CUS10149,2026-07-23 14:30:00,1130.45,WIRE_OUT,PA,CP-3590,ONLINE
TXN104908,CUS10137,2026-07-23 14:32:00,25811.73,CASH_DEPOSIT,JP,CP-5185,BRANCH
TXN100518,CUS10015,2026-07-23 14:32:00,45112.86,WIRE_IN,PL,CP-9243,API
TXN101346,CUS10040,2026-07-23 14:33:00,1080.18,WIRE_OUT,VN,CP-7967,BRANCH
TXN101538,CUS10045,2026-07-23 14:48:00,32684.96,WIRE_IN,BG,CP-2014,API
TXN101942,CUS10057,2026-07-23 14:56:00,10335.3,WIRE_IN,LU,CP-4023,API
TXN100309,CUS10009,2026-07-23 15:02:00,17721.88,WIRE_OUT,FI,CP-4584,ONLINE
TXN105768,CUS10158,2026-07-23 15:10:00,49095.22,WIRE_OUT,AT,CP-4521,API
TXN101384,CUS10041,2026-07-23 15:16:00,15088.61,SEPA_OUT,CH,CP-3301,ONLINE
TXN102630,CUS10075,2026-07-23 15:18:00,26411.9,CASH_WITHDRAWAL,AT,CP-4672,API
TXN101582,CUS10047,2026-07-23 15:29:00,924.33,WIRE_IN,PH,CP-8642,ONLINE
TXN106469,CUS10179,2026-07-23 15:44:00,1225.34,SEPA_IN,SG,CP-2506,BRANCH
TXN105658,CUS10155,2026-07-23 15:45:00,25104.26,WIRE_OUT,CA,CP-2130,API
TXN101234,CUS10036,2026-07-23 15:46:00,21906.03,CASH_WITHDRAWAL,HR,CP-3608,ONLINE
TXN103923,CUS10112,2026-07-23 15:48:00,11478.18,CASH_DEPOSIT,LU,CP-4636,API
TXN101913,CUS10056,2026-07-23 15:54:00,31100.69,SEPA_IN,BG,CP-9818,BRANCH
TXN105909,CUS10162,2026-07-23 16:04:00,40518.07,WIRE_OUT,PL,CP-7785,API
TXN103804,CUS10109,2026-07-23 16:09:00,4079.74,CASH_DEPOSIT,CH,CP-5550,MOBILE
TXN102745,CUS10078,2026-07-23 16:10:00,3286.52,SEPA_IN,PL,CP-5587,ONLINE
TXN100141,CUS10004,2026-07-23 16:25:00,118559.58,CASH_WITHDRAWAL,KE,CP-4648,ONLINE
TXN106002,CUS10166,2026-07-23 16:26:00,39220.54,SEPA_OUT,US,CP-5786,BRANCH
TXN103140,CUS10089,2026-07-23 16:34:00,8203.27,CASH_DEPOSIT,CH,CP-9341,MOBILE
TXN106005,CUS10166,2026-07-23 16:38:00,162808.1,SEPA_IN,PA,CP-7472,MOBILE
TXN103961,CUS10112,2026-07-23 16:41:00,189058.03,SEPA_IN,AT,CP-5565,ONLINE
TXN100315,CUS10009,2026-07-23 16:44:00,21186.35,SEPA_IN,PL,CP-4657,BRANCH
TXN102709,CUS10077,2026-07-23 16:55:00,7276.86,WIRE_IN,SY,CP-4474,BRANCH
TXN101852,CUS10054,2026-07-23 16:58:00,1603.53,CASH_DEPOSIT,DE,CP-2993,BRANCH
TXN102980,CUS10084,2026-07-23 17:20:00,2573.29,WIRE_IN,JP,CP-9093,ONLINE
TXN103735,CUS10108,2026-07-23 17:30:00,18895.21,SEPA_OUT,CA,CP-2509,API
TXN100784,CUS10023,2026-07-23 17:44:00,6520.48,WIRE_OUT,ES,CP-9190,ONLINE
TXN104428,CUS10126,2026-07-23 17:52:00,9045.35,CASH_WITHDRAWAL,FI,CP-7427,API
TXN103006,CUS10085,2026-07-23 17:59:00,61468.85,SEPA_OUT,PH,CP-8245,MOBILE
TXN103310,CUS10094,2026-07-23 18:09:00,3237.38,WIRE_IN,IE,CP-2228,MOBILE
TXN103859,CUS10110,2026-07-23 18:30:00,71274.34,SEPA_OUT,AU,CP-2096,BRANCH
TXN100757,CUS10022,2026-07-23 18:31:00,4830.67,CASH_DEPOSIT,BE,CP-8065,BRANCH
TXN101170,CUS10033,2026-07-23 18:48:00,38232.93,CASH_WITHDRAWAL,US,CP-8899,ONLINE
TXN105716,CUS10157,2026-07-24 08:00:00,5974.57,WIRE_OUT,NG,CP-2628,API
TXN106473,CUS10179,2026-07-24 08:28:00,310.17,SEPA_OUT,SG,CP-5274,ONLINE
TXN102905,CUS10082,2026-07-24 08:30:00,15191.36,WIRE_OUT,NG,CP-1297,API
TXN105151,CUS10143,2026-07-24 08:37:00,21071.51,WIRE_IN,FR,CP-1738,BRANCH
TXN100587,CUS10017,2026-07-24 08:39:00,42223.34,CASH_DEPOSIT,PH,CP-4912,API
TXN105720,CUS10157,2026-07-24 08:53:00,2944.73,CASH_DEPOSIT,NG,CP-6696,ONLINE
TXN106595,CUS10022,2026-07-24 09:00:00,750000.0,WIRE_OUT,IR,CP-6594,ONLINE
TXN102089,CUS10061,2026-07-24 09:02:00,66588.26,WIRE_IN,PL,CP-4368,BRANCH
TXN102174,CUS10063,2026-07-24 09:23:00,2136.14,WIRE_IN,FR,CP-2151,API
TXN106472,CUS10179,2026-07-24 09:43:00,2310.5,WIRE_OUT,VN,CP-1194,API
TXN105022,CUS10140,2026-07-24 09:43:00,7181.61,WIRE_IN,GB,CP-4852,MOBILE
TXN101391,CUS10042,2026-07-24 09:58:00,2422.85,SEPA_OUT,JP,CP-4268,MOBILE
TXN100664,CUS10020,2026-07-24 10:03:00,4711.41,WIRE_IN,DE,CP-3381,ONLINE
TXN105027,CUS10140,2026-07-24 10:07:00,5859.45,WIRE_OUT,FR,CP-7636,API
TXN103993,CUS10113,2026-07-24 10:14:00,7598.84,CASH_DEPOSIT,SG,CP-4454,ONLINE
TXN104891,CUS10137,2026-07-24 10:33:00,7854.81,CASH_DEPOSIT,US,CP-3316,API
TXN105095,CUS10142,2026-07-24 10:40:00,63187.92,SEPA_IN,PL,CP-2912,ONLINE
TXN105287,CUS10146,2026-07-24 10:45:00,6200.75,SEPA_OUT,GB,CP-7935,MOBILE
TXN103885,CUS10111,2026-07-24 10:50:00,31995.24,SEPA_OUT,SE,CP-8560,ONLINE
TXN100827,CUS10024,2026-07-24 10:53:00,1371.19,CASH_WITHDRAWAL,CA,CP-3514,BRANCH
TXN101137,CUS10032,2026-07-24 11:04:00,1560.54,SEPA_IN,JP,CP-4373,BRANCH
TXN105513,CUS10151,2026-07-24 11:08:00,10250.02,CASH_DEPOSIT,NL,CP-7069,BRANCH
TXN102430,CUS10071,2026-07-24 11:18:00,6545.65,SEPA_OUT,PH,CP-7622,ONLINE
TXN103522,CUS10101,2026-07-24 11:20:00,38486.86,CASH_DEPOSIT,AE,CP-7159,ONLINE
TXN100026,CUS10000,2026-07-24 11:21:00,33183.53,WIRE_OUT,SE,CP-4711,BRANCH
TXN105309,CUS10147,2026-07-24 11:23:00,9521.59,CASH_DEPOSIT,ES,CP-4762,BRANCH
TXN104486,CUS10128,2026-07-24 11:27:00,58338.44,WIRE_OUT,BE,CP-3499,API
TXN102808,CUS10080,2026-07-24 11:27:00,173323.68,WIRE_OUT,FI,CP-2621,BRANCH
TXN104074,CUS10114,2026-07-24 11:29:00,14582.17,SEPA_IN,IT,CP-2325,ONLINE
TXN104544,CUS10129,2026-07-24 11:37:00,2801.45,CASH_DEPOSIT,AU,CP-5815,API
TXN102554,CUS10074,2026-07-24 11:40:00,10401.19,WIRE_IN,CA,CP-1662,BRANCH
TXN106377,CUS10176,2026-07-24 11:45:00,4387.33,WIRE_IN,MC,CP-5746,MOBILE
TXN101965,CUS10058,2026-07-24 11:45:00,8952.46,CASH_WITHDRAWAL,GB,CP-4335,MOBILE
TXN103838,CUS10110,2026-07-24 11:54:00,38413.62,CASH_WITHDRAWAL,AU,CP-9811,BRANCH
TXN105118,CUS10142,2026-07-24 11:55:00,23497.79,SEPA_IN,PL,CP-1671,MOBILE
TXN100572,CUS10016,2026-07-24 11:57:00,10824.43,SEPA_OUT,KE,CP-1206,ONLINE
TXN101433,CUS10043,2026-07-24 12:00:00,52268.12,CASH_DEPOSIT,AE,CP-1515,ONLINE
TXN104777,CUS10135,2026-07-24 12:23:00,10903.43,WIRE_OUT,US,CP-8231,ONLINE
TXN101048,CUS10030,2026-07-24 12:49:00,13576.61,SEPA_IN,BE,CP-7672,BRANCH
TXN105678,CUS10156,2026-07-24 12:52:00,111123.23,CASH_WITHDRAWAL,NL,CP-7768,API
TXN103492,CUS10099,2026-07-24 12:54:00,3098.53,SEPA_OUT,CH,CP-5695,ONLINE
TXN103320,CUS10095,2026-07-24 12:58:00,2437.26,CASH_DEPOSIT,AU,CP-4667,ONLINE
TXN103369,CUS10096,2026-07-24 13:00:00,92545.53,WIRE_OUT,FI,CP-6778,MOBILE
TXN105221,CUS10145,2026-07-24 13:23:00,4211.74,CASH_WITHDRAWAL,CA,CP-7861,ONLINE
TXN103851,CUS10110,2026-07-24 13:24:00,123689.27,CASH_WITHDRAWAL,AU,CP-5600,MOBILE
TXN101703,CUS10050,2026-07-24 13:37:00,202473.4,WIRE_IN,NG,CP-3774,ONLINE
TXN102035,CUS10059,2026-07-24 13:48:00,757919.11,SEPA_OUT,IT,CP-5861,MOBILE
TXN104972,CUS10139,2026-07-24 13:48:00,1859.59,WIRE_IN,ES,CP-1579,BRANCH
TXN104962,CUS10139,2026-07-24 14:11:00,3775.15,WIRE_OUT,ES,CP-1955,BRANCH
TXN105421,CUS10149,2026-07-24 14:22:00,803.84,WIRE_IN,CA,CP-8157,BRANCH
TXN101813,CUS10053,2026-07-24 15:00:00,170770.42,CASH_DEPOSIT,CH,CP-8708,MOBILE
TXN102001,CUS10059,2026-07-24 15:01:00,74234.85,SEPA_OUT,ES,CP-3823,API
TXN104361,CUS10123,2026-07-24 15:10:00,2154.22,SEPA_OUT,VN,CP-1187,BRANCH
TXN103293,CUS10094,2026-07-24 15:18:00,10920.94,SEPA_IN,KE,CP-9245,API
TXN101274,CUS10036,2026-07-24 15:22:00,109966.92,SEPA_IN,DK,CP-5519,MOBILE
TXN100536,CUS10015,2026-07-24 15:27:00,20933.92,CASH_WITHDRAWAL,PL,CP-7099,API
TXN106177,CUS10170,2026-07-24 15:29:00,15824.71,SEPA_OUT,FI,CP-6555,ONLINE
TXN102257,CUS10066,2026-07-24 15:29:00,29757.82,SEPA_OUT,AT,CP-6301,MOBILE
TXN100220,CUS10006,2026-07-24 15:40:00,13272.52,CASH_WITHDRAWAL,CA,CP-3838,BRANCH
TXN100444,CUS10013,2026-07-24 16:04:00,1467.47,SEPA_OUT,IT,CP-9897,MOBILE
TXN102495,CUS10073,2026-07-24 16:25:00,159718.48,SEPA_OUT,SG,CP-4213,BRANCH
TXN104028,CUS10114,2026-07-24 16:54:00,74842.41,SEPA_OUT,IT,CP-4273,BRANCH
TXN100684,CUS10021,2026-07-24 17:07:00,783.7,SEPA_IN,PH,CP-6152,ONLINE
TXN102297,CUS10068,2026-07-24 17:13:00,127865.68,WIRE_IN,AU,CP-4793,ONLINE
TXN100404,CUS10012,2026-07-24 17:24:00,5813.66,WIRE_IN,PL,CP-3140,MOBILE
TXN103822,CUS10109,2026-07-24 17:57:00,8039.36,SEPA_OUT,CH,CP-8043,ONLINE
TXN103371,CUS10096,2026-07-24 18:00:00,32028.1,WIRE_OUT,HR,CP-3662,BRANCH
TXN104724,CUS10134,2026-07-24 18:11:00,7810.97,CASH_DEPOSIT,FR,CP-8276,API
TXN101333,CUS10039,2026-07-24 18:18:00,6865.78,WIRE_OUT,MC,CP-3911,MOBILE
TXN103760,CUS10108,2026-07-24 18:26:00,26956.38,SEPA_OUT,IE,CP-5786,MOBILE
TXN105210,CUS10145,2026-07-24 18:29:00,4539.66,WIRE_OUT,CA,CP-1421,ONLINE
TXN101842,CUS10053,2026-07-24 18:36:00,53724.48,CASH_DEPOSIT,CH,CP-8084,ONLINE
TXN103432,CUS10098,2026-07-25 08:23:00,3163.79,CASH_DEPOSIT,PA,CP-9691,BRANCH
TXN106298,CUS10173,2026-07-25 08:26:00,31572.43,SEPA_OUT,CH,CP-3976,ONLINE
TXN102915,CUS10083,2026-07-25 08:32:00,182835.81,CASH_DEPOSIT,NL,CP-6486,BRANCH
TXN100582,CUS10016,2026-07-25 08:44:00,13825.14,CASH_WITHDRAWAL,NL,CP-3207,API
TXN100513,CUS10015,2026-07-25 08:50:00,20158.99,CASH_DEPOSIT,PL,CP-4795,BRANCH
TXN106374,CUS10176,2026-07-25 09:07:00,3631.98,CASH_WITHDRAWAL,MC,CP-4948,MOBILE
TXN100641,CUS10019,2026-07-25 09:08:00,158367.56,CASH_DEPOSIT,BE,CP-5372,BRANCH
TXN101961,CUS10058,2026-07-25 09:19:00,10472.02,CASH_DEPOSIT,VN,CP-9893,BRANCH
TXN104661,CUS10133,2026-07-25 09:21:00,1660.96,SEPA_IN,TR,CP-7102,BRANCH
TXN105200,CUS10144,2026-07-25 09:55:00,3197.91,CASH_DEPOSIT,PH,CP-5011,MOBILE
TXN105766,CUS10158,2026-07-25 10:03:00,68775.61,SEPA_IN,AT,CP-3991,API
TXN103900,CUS10111,2026-07-25 10:16:00,13351.91,WIRE_IN,SE,CP-4525,API
TXN106061,CUS10168,2026-07-25 10:38:00,14853.29,SEPA_OUT,KE,CP-4878,API
TXN106001,CUS10166,2026-07-25 10:49:00,50304.97,SEPA_IN,SG,CP-1977,MOBILE
TXN102342,CUS10069,2026-07-25 10:52:00,12352.75,CASH_WITHDRAWAL,IT,CP-1740,BRANCH
TXN105312,CUS10147,2026-07-25 10:55:00,10940.57,CASH_DEPOSIT,VN,CP-4722,ONLINE
TXN101854,CUS10054,2026-07-25 11:05:00,9277.41,SEPA_OUT,CA,CP-5182,ONLINE
TXN102456,CUS10072,2026-07-25 11:12:00,26197.37,WIRE_IN,ES,CP-3173,API
TXN103765,CUS10108,2026-07-25 11:14:00,21128.97,SEPA_IN,IE,CP-4529,MOBILE
TXN104769,CUS10135,2026-07-25 11:29:00,7881.18,WIRE_OUT,PL,CP-8276,MOBILE
TXN100597,CUS10017,2026-07-25 11:33:00,38085.65,CASH_DEPOSIT,KE,CP-3931,MOBILE
TXN101545,CUS10046,2026-07-25 11:36:00,60625.82,SEPA_IN,DK,CP-6840,BRANCH
TXN103728,CUS10107,2026-07-25 11:41:00,31915.46,WIRE_OUT,GB,CP-9470,MOBILE
TXN104232,CUS10120,2026-07-25 12:05:00,25559.66,CASH_WITHDRAWAL,GB,CP-7579,ONLINE
TXN106175,CUS10170,2026-07-25 12:09:00,33752.52,WIRE_OUT,FI,CP-4702,BRANCH
TXN103161,CUS10090,2026-07-25 12:24:00,12000.96,WIRE_IN,JP,CP-7250,BRANCH
TXN103937,CUS10112,2026-07-25 12:49:00,14346.12,WIRE_IN,LU,CP-7007,BRANCH
TXN105281,CUS10146,2026-07-25 12:51:00,3529.7,WIRE_IN,GB,CP-2006,API
TXN105648,CUS10155,2026-07-25 13:03:00,26535.96,SEPA_IN,CA,CP-1237,BRANCH
TXN100421,CUS10013,2026-07-25 13:06:00,16969.01,CASH_WITHDRAWAL,FR,CP-3018,MOBILE
TXN103657,CUS10105,2026-07-25 13:22:00,392.5,WIRE_IN,ES,CP-8976,MOBILE
TXN103467,CUS10099,2026-07-25 13:24:00,2315.24,CASH_DEPOSIT,BE,CP-3528,BRANCH
TXN101560,CUS10046,2026-07-25 13:27:00,40960.48,WIRE_OUT,AT,CP-2507,ONLINE
TXN105780,CUS10158,2026-07-25 13:29:00,15543.91,SEPA_IN,AT,CP-5363,API
TXN102164,CUS10063,2026-07-25 13:33:00,14754.51,SEPA_IN,VN,CP-5323,MOBILE
TXN104217,CUS10119,2026-07-25 13:38:00,56680.82,WIRE_IN,FI,CP-1273,BRANCH
TXN100688,CUS10021,2026-07-25 13:59:00,3679.35,CASH_DEPOSIT,LU,CP-6084,API
TXN104325,CUS10121,2026-07-25 14:10:00,9546.35,CASH_WITHDRAWAL,AE,CP-5947,MOBILE
TXN104126,CUS10116,2026-07-25 14:28:00,4119.21,CASH_WITHDRAWAL,JP,CP-3229,ONLINE
TXN106051,CUS10167,2026-07-25 14:33:00,47114.63,CASH_DEPOSIT,ES,CP-3520,API
TXN104374,CUS10124,2026-07-25 14:34:00,18463.97,SEPA_OUT,SG,CP-8611,ONLINE
TXN105840,CUS10160,2026-07-25 15:09:00,11099.93,CASH_WITHDRAWAL,KP,CP-7265,API
TXN105152,CUS10143,2026-07-25 15:11:00,63066.06,WIRE_OUT,FR,CP-3841,ONLINE
TXN100838,CUS10024,2026-07-25 15:20:00,4578.75,CASH_DEPOSIT,CA,CP-1918,API
TXN105319,CUS10147,2026-07-25 15:44:00,32097.71,CASH_DEPOSIT,DE,CP-9851,API
TXN104190,CUS10119,2026-07-25 15:47:00,114375.59,SEPA_IN,FI,CP-1450,BRANCH
TXN106180,CUS10170,2026-07-25 16:14:00,90109.55,SEPA_OUT,FI,CP-9752,MOBILE
TXN100721,CUS10022,2026-07-25 16:24:00,1060.76,SEPA_OUT,CA,CP-3527,API
TXN103017,CUS10085,2026-07-25 16:25:00,4323.12,WIRE_IN,PH,CP-1063,API
TXN102690,CUS10077,2026-07-25 16:34:00,923.69,WIRE_OUT,SY,CP-2192,MOBILE
TXN105639,CUS10155,2026-07-25 16:42:00,10029.69,WIRE_IN,CA,CP-3107,ONLINE
TXN101627,CUS10048,2026-07-25 16:42:00,58053.64,WIRE_IN,PA,CP-1130,BRANCH
TXN103149,CUS10090,2026-07-25 16:52:00,4067.18,SEPA_OUT,JP,CP-1379,BRANCH
TXN103424,CUS10098,2026-07-25 17:37:00,503.16,CASH_DEPOSIT,PA,CP-2312,BRANCH
TXN101301,CUS10037,2026-07-25 17:40:00,92142.41,WIRE_OUT,IE,CP-2973,BRANCH
TXN100156,CUS10004,2026-07-25 17:46:00,185363.93,WIRE_OUT,KE,CP-8854,BRANCH
TXN101773,CUS10051,2026-07-25 18:01:00,24342.9,WIRE_OUT,AE,CP-9247,ONLINE
TXN103206,CUS10091,2026-07-25 18:16:00,44912.72,WIRE_IN,AE,CP-2120,API
TXN101097,CUS10031,2026-07-25 18:30:00,8424.47,SEPA_OUT,FI,CP-6425,API
TXN102155,CUS10062,2026-07-25 18:46:00,50894.74,SEPA_OUT,JP,CP-4681,BRANCH
TXN104412,CUS10126,2026-07-25 18:49:00,3573.38,WIRE_OUT,FI,CP-4533,BRANCH
TXN103448,CUS10098,2026-07-25 18:57:00,1527.77,SEPA_IN,CH,CP-4577,API
TXN104234,CUS10120,2026-07-26 08:04:00,11932.6,WIRE_IN,PL,CP-4109,ONLINE
TXN103893,CUS10111,2026-07-26 08:07:00,4527.42,WIRE_OUT,SE,CP-3482,ONLINE
TXN105051,CUS10141,2026-07-26 08:11:00,55181.83,CASH_DEPOSIT,SE,CP-9322,MOBILE
TXN104055,CUS10114,2026-07-26 08:16:00,24572.89,WIRE_IN,IT,CP-1169,BRANCH
TXN103628,CUS10104,2026-07-26 08:32:00,12127.31,CASH_WITHDRAWAL,SG,CP-3115,API
TXN104439,CUS10127,2026-07-26 08:36:00,31083.24,SEPA_OUT,DK,CP-3322,BRANCH
TXN101203,CUS10034,2026-07-26 08:47:00,3217.51,WIRE_OUT,SE,CP-5249,MOBILE
TXN103930,CUS10112,2026-07-26 08:49:00,71302.14,WIRE_IN,LU,CP-8251,ONLINE
TXN102508,CUS10073,2026-07-26 09:13:00,28275.31,SEPA_IN,SG,CP-4513,MOBILE
TXN104427,CUS10126,2026-07-26 09:16:00,4241.02,SEPA_IN,NG,CP-6935,MOBILE
TXN100687,CUS10021,2026-07-26 09:28:00,1543.59,SEPA_OUT,LU,CP-9192,BRANCH
TXN105247,CUS10145,2026-07-26 09:30:00,1197.32,SEPA_IN,CA,CP-8725,API
TXN100591,CUS10017,2026-07-26 09:31:00,56867.42,WIRE_IN,KE,CP-7366,MOBILE
TXN101673,CUS10049,2026-07-26 09:34:00,1992.1,WIRE_IN,AT,CP-2001,MOBILE
TXN101976,CUS10058,2026-07-26 09:35:00,20482.15,WIRE_OUT,ES,CP-9490,ONLINE
TXN105528,CUS10152,2026-07-26 09:43:00,72200.56,WIRE_IN,HR,CP-4565,BRANCH
TXN105204,CUS10144,2026-07-26 10:40:00,28007.92,CASH_WITHDRAWAL,PH,CP-7090,MOBILE
TXN100845,CUS10025,2026-07-26 10:53:00,3089.26,CASH_DEPOSIT,IE,CP-9037,ONLINE
TXN105318,CUS10147,2026-07-26 11:00:00,17842.62,CASH_WITHDRAWAL,VN,CP-7034,API
TXN101451,CUS10043,2026-07-26 11:03:00,325258.61,WIRE_IN,SE,CP-5496,MOBILE
TXN104233,CUS10120,2026-07-26 11:05:00,62382.7,CASH_WITHDRAWAL,PL,CP-6838,API
TXN102343,CUS10069,2026-07-26 11:12:00,5470.86,SEPA_OUT,IT,CP-2003,MOBILE
TXN104360,CUS10123,2026-07-26 11:20:00,5328.34,WIRE_IN,VN,CP-2596,ONLINE
TXN102000,CUS10059,2026-07-26 11:21:00,48555.43,WIRE_OUT,ES,CP-7296,MOBILE
TXN101160,CUS10033,2026-07-26 11:23:00,2820.83,WIRE_IN,ES,CP-1262,MOBILE
TXN103608,CUS10103,2026-07-26 11:33:00,7077.31,CASH_DEPOSIT,PL,CP-7976,ONLINE
TXN105371,CUS10148,2026-07-26 11:36:00,8466.22,CASH_DEPOSIT,JP,CP-7186,MOBILE
TXN102396,CUS10071,2026-07-26 11:37:00,1992.98,CASH_WITHDRAWAL,US,CP-4243,MOBILE
TXN100715,CUS10022,2026-07-26 11:43:00,10071.99,CASH_DEPOSIT,GB,CP-5989,MOBILE
TXN101848,CUS10053,2026-07-26 12:10:00,180985.04,SEPA_IN,CH,CP-4817,BRANCH
TXN102985,CUS10084,2026-07-26 12:18:00,966.51,WIRE_IN,JP,CP-5992,MOBILE
TXN106046,CUS10167,2026-07-26 12:22:00,20866.31,CASH_WITHDRAWAL,ES,CP-9259,API
TXN100937,CUS10028,2026-07-26 12:44:00,36716.98,SEPA_OUT,FR,CP-8027,API
TXN102851,CUS10080,2026-07-26 13:15:00,162311.25,CASH_DEPOSIT,FI,CP-8736,API
TXN100377,CUS10011,2026-07-26 13:26:00,24124.5,SEPA_OUT,HR,CP-3346,API
TXN105432,CUS10149,2026-07-26 13:29:00,2269.63,SEPA_OUT,CA,CP-7792,BRANCH
TXN101884,CUS10055,2026-07-26 13:33:00,8159.14,WIRE_OUT,YE,CP-9692,ONLINE
TXN106471,CUS10179,2026-07-26 13:41:00,1619.66,CASH_WITHDRAWAL,SG,CP-9029,API
TXN101800,CUS10052,2026-07-26 13:42:00,95345.47,CASH_WITHDRAWAL,AT,CP-2619,API
TXN103543,CUS10101,2026-07-26 13:51:00,35196.54,CASH_DEPOSIT,CA,CP-6982,ONLINE
TXN102087,CUS10061,2026-07-26 13:57:00,18510.35,WIRE_IN,PL,CP-5675,MOBILE
TXN104857,CUS10137,2026-07-26 14:14:00,44505.14,WIRE_IN,AU,CP-5104,ONLINE
TXN100907,CUS10027,2026-07-26 14:25:00,37847.2,CASH_DEPOSIT,IE,CP-8425,BRANCH
TXN103743,CUS10108,2026-07-26 14:31:00,23831.35,SEPA_IN,BE,CP-2691,API
TXN102921,CUS10083,2026-07-26 14:56:00,75618.86,CASH_WITHDRAWAL,NL,CP-1553,API
TXN102032,CUS10059,2026-07-26 15:38:00,121989.48,SEPA_OUT,ES,CP-5719,ONLINE
TXN106492,CUS10179,2026-07-26 15:40:00,4483.32,CASH_WITHDRAWAL,SG,CP-8170,BRANCH
TXN105686,CUS10156,2026-07-26 15:41:00,227457.92,SEPA_OUT,NL,CP-7496,MOBILE
TXN105094,CUS10142,2026-07-26 15:52:00,76002.09,SEPA_IN,PL,CP-6092,API
TXN105184,CUS10144,2026-07-26 16:12:00,9577.93,WIRE_IN,ZA,CP-7997,ONLINE
TXN105507,CUS10151,2026-07-26 16:16:00,1099.49,SEPA_IN,NL,CP-7953,ONLINE
TXN104998,CUS10140,2026-07-26 16:36:00,15905.94,CASH_WITHDRAWAL,GB,CP-5685,MOBILE
TXN106295,CUS10173,2026-07-26 16:51:00,71713.85,WIRE_OUT,CH,CP-7420,API
TXN100626,CUS10018,2026-07-26 17:17:00,37756.77,CASH_WITHDRAWAL,IT,CP-1136,ONLINE
TXN103304,CUS10094,2026-07-26 17:26:00,20104.04,SEPA_IN,IE,CP-8362,MOBILE
TXN105525,CUS10152,2026-07-26 17:27:00,51087.59,SEPA_OUT,HR,CP-1990,BRANCH
TXN102070,CUS10060,2026-07-26 17:29:00,18039.82,CASH_DEPOSIT,GB,CP-3105,API
TXN100466,CUS10014,2026-07-26 17:31:00,136207.84,WIRE_OUT,CA,CP-4842,ONLINE
TXN100095,CUS10003,2026-07-26 17:32:00,1292.15,WIRE_IN,IT,CP-1742,ONLINE
TXN103755,CUS10108,2026-07-26 17:49:00,4312.06,SEPA_OUT,IE,CP-7502,BRANCH
TXN105843,CUS10160,2026-07-26 18:14:00,1523.64,SEPA_IN,KP,CP-5782,API
TXN101440,CUS10043,2026-07-26 18:54:00,141620.88,SEPA_OUT,CH,CP-2685,API
TXN101630,CUS10048,2026-07-26 18:56:00,30702.39,CASH_DEPOSIT,NL,CP-4509,ONLINE
TXN100793,CUS10024,2026-07-26 18:57:00,750.19,WIRE_IN,CA,CP-6343,BRANCH
TXN102960,CUS10083,2026-07-27 08:14:00,21543.84,WIRE_OUT,NL,CP-5155,MOBILE
TXN106004,CUS10166,2026-07-27 08:36:00,70212.64,SEPA_IN,SG,CP-9919,MOBILE
TXN101543,CUS10046,2026-07-27 08:51:00,28905.28,WIRE_IN,TR,CP-6891,MOBILE
TXN102588,CUS10074,2026-07-27 08:51:00,10984.92,SEPA_OUT,NG,CP-4765,ONLINE
TXN105502,CUS10151,2026-07-27 09:04:00,9512.31,WIRE_IN,CH,CP-2088,ONLINE
TXN100646,CUS10019,2026-07-27 09:11:00,4817.2,CASH_DEPOSIT,AU,CP-9027,API
TXN104220,CUS10119,2026-07-27 09:13:00,12296.12,CASH_DEPOSIT,LU,CP-4078,ONLINE
TXN103950,CUS10112,2026-07-27 09:31:00,62924.58,CASH_WITHDRAWAL,LU,CP-7679,MOBILE
TXN101853,CUS10054,2026-07-27 09:31:00,8692.32,SEPA_IN,DE,CP-6191,MOBILE
TXN102598,CUS10075,2026-07-27 09:35:00,54413.78,WIRE_OUT,AT,CP-4282,MOBILE
TXN102210,CUS10064,2026-07-27 09:38:00,7661.66,SEPA_IN,KE,CP-2892,MOBILE
TXN101112,CUS10032,2026-07-27 09:50:00,8357.59,CASH_WITHDRAWAL,AT,CP-2062,BRANCH
TXN105561,CUS10153,2026-07-27 09:52:00,20400.22,CASH_DEPOSIT,BE,CP-9455,MOBILE
TXN101321,CUS10038,2026-07-27 10:00:00,12730.72,WIRE_OUT,US,CP-1145,MOBILE
TXN101180,CUS10033,2026-07-27 10:05:00,24058.05,CASH_DEPOSIT,PA,CP-4348,BRANCH
TXN105730,CUS10157,2026-07-27 10:07:00,3710.67,CASH_WITHDRAWAL,NG,CP-1206,ONLINE
TXN105007,CUS10140,2026-07-27 10:26:00,12310.88,SEPA_OUT,GB,CP-4239,MOBILE
TXN100783,CUS10023,2026-07-27 10:40:00,6790.91,SEPA_OUT,ES,CP-7750,BRANCH
TXN103778,CUS10109,2026-07-27 10:50:00,1583.75,CASH_DEPOSIT,CH,CP-6069,ONLINE
TXN101482,CUS10043,2026-07-27 10:50:00,331762.62,CASH_WITHDRAWAL,BE,CP-5718,API
TXN106531,CUS10143,2026-07-27 11:00:00,8738.66,CASH_DEPOSIT,FR,CP-6154,BRANCH
TXN100527,CUS10015,2026-07-27 11:12:00,43300.73,CASH_DEPOSIT,KE,CP-6833,BRANCH
TXN102188,CUS10063,2026-07-27 11:20:00,2955.66,SEPA_IN,VN,CP-5075,API
TXN104679,CUS10133,2026-07-27 11:24:00,2547.27,CASH_DEPOSIT,SG,CP-7159,ONLINE
TXN103888,CUS10111,2026-07-27 11:41:00,23359.26,WIRE_OUT,SE,CP-2533,API
TXN101407,CUS10042,2026-07-27 11:43:00,13848.59,WIRE_IN,YE,CP-7066,API
TXN102890,CUS10082,2026-07-27 11:44:00,9330.32,WIRE_OUT,BE,CP-9328,ONLINE
TXN103361,CUS10096,2026-07-27 11:48:00,21606.05,CASH_DEPOSIT,HR,CP-8045,API
TXN103385,CUS10096,2026-07-27 11:50:00,53074.18,WIRE_IN,HR,CP-5243,API
TXN105177,CUS10144,2026-07-27 11:57:00,946.2,SEPA_OUT,PH,CP-8655,API
TXN106594,CUS10022,2026-07-27 12:00:00,750000.0,WIRE_OUT,AF,CP-5448,ONLINE
TXN105140,CUS10143,2026-07-27 12:05:00,26322.42,CASH_DEPOSIT,FR,CP-2195,API
TXN104522,CUS10128,2026-07-27 12:15:00,61980.61,CASH_DEPOSIT,LU,CP-1799,MOBILE
TXN106088,CUS10168,2026-07-27 12:16:00,10295.09,SEPA_OUT,TR,CP-3444,API
TXN101863,CUS10054,2026-07-27 12:25:00,1028.69,SEPA_IN,DE,CP-6260,ONLINE
TXN101141,CUS10032,2026-07-27 12:27:00,12524.44,SEPA_OUT,AE,CP-3601,API
TXN106497,CUS10179,2026-07-27 12:35:00,5362.77,CASH_WITHDRAWAL,SG,CP-3036,ONLINE
TXN104167,CUS10118,2026-07-27 12:44:00,17106.31,SEPA_IN,ES,CP-8126,API
TXN104862,CUS10137,2026-07-27 12:47:00,12024.46,SEPA_IN,AT,CP-9230,API
TXN102948,CUS10083,2026-07-27 12:56:00,35880.16,SEPA_OUT,NL,CP-3581,BRANCH
TXN104018,CUS10113,2026-07-27 13:14:00,2753.75,SEPA_OUT,BE,CP-5338,BRANCH
TXN105356,CUS10148,2026-07-27 13:15:00,5645.97,WIRE_OUT,JP,CP-2250,BRANCH
TXN100161,CUS10004,2026-07-27 13:20:00,78207.78,CASH_DEPOSIT,KE,CP-4625,BRANCH
TXN101645,CUS10049,2026-07-27 13:34:00,5869.46,WIRE_OUT,AT,CP-9776,MOBILE
TXN104156,CUS10118,2026-07-27 13:38:00,31746.54,SEPA_OUT,ES,CP-7633,API
TXN102056,CUS10060,2026-07-27 13:44:00,5693.28,SEPA_IN,GB,CP-8801,API
TXN103207,CUS10091,2026-07-27 13:48:00,161903.76,SEPA_OUT,CH,CP-7735,ONLINE
TXN102865,CUS10081,2026-07-27 13:52:00,3257.21,CASH_WITHDRAWAL,CH,CP-3887,MOBILE
TXN105968,CUS10165,2026-07-27 14:00:00,54601.75,SEPA_OUT,IE,CP-9681,MOBILE
TXN101134,CUS10032,2026-07-27 14:04:00,3427.36,WIRE_OUT,AT,CP-8778,ONLINE
TXN102642,CUS10076,2026-07-27 14:06:00,2114.9,SEPA_OUT,JP,CP-7678,ONLINE
TXN102319,CUS10068,2026-07-27 14:07:00,17280.49,SEPA_IN,BE,CP-5576,BRANCH
TXN105137,CUS10143,2026-07-27 14:12:00,74653.28,SEPA_IN,JP,CP-9135,BRANCH
TXN104087,CUS10115,2026-07-27 14:16:00,4441.35,SEPA_IN,US,CP-7361,API
TXN102316,CUS10068,2026-07-27 14:22:00,81520.45,CASH_WITHDRAWAL,AU,CP-4977,MOBILE
TXN101616,CUS10048,2026-07-27 14:33:00,26457.95,CASH_DEPOSIT,NL,CP-6150,ONLINE
TXN106068,CUS10168,2026-07-27 14:34:00,16676.72,CASH_DEPOSIT,VN,CP-2582,ONLINE
TXN104261,CUS10120,2026-07-27 14:42:00,33124.26,CASH_WITHDRAWAL,SG,CP-3096,BRANCH
TXN101199,CUS10034,2026-07-27 14:44:00,6204.54,WIRE_OUT,SE,CP-9056,ONLINE
TXN103121,CUS10088,2026-07-27 14:48:00,12766.45,SEPA_OUT,CH,CP-2292,BRANCH
TXN104914,CUS10138,2026-07-27 14:51:00,7530.93,CASH_DEPOSIT,ZA,CP-7023,ONLINE
TXN104975,CUS10139,2026-07-27 15:00:00,1388.26,WIRE_OUT,ES,CP-4821,BRANCH
TXN105698,CUS10156,2026-07-27 16:26:00,76621.25,CASH_WITHDRAWAL,NL,CP-6832,ONLINE
TXN103146,CUS10089,2026-07-27 16:30:00,2365.56,CASH_WITHDRAWAL,AT,CP-6884,BRANCH
TXN105946,CUS10164,2026-07-27 16:32:00,25759.42,SEPA_OUT,CH,CP-8225,BRANCH
TXN106101,CUS10168,2026-07-27 16:35:00,10021.69,SEPA_OUT,NL,CP-7671,MOBILE
TXN100255,CUS10007,2026-07-27 16:38:00,56569.01,CASH_WITHDRAWAL,AT,CP-7418,API
TXN106370,CUS10176,2026-07-27 16:43:00,3387.07,WIRE_OUT,MC,CP-4271,ONLINE
TXN101912,CUS10056,2026-07-27 16:49:00,34708.87,SEPA_IN,PA,CP-7575,API
TXN100488,CUS10014,2026-07-27 17:10:00,321359.98,SEPA_OUT,NL,CP-1367,BRANCH
TXN103418,CUS10098,2026-07-27 17:26:00,740.72,CASH_WITHDRAWAL,PA,CP-3771,MOBILE
TXN103329,CUS10095,2026-07-27 17:31:00,4062.38,CASH_WITHDRAWAL,AU,CP-7121,ONLINE
TXN103145,CUS10089,2026-07-27 17:32:00,6068.74,WIRE_IN,HR,CP-9310,MOBILE
TXN106292,CUS10173,2026-07-27 17:35:00,62436.36,CASH_WITHDRAWAL,MC,CP-8246,BRANCH
TXN101966,CUS10058,2026-07-27 17:40:00,7116.33,WIRE_IN,GB,CP-7250,BRANCH
TXN100428,CUS10013,2026-07-27 17:45:00,9716.8,SEPA_IN,JP,CP-3173,BRANCH
TXN102168,CUS10063,2026-07-27 17:50:00,3455.27,SEPA_IN,VN,CP-3999,MOBILE
TXN104523,CUS10128,2026-07-27 17:59:00,219149.35,CASH_WITHDRAWAL,BE,CP-1530,BRANCH
TXN103178,CUS10090,2026-07-27 18:11:00,18183.48,CASH_WITHDRAWAL,JP,CP-6785,API
TXN106226,CUS10172,2026-07-27 18:23:00,665.75,WIRE_OUT,HR,CP-8805,BRANCH
TXN101432,CUS10043,2026-07-27 18:26:00,165873.83,SEPA_IN,BE,CP-8387,BRANCH
TXN102185,CUS10063,2026-07-27 18:31:00,14208.83,CASH_DEPOSIT,VN,CP-6608,API
TXN102576,CUS10074,2026-07-28 08:16:00,67214.97,CASH_WITHDRAWAL,HR,CP-3558,ONLINE
TXN103413,CUS10097,2026-07-28 08:25:00,2141.42,SEPA_OUT,DK,CP-4456,ONLINE
TXN103138,CUS10089,2026-07-28 08:36:00,6085.41,WIRE_IN,AT,CP-7854,MOBILE
TXN101396,CUS10042,2026-07-28 08:48:00,1418.24,SEPA_IN,YE,CP-5129,BRANCH
TXN106596,CUS10022,2026-07-28 09:00:00,1000000.0,WIRE_OUT,KP,CP-8707,ONLINE
TXN103318,CUS10095,2026-07-28 09:25:00,5111.31,WIRE_IN,AU,CP-6610,ONLINE
TXN101018,CUS10029,2026-07-28 09:32:00,1612.35,CASH_DEPOSIT,NL,CP-6582,BRANCH
TXN103549,CUS10101,2026-07-28 09:43:00,80978.86,SEPA_OUT,TR,CP-1891,API
TXN104987,CUS10140,2026-07-28 09:44:00,8808.87,WIRE_OUT,GB,CP-3703,ONLINE
TXN106125,CUS10169,2026-07-28 09:53:00,1117.95,WIRE_OUT,AU,CP-5376,API
TXN103845,CUS10110,2026-07-28 09:53:00,161649.82,WIRE_OUT,AU,CP-9193,ONLINE
TXN106427,CUS10178,2026-07-28 09:58:00,69215.77,WIRE_OUT,BG,CP-8269,ONLINE
TXN100486,CUS10014,2026-07-28 10:11:00,49679.4,CASH_DEPOSIT,NL,CP-2938,BRANCH
TXN102397,CUS10071,2026-07-28 10:25:00,1866.29,WIRE_OUT,US,CP-1642,MOBILE
TXN105900,CUS10162,2026-07-28 10:30:00,78781.04,WIRE_OUT,PL,CP-3088,API
TXN101220,CUS10035,2026-07-28 10:48:00,16112.94,WIRE_IN,TR,CP-2728,MOBILE
TXN100002,CUS10000,2026-07-28 10:48:00,139910.01,SEPA_IN,AT,CP-2965,ONLINE
TXN102183,CUS10063,2026-07-28 11:06:00,12495.83,CASH_WITHDRAWAL,SG,CP-8276,MOBILE
TXN103837,CUS10110,2026-07-28 11:42:00,112918.1,SEPA_IN,AU,CP-5769,API
TXN102393,CUS10070,2026-07-28 11:48:00,12385.61,CASH_DEPOSIT,ES,CP-5222,API
TXN101415,CUS10042,2026-07-28 11:49:00,8752.93,SEPA_OUT,YE,CP-2875,BRANCH
TXN104888,CUS10137,2026-07-28 12:13:00,24991.88,SEPA_OUT,NG,CP-6531,MOBILE
TXN104181,CUS10118,2026-07-28 12:19:00,13862.45,WIRE_OUT,ES,CP-5229,MOBILE
TXN100542,CUS10015,2026-07-28 12:30:00,63659.26,SEPA_OUT,NL,CP-6483,API
TXN105367,CUS10148,2026-07-28 12:41:00,16340.61,SEPA_IN,JP,CP-5057,ONLINE
TXN106532,CUS10143,2026-07-28 13:00:00,8763.86,CASH_DEPOSIT,FR,CP-6923,BRANCH
TXN105030,CUS10140,2026-07-28 13:08:00,3099.85,CASH_WITHDRAWAL,SG,CP-7571,ONLINE
TXN103468,CUS10099,2026-07-28 13:48:00,1448.21,SEPA_OUT,BE,CP-7550,MOBILE
TXN102784,CUS10079,2026-07-28 14:02:00,14108.7,CASH_WITHDRAWAL,JP,CP-5656,ONLINE
TXN102795,CUS10079,2026-07-28 14:20:00,10567.8,SEPA_OUT,JP,CP-4008,API
TXN104180,CUS10118,2026-07-28 14:20:00,26029.57,WIRE_IN,ES,CP-4183,MOBILE
TXN106399,CUS10177,2026-07-28 14:26:00,13232.25,CASH_DEPOSIT,KE,CP-4967,MOBILE
TXN102052,CUS10060,2026-07-28 14:31:00,4922.27,SEPA_IN,GB,CP-3598,API
TXN103525,CUS10101,2026-07-28 14:33:00,32581.5,SEPA_IN,AE,CP-1849,MOBILE
TXN104089,CUS10115,2026-07-28 14:35:00,3056.37,WIRE_OUT,US,CP-1048,ONLINE
TXN106188,CUS10170,2026-07-28 14:47:00,40905.36,WIRE_OUT,ZA,CP-6334,API
TXN100239,CUS10006,2026-07-28 14:52:00,4120.26,SEPA_IN,CA,CP-6289,API
TXN101595,CUS10047,2026-07-28 14:53:00,928.84,CASH_WITHDRAWAL,PH,CP-3458,MOBILE
TXN102339,CUS10069,2026-07-28 14:56:00,4913.6,WIRE_IN,IT,CP-9252,BRANCH
TXN104355,CUS10123,2026-07-28 14:58:00,7387.69,CASH_DEPOSIT,VN,CP-1299,API
TXN102615,CUS10075,2026-07-28 15:03:00,35560.19,CASH_DEPOSIT,AT,CP-3810,ONLINE
TXN103185,CUS10090,2026-07-28 15:24:00,24160.61,WIRE_IN,BG,CP-9195,API
TXN105025,CUS10140,2026-07-28 15:25:00,3103.88,SEPA_IN,GB,CP-8529,MOBILE
TXN105579,CUS10153,2026-07-28 15:30:00,21096.35,WIRE_OUT,BE,CP-5566,BRANCH
TXN106043,CUS10167,2026-07-28 15:31:00,15668.94,WIRE_IN,ES,CP-1851,MOBILE
TXN100492,CUS10014,2026-07-28 15:38:00,88654.19,SEPA_OUT,ZA,CP-3794,BRANCH
TXN101877,CUS10055,2026-07-28 15:39:00,7049.0,SEPA_OUT,YE,CP-2930,API
TXN105044,CUS10140,2026-07-28 15:55:00,16162.77,SEPA_OUT,GB,CP-9126,API
TXN106447,CUS10179,2026-07-28 15:59:00,1440.45,WIRE_OUT,SG,CP-5761,MOBILE
TXN105352,CUS10148,2026-07-28 16:15:00,23822.02,CASH_DEPOSIT,JP,CP-8695,ONLINE
TXN100508,CUS10014,2026-07-28 16:25:00,86631.71,CASH_DEPOSIT,NG,CP-1852,BRANCH
TXN103300,CUS10094,2026-07-28 16:27:00,10925.57,SEPA_OUT,IE,CP-1853,MOBILE
TXN100168,CUS10004,2026-07-28 16:29:00,34239.88,CASH_DEPOSIT,KE,CP-8916,MOBILE
TXN104685,CUS10133,2026-07-28 16:43:00,3547.58,CASH_DEPOSIT,SG,CP-9504,API
TXN101647,CUS10049,2026-07-28 16:46:00,9167.83,WIRE_IN,AT,CP-1591,ONLINE
TXN103903,CUS10111,2026-07-28 16:46:00,9801.23,CASH_WITHDRAWAL,SE,CP-1585,API
TXN105662,CUS10155,2026-07-28 17:04:00,8382.56,CASH_DEPOSIT,PL,CP-1711,BRANCH
TXN105191,CUS10144,2026-07-28 17:07:00,4031.27,SEPA_OUT,PH,CP-8564,API
TXN106053,CUS10167,2026-07-28 17:15:00,41267.52,SEPA_OUT,NL,CP-1298,BRANCH
TXN103176,CUS10090,2026-07-28 17:17:00,2577.54,CASH_WITHDRAWAL,BE,CP-1278,API
TXN101688,CUS10049,2026-07-28 17:35:00,5226.53,WIRE_OUT,BG,CP-7266,API
TXN102408,CUS10071,2026-07-28 17:38:00,7974.38,WIRE_IN,US,CP-4934,MOBILE
TXN100662,CUS10019,2026-07-28 17:42:00,40589.07,SEPA_OUT,BE,CP-8239,ONLINE
TXN104321,CUS10121,2026-07-28 17:42:00,3824.03,WIRE_OUT,AE,CP-3368,API
TXN102935,CUS10083,2026-07-28 17:42:00,135346.48,CASH_DEPOSIT,PA,CP-5417,ONLINE
TXN103108,CUS10088,2026-07-28 18:01:00,29875.45,CASH_DEPOSIT,CH,CP-6598,MOBILE
TXN105092,CUS10141,2026-07-28 18:21:00,13682.73,SEPA_OUT,SE,CP-8399,API
TXN101704,CUS10050,2026-07-28 18:23:00,115665.63,CASH_WITHDRAWAL,NG,CP-5042,API
TXN101378,CUS10041,2026-07-28 18:41:00,5133.41,CASH_WITHDRAWAL,IT,CP-3638,API
TXN100251,CUS10007,2026-07-28 18:47:00,173666.74,SEPA_OUT,AT,CP-8248,BRANCH
TXN105323,CUS10147,2026-07-28 18:52:00,24650.49,SEPA_OUT,VN,CP-2516,MOBILE
TXN106154,CUS10169,2026-07-28 18:55:00,3719.7,SEPA_IN,SE,CP-9028,API
TXN105468,CUS10151,2026-07-29 08:17:00,6416.83,CASH_DEPOSIT,NL,CP-5143,API
TXN104623,CUS10132,2026-07-29 08:27:00,154514.13,CASH_DEPOSIT,FR,CP-9515,ONLINE
TXN105297,CUS10146,2026-07-29 08:27:00,3822.97,CASH_DEPOSIT,GB,CP-3509,BRANCH
TXN101505,CUS10045,2026-07-29 08:30:00,57989.75,CASH_WITHDRAWAL,AT,CP-7328,MOBILE
TXN103050,CUS10086,2026-07-29 08:35:00,695.33,CASH_DEPOSIT,IE,CP-4112,ONLINE
TXN102934,CUS10083,2026-07-29 08:37:00,83976.66,SEPA_OUT,NL,CP-3102,MOBILE
TXN101099,CUS10032,2026-07-29 08:40:00,5497.58,WIRE_OUT,AT,CP-8643,BRANCH
TXN101358,CUS10041,2026-07-29 08:47:00,2552.66,CASH_WITHDRAWAL,IT,CP-3344,MOBILE
TXN101479,CUS10043,2026-07-29 09:03:00,58725.97,SEPA_IN,IE,CP-4911,ONLINE
TXN105964,CUS10165,2026-07-29 09:04:00,124482.47,SEPA_OUT,DK,CP-1925,API
TXN102947,CUS10083,2026-07-29 09:04:00,3806.81,CASH_DEPOSIT,NL,CP-7078,ONLINE
TXN103513,CUS10100,2026-07-29 09:05:00,514.72,WIRE_OUT,SE,CP-7386,MOBILE
TXN105734,CUS10157,2026-07-29 09:06:00,2632.28,CASH_DEPOSIT,NG,CP-6674,API
TXN102390,CUS10070,2026-07-29 09:23:00,4756.94,CASH_WITHDRAWAL,DK,CP-9207,BRANCH
TXN101166,CUS10033,2026-07-29 09:42:00,63052.8,CASH_DEPOSIT,PA,CP-7045,ONLINE
TXN105085,CUS10141,2026-07-29 09:50:00,267585.75,CASH_WITHDRAWAL,BG,CP-2230,API
TXN106109,CUS10168,2026-07-29 09:55:00,4659.32,CASH_WITHDRAWAL,NL,CP-1908,MOBILE
TXN104185,CUS10119,2026-07-29 09:56:00,111099.84,SEPA_IN,FI,CP-6854,MOBILE
TXN106533,CUS10143,2026-07-29 10:00:00,9819.81,CASH_DEPOSIT,FR,CP-7060,BRANCH
TXN104393,CUS10125,2026-07-29 10:16:00,2720.83,SEPA_OUT,IE,CP-8392,API
TXN101618,CUS10048,2026-07-29 10:18:00,14812.45,CASH_DEPOSIT,CH,CP-2738,BRANCH
TXN102545,CUS10073,2026-07-29 10:51:00,117826.89,WIRE_OUT,SG,CP-1320,API
TXN104639,CUS10132,2026-07-29 10:51:00,8645.06,SEPA_OUT,FR,CP-9547,BRANCH
TXN100703,CUS10021,2026-07-29 10:55:00,675.16,SEPA_IN,CH,CP-7423,BRANCH
TXN101758,CUS10051,2026-07-29 11:01:00,75669.63,WIRE_OUT,AE,CP-2044,API
TXN100940,CUS10028,2026-07-29 11:12:00,7480.58,SEPA_IN,KE,CP-5717,MOBILE
TXN101923,CUS10057,2026-07-29 11:15:00,10091.17,CASH_WITHDRAWAL,AU,CP-4538,BRANCH
TXN102847,CUS10080,2026-07-29 11:16:00,42650.49,WIRE_IN,MC,CP-4946,ONLINE
TXN105302,CUS10146,2026-07-29 11:25:00,4138.31,SEPA_OUT,GB,CP-6829,API
TXN101116,CUS10032,2026-07-29 11:28:00,28498.43,WIRE_OUT,JP,CP-6013,MOBILE
TXN102667,CUS10076,2026-07-29 11:50:00,1554.41,CASH_DEPOSIT,JP,CP-1473,MOBILE
TXN104566,CUS10129,2026-07-29 11:54:00,4120.37,SEPA_IN,AU,CP-5231,MOBILE
TXN100604,CUS10017,2026-07-29 11:54:00,116000.74,CASH_WITHDRAWAL,KE,CP-5521,BRANCH
TXN101267,CUS10036,2026-07-29 12:00:00,20218.04,WIRE_OUT,HR,CP-7203,ONLINE
TXN101225,CUS10035,2026-07-29 12:07:00,37556.44,WIRE_IN,NG,CP-2460,API
TXN101893,CUS10055,2026-07-29 12:08:00,7633.72,CASH_WITHDRAWAL,NL,CP-3487,BRANCH
TXN101427,CUS10043,2026-07-29 12:12:00,34476.64,WIRE_OUT,BE,CP-7194,API
TXN100750,CUS10022,2026-07-29 12:16:00,1990.79,WIRE_IN,BE,CP-2506,ONLINE
TXN100799,CUS10024,2026-07-29 12:38:00,2133.52,CASH_WITHDRAWAL,CA,CP-3784,BRANCH
TXN104821,CUS10136,2026-07-29 12:40:00,35967.59,CASH_WITHDRAWAL,PL,CP-7033,MOBILE
TXN105934,CUS10163,2026-07-29 12:49:00,79464.29,WIRE_OUT,DE,CP-7149,API
TXN100373,CUS10011,2026-07-29 13:14:00,44879.04,SEPA_IN,IE,CP-7889,API
TXN101330,CUS10039,2026-07-29 13:17:00,7089.18,CASH_WITHDRAWAL,MC,CP-7479,BRANCH
TXN103946,CUS10112,2026-07-29 13:18:00,64059.05,CASH_WITHDRAWAL,LU,CP-4391,API
TXN100383,CUS10011,2026-07-29 13:19:00,13680.21,SEPA_OUT,IE,CP-9246,API
TXN105655,CUS10155,2026-07-29 13:20:00,4373.76,WIRE_IN,CA,CP-5720,MOBILE
TXN101470,CUS10043,2026-07-29 13:24:00,217055.66,CASH_DEPOSIT,ZA,CP-9412,BRANCH
TXN101844,CUS10053,2026-07-29 13:27:00,94701.87,WIRE_OUT,CH,CP-6351,MOBILE
TXN103258,CUS10092,2026-07-29 13:33:00,53835.98,WIRE_IN,KP,CP-1370,MOBILE
TXN102651,CUS10076,2026-07-29 13:39:00,14048.89,SEPA_OUT,JP,CP-7169,API
TXN105896,CUS10162,2026-07-29 14:00:00,23710.71,WIRE_OUT,PL,CP-3847,BRANCH
TXN106336,CUS10175,2026-07-29 14:06:00,7241.62,SEPA_OUT,GB,CP-9201,MOBILE
TXN103015,CUS10085,2026-07-29 14:27:00,95622.15,CASH_WITHDRAWAL,PH,CP-3754,ONLINE
TXN101770,CUS10051,2026-07-29 14:31:00,21572.86,SEPA_OUT,GB,CP-3571,BRANCH
TXN104312,CUS10121,2026-07-29 14:34:00,6189.66,SEPA_OUT,AE,CP-2668,API
TXN103827,CUS10109,2026-07-29 14:42:00,12308.77,SEPA_IN,CH,CP-1959,BRANCH
TXN106115,CUS10169,2026-07-29 14:49:00,913.15,CASH_DEPOSIT,ZA,CP-7305,API
TXN104465,CUS10127,2026-07-29 14:50:00,8259.98,WIRE_IN,AT,CP-2384,API
TXN103397,CUS10097,2026-07-29 14:53:00,13713.86,CASH_DEPOSIT,SG,CP-1679,API
TXN106387,CUS10177,2026-07-29 15:12:00,13355.36,CASH_WITHDRAWAL,CA,CP-8428,ONLINE
TXN105912,CUS10162,2026-07-29 15:23:00,227908.42,CASH_WITHDRAWAL,PL,CP-4242,ONLINE
TXN103404,CUS10097,2026-07-29 15:32:00,5905.57,SEPA_IN,DK,CP-5518,BRANCH
TXN104019,CUS10113,2026-07-29 15:39:00,3883.14,SEPA_IN,PH,CP-4081,ONLINE
TXN103090,CUS10087,2026-07-29 15:51:00,19462.03,WIRE_IN,DK,CP-2663,ONLINE
TXN105846,CUS10160,2026-07-29 15:58:00,80000.0,WIRE_IN,KP,CP-3594,ONLINE
TXN105141,CUS10143,2026-07-29 16:01:00,63996.77,CASH_DEPOSIT,PA,CP-5878,BRANCH
TXN101899,CUS10056,2026-07-29 16:06:00,16447.44,CASH_WITHDRAWAL,BG,CP-6940,BRANCH
TXN101870,CUS10054,2026-07-29 16:08:00,1720.39,WIRE_OUT,BE,CP-2346,ONLINE
TXN100225,CUS10006,2026-07-29 16:18:00,4978.51,SEPA_OUT,CA,CP-9115,ONLINE
TXN105835,CUS10160,2026-07-29 16:21:00,5955.06,WIRE_OUT,KP,CP-8898,MOBILE
TXN102982,CUS10084,2026-07-29 16:29:00,3743.28,WIRE_IN,JP,CP-6909,API
TXN104218,CUS10119,2026-07-29 16:30:00,108030.71,SEPA_IN,FI,CP-2344,MOBILE
TXN105144,CUS10143,2026-07-29 17:06:00,86148.39,CASH_DEPOSIT,FR,CP-1003,API
TXN100531,CUS10015,2026-07-29 17:08:00,11028.53,SEPA_OUT,PL,CP-8836,ONLINE
TXN102344,CUS10069,2026-07-29 17:08:00,1488.23,CASH_WITHDRAWAL,IT,CP-4345,API
TXN103027,CUS10085,2026-07-29 17:09:00,59684.74,CASH_DEPOSIT,PH,CP-9324,BRANCH
TXN102118,CUS10061,2026-07-29 17:22:00,2682.33,CASH_WITHDRAWAL,PL,CP-2743,BRANCH
TXN103828,CUS10110,2026-07-29 18:01:00,214511.1,WIRE_OUT,AU,CP-8846,MOBILE
TXN101988,CUS10059,2026-07-29 18:02:00,49882.16,WIRE_IN,ES,CP-1324,MOBILE
TXN101493,CUS10044,2026-07-29 18:09:00,9659.14,WIRE_IN,CH,CP-5003,MOBILE
TXN106027,CUS10167,2026-07-29 18:12:00,6242.16,WIRE_IN,SE,CP-5173,MOBILE
TXN105832,CUS10160,2026-07-29 18:33:00,3447.73,WIRE_IN,KP,CP-8170,ONLINE
TXN105585,CUS10153,2026-07-29 18:46:00,11674.21,WIRE_OUT,BE,CP-6608,MOBILE
TXN106476,CUS10179,2026-07-29 18:51:00,4776.53,CASH_DEPOSIT,ZA,CP-6966,API
TXN105740,CUS10157,2026-07-30 08:10:00,5461.93,CASH_DEPOSIT,NG,CP-5896,ONLINE
TXN101987,CUS10059,2026-07-30 08:24:00,125938.19,WIRE_IN,ES,CP-7349,ONLINE
TXN103264,CUS10093,2026-07-30 08:28:00,14190.84,WIRE_IN,FI,CP-1114,BRANCH
TXN100480,CUS10014,2026-07-30 08:42:00,75227.33,SEPA_IN,NL,CP-7358,MOBILE
TXN102705,CUS10077,2026-07-30 08:51:00,4806.84,CASH_WITHDRAWAL,SY,CP-9854,MOBILE
TXN102916,CUS10083,2026-07-30 09:09:00,36206.92,WIRE_IN,NL,CP-2134,API
TXN105129,CUS10142,2026-07-30 09:11:00,90117.14,CASH_WITHDRAWAL,PL,CP-5335,BRANCH
TXN105089,CUS10141,2026-07-30 09:13:00,23543.12,CASH_DEPOSIT,SE,CP-9471,ONLINE
TXN103704,CUS10107,2026-07-30 09:16:00,74481.34,SEPA_OUT,CH,CP-2371,API
TXN104120,CUS10116,2026-07-30 09:20:00,5125.08,WIRE_IN,JP,CP-4970,ONLINE
TXN103532,CUS10101,2026-07-30 09:36:00,76715.49,WIRE_OUT,AE,CP-7429,ONLINE
TXN104091,CUS10115,2026-07-30 09:48:00,12981.43,WIRE_OUT,US,CP-3375,ONLINE
TXN106557,CUS10102,2026-07-30 10:00:00,630607.29,WIRE_IN,VN,CP-3560,API
TXN102580,CUS10074,2026-07-30 10:08:00,28057.01,CASH_WITHDRAWAL,DK,CP-2753,API
TXN102612,CUS10075,2026-07-30 10:48:00,17731.82,WIRE_OUT,AT,CP-4455,API
TXN102079,CUS10060,2026-07-30 11:03:00,5813.09,CASH_DEPOSIT,GB,CP-1396,ONLINE
TXN103675,CUS10106,2026-07-30 11:11:00,44168.01,SEPA_OUT,IT,CP-7108,ONLINE
TXN104970,CUS10139,2026-07-30 11:16:00,14155.66,CASH_DEPOSIT,ES,CP-6815,MOBILE
TXN101816,CUS10053,2026-07-30 11:19:00,14900.52,SEPA_IN,CH,CP-9690,MOBILE
TXN103147,CUS10089,2026-07-30 11:25:00,2356.97,SEPA_OUT,AT,CP-8364,ONLINE
TXN100143,CUS10004,2026-07-30 11:29:00,48298.89,SEPA_IN,KE,CP-4088,ONLINE
TXN101127,CUS10032,2026-07-30 11:30:00,2278.91,CASH_DEPOSIT,AT,CP-8679,MOBILE
TXN104144,CUS10117,2026-07-30 11:34:00,24722.65,CASH_DEPOSIT,JP,CP-5096,ONLINE
TXN100554,CUS10016,2026-07-30 11:47:00,10917.27,CASH_WITHDRAWAL,NL,CP-3071,BRANCH
TXN105109,CUS10142,2026-07-30 11:56:00,88918.01,CASH_DEPOSIT,PL,CP-8387,BRANCH
TXN104372,CUS10124,2026-07-30 12:08:00,3478.38,CASH_WITHDRAWAL,SG,CP-2875,MOBILE
TXN101614,CUS10048,2026-07-30 12:31:00,18032.4,CASH_DEPOSIT,NL,CP-9481,MOBILE
TXN101121,CUS10032,2026-07-30 12:41:00,10769.74,WIRE_IN,AT,CP-5825,ONLINE
TXN103061,CUS10086,2026-07-30 12:58:00,1596.29,SEPA_IN,CA,CP-3154,ONLINE
TXN104586,CUS10130,2026-07-30 13:15:00,18868.16,WIRE_IN,HR,CP-6097,BRANCH
TXN100548,CUS10016,2026-07-30 13:20:00,11214.19,CASH_WITHDRAWAL,NL,CP-5382,MOBILE
TXN101177,CUS10033,2026-07-30 13:21:00,19257.15,CASH_DEPOSIT,PA,CP-1885,BRANCH
TXN103609,CUS10104,2026-07-30 13:52:00,29890.19,WIRE_IN,SG,CP-2040,MOBILE
TXN103480,CUS10099,2026-07-30 13:53:00,1635.95,CASH_DEPOSIT,BE,CP-8937,MOBILE
TXN106579,CUS10032,2026-07-30 14:00:00,297850.92,WIRE_IN,PH,CP-3067,API
TXN106534,CUS10143,2026-07-30 14:00:00,9182.8,CASH_DEPOSIT,FR,CP-5597,BRANCH
TXN106274,CUS10172,2026-07-30 14:20:00,1508.84,SEPA_IN,ES,CP-1531,API
TXN102681,CUS10076,2026-07-30 14:22:00,3272.26,CASH_WITHDRAWAL,JP,CP-7322,ONLINE
TXN102189,CUS10063,2026-07-30 14:38:00,6672.26,WIRE_IN,MC,CP-4998,ONLINE
TXN103669,CUS10105,2026-07-30 14:46:00,2731.69,SEPA_IN,MC,CP-1354,ONLINE
TXN101561,CUS10046,2026-07-30 14:47:00,22918.22,CASH_DEPOSIT,NG,CP-1750,ONLINE
TXN102469,CUS10072,2026-07-30 14:55:00,35242.42,CASH_DEPOSIT,ZA,CP-4981,ONLINE
TXN102765,CUS10079,2026-07-30 14:58:00,40158.31,CASH_WITHDRAWAL,BG,CP-5881,MOBILE
TXN102752,CUS10078,2026-07-30 15:03:00,2870.46,WIRE_OUT,BE,CP-1718,ONLINE
TXN103426,CUS10098,2026-07-30 15:05:00,2549.82,WIRE_IN,PA,CP-9747,MOBILE
TXN101658,CUS10049,2026-07-30 15:23:00,1862.43,WIRE_IN,AT,CP-6089,API
TXN100825,CUS10024,2026-07-30 15:23:00,6663.71,WIRE_IN,PH,CP-3430,API
TXN104463,CUS10127,2026-07-30 15:26:00,52816.58,WIRE_OUT,AT,CP-7643,MOBILE
TXN100499,CUS10014,2026-07-30 15:50:00,27566.71,CASH_DEPOSIT,CA,CP-2600,MOBILE
TXN104973,CUS10139,2026-07-30 15:52:00,785.37,CASH_WITHDRAWAL,TR,CP-1871,ONLINE
TXN101881,CUS10055,2026-07-30 15:53:00,30347.98,CASH_DEPOSIT,YE,CP-5844,BRANCH
TXN104631,CUS10132,2026-07-30 15:58:00,54130.87,CASH_DEPOSIT,ES,CP-6881,MOBILE
TXN104994,CUS10140,2026-07-30 16:21:00,4925.2,WIRE_OUT,GB,CP-8695,MOBILE
TXN102956,CUS10083,2026-07-30 16:50:00,87834.53,WIRE_IN,CA,CP-3676,BRANCH
TXN103725,CUS10107,2026-07-30 17:08:00,132825.83,WIRE_OUT,GB,CP-1773,API
TXN105373,CUS10148,2026-07-30 17:41:00,19732.31,WIRE_IN,CH,CP-1990,ONLINE
TXN101936,CUS10057,2026-07-30 17:51:00,10208.85,SEPA_OUT,MC,CP-3363,API
TXN105602,CUS10153,2026-07-30 18:04:00,17557.02,CASH_WITHDRAWAL,BE,CP-9243,MOBILE
TXN104721,CUS10134,2026-07-30 18:08:00,12612.13,WIRE_OUT,FR,CP-2011,API
TXN102755,CUS10079,2026-07-30 18:09:00,14515.64,SEPA_OUT,DK,CP-7769,BRANCH
TXN106340,CUS10175,2026-07-30 18:14:00,1986.56,SEPA_IN,GB,CP-9127,ONLINE
TXN102781,CUS10079,2026-07-30 18:48:00,12388.17,WIRE_IN,FR,CP-7433,API
TXN105545,CUS10152,2026-07-30 18:56:00,21887.44,CASH_WITHDRAWAL,HR,CP-3182,MOBILE
TXN102286,CUS10067,2026-07-30 18:59:00,155953.99,CASH_DEPOSIT,SE,CP-8501,MOBILE
TXN106558,CUS10102,2026-07-31 04:00:00,596606.2,WIRE_OUT,HR,CP-7586,API
TXN103526,CUS10101,2026-07-31 08:25:00,71129.24,SEPA_OUT,AE,CP-1137,API
TXN102857,CUS10081,2026-07-31 08:29:00,3464.94,WIRE_OUT,CH,CP-4925,API
TXN103926,CUS10112,2026-07-31 08:51:00,89832.36,WIRE_OUT,LU,CP-1125,MOBILE
TXN105623,CUS10154,2026-07-31 08:57:00,6100.91,WIRE_IN,MM,CP-9328,API
TXN106535,CUS10143,2026-07-31 09:00:00,9348.57,CASH_DEPOSIT,FR,CP-3855,BRANCH
TXN100828,CUS10024,2026-07-31 09:02:00,1488.58,WIRE_OUT,IE,CP-8223,API
TXN106085,CUS10168,2026-07-31 09:03:00,6384.25,SEPA_IN,NL,CP-1661,MOBILE
TXN100330,CUS10009,2026-07-31 09:03:00,20630.22,CASH_DEPOSIT,FI,CP-9043,BRANCH
TXN100913,CUS10027,2026-07-31 09:09:00,73590.57,WIRE_OUT,IE,CP-6087,MOBILE
TXN100805,CUS10024,2026-07-31 09:35:00,1626.83,CASH_WITHDRAWAL,TR,CP-7662,BRANCH
TXN100918,CUS10027,2026-07-31 09:36:00,14576.45,WIRE_IN,IE,CP-9551,API
TXN104467,CUS10127,2026-07-31 09:45:00,29098.86,SEPA_OUT,AT,CP-4020,BRANCH
TXN103253,CUS10092,2026-07-31 09:48:00,48572.08,CASH_WITHDRAWAL,KP,CP-2620,MOBILE
TXN103658,CUS10105,2026-07-31 09:49:00,2368.75,CASH_WITHDRAWAL,ES,CP-4572,ONLINE
TXN105448,CUS10150,2026-07-31 09:57:00,26910.77,CASH_DEPOSIT,PL,CP-9255,MOBILE
TXN102178,CUS10063,2026-07-31 10:01:00,21031.08,SEPA_IN,VN,CP-4602,BRANCH
TXN101148,CUS10032,2026-07-31 10:17:00,14920.27,SEPA_IN,FI,CP-2093,BRANCH
TXN106185,CUS10170,2026-07-31 10:41:00,22889.12,WIRE_OUT,FI,CP-6197,API
TXN102521,CUS10073,2026-07-31 10:41:00,800000.0,WIRE_IN,HR,CP-6340,API
TXN103560,CUS10101,2026-07-31 10:52:00,100391.55,SEPA_OUT,AE,CP-7161,BRANCH
TXN100152,CUS10004,2026-07-31 11:19:00,24183.77,SEPA_OUT,BE,CP-1944,MOBILE
TXN106278,CUS10173,2026-07-31 11:23:00,15836.9,CASH_WITHDRAWAL,ES,CP-7036,MOBILE
TXN100089,CUS10003,2026-07-31 11:37:00,6282.26,WIRE_IN,IT,CP-5609,MOBILE
TXN104447,CUS10127,2026-07-31 11:45:00,22566.44,CASH_DEPOSIT,AT,CP-8372,ONLINE
TXN100229,CUS10006,2026-07-31 11:51:00,3588.19,CASH_WITHDRAWAL,CA,CP-6744,MOBILE
TXN103066,CUS10086,2026-07-31 11:59:00,8481.74,CASH_WITHDRAWAL,CA,CP-5831,MOBILE
TXN104149,CUS10117,2026-07-31 12:13:00,101258.11,WIRE_IN,JP,CP-9631,MOBILE
TXN100927,CUS10027,2026-07-31 12:13:00,28171.86,SEPA_OUT,IT,CP-6196,MOBILE
TXN100286,CUS10008,2026-07-31 12:16:00,73804.56,SEPA_OUT,BG,CP-6345,API
TXN104197,CUS10119,2026-07-31 12:46:00,23815.35,WIRE_OUT,FI,CP-9607,API
TXN100148,CUS10004,2026-07-31 12:56:00,63260.09,CASH_WITHDRAWAL,KE,CP-9540,BRANCH
TXN102419,CUS10071,2026-07-31 12:57:00,1441.87,CASH_DEPOSIT,US,CP-8330,BRANCH
TXN104501,CUS10128,2026-07-31 13:08:00,14121.44,WIRE_IN,BE,CP-8507,MOBILE
TXN106416,CUS10177,2026-07-31 13:11:00,14912.38,WIRE_OUT,CA,CP-1460,BRANCH
TXN101210,CUS10034,2026-07-31 13:42:00,770.19,CASH_DEPOSIT,SE,CP-1937,API
TXN104706,CUS10134,2026-07-31 13:44:00,25682.54,SEPA_IN,FR,CP-2947,API
TXN104337,CUS10122,2026-07-31 13:56:00,31160.64,SEPA_IN,CH,CP-9637,MOBILE
TXN106580,CUS10032,2026-07-31 14:00:00,288570.87,WIRE_OUT,PA,CP-2855,API
TXN102270,CUS10067,2026-07-31 14:00:00,110056.05,WIRE_IN,NL,CP-5483,MOBILE
TXN102373,CUS10070,2026-07-31 14:09:00,31124.04,WIRE_OUT,DK,CP-6269,API
TXN100920,CUS10027,2026-07-31 14:13:00,49178.65,WIRE_OUT,IE,CP-4507,API
TXN106261,CUS10172,2026-07-31 14:24:00,3867.32,CASH_DEPOSIT,ES,CP-6195,ONLINE
TXN102273,CUS10067,2026-07-31 14:35:00,85641.55,WIRE_OUT,NL,CP-9930,BRANCH
TXN102480,CUS10072,2026-07-31 14:39:00,25662.04,SEPA_IN,ES,CP-9957,ONLINE
TXN101173,CUS10033,2026-07-31 14:48:00,19815.8,WIRE_IN,PA,CP-1981,BRANCH
TXN101766,CUS10051,2026-07-31 14:58:00,118310.02,SEPA_OUT,AE,CP-3023,ONLINE
TXN101553,CUS10046,2026-07-31 15:04:00,21503.1,CASH_DEPOSIT,IE,CP-1579,API
TXN100085,CUS10003,2026-07-31 15:07:00,2789.08,WIRE_OUT,IT,CP-3308,ONLINE
TXN104389,CUS10125,2026-07-31 15:24:00,6654.92,WIRE_IN,IE,CP-8430,MOBILE
TXN101100,CUS10032,2026-07-31 15:47:00,9258.34,SEPA_IN,KE,CP-7158,BRANCH
TXN103997,CUS10113,2026-07-31 15:50:00,3224.82,SEPA_IN,CH,CP-1407,API
TXN106114,CUS10169,2026-07-31 16:02:00,1765.41,WIRE_OUT,AU,CP-4060,ONLINE
TXN103308,CUS10094,2026-07-31 16:16:00,34097.16,WIRE_OUT,IE,CP-8812,BRANCH
TXN103505,CUS10100,2026-07-31 16:23:00,694.89,CASH_DEPOSIT,FI,CP-7542,API
TXN101683,CUS10049,2026-07-31 16:25:00,5401.11,SEPA_OUT,AT,CP-8773,API
TXN102357,CUS10069,2026-07-31 16:35:00,9346.24,CASH_DEPOSIT,IT,CP-9807,ONLINE
TXN102542,CUS10073,2026-07-31 16:35:00,70051.8,WIRE_OUT,SG,CP-6326,API
TXN104068,CUS10114,2026-07-31 16:36:00,8045.95,CASH_WITHDRAWAL,IT,CP-2408,MOBILE
TXN100435,CUS10013,2026-07-31 16:50:00,4421.12,SEPA_IN,TR,CP-1769,MOBILE
TXN105218,CUS10145,2026-07-31 16:53:00,2762.11,WIRE_IN,CA,CP-9778,BRANCH
TXN102337,CUS10069,2026-07-31 17:07:00,8671.85,SEPA_IN,IT,CP-9796,BRANCH
TXN100635,CUS10019,2026-07-31 17:09:00,11087.48,SEPA_IN,BE,CP-6395,MOBILE
TXN105326,CUS10147,2026-07-31 17:15:00,13768.02,CASH_WITHDRAWAL,VN,CP-2133,ONLINE
TXN104453,CUS10127,2026-07-31 17:26:00,26411.93,WIRE_OUT,AT,CP-6666,ONLINE
TXN101175,CUS10033,2026-07-31 17:28:00,16643.41,SEPA_IN,PA,CP-3199,API
TXN104034,CUS10114,2026-07-31 17:38:00,10903.13,WIRE_IN,IT,CP-8140,MOBILE
TXN106448,CUS10179,2026-07-31 18:06:00,343.6,SEPA_OUT,DE,CP-9901,ONLINE
TXN100896,CUS10027,2026-07-31 18:19:00,18226.19,CASH_WITHDRAWAL,IE,CP-2073,API
TXN101990,CUS10059,2026-07-31 18:31:00,158091.86,SEPA_IN,ES,CP-8454,MOBILE
TXN105994,CUS10165,2026-07-31 18:37:00,83139.84,CASH_WITHDRAWAL,IE,CP-2553,API
TXN104113,CUS10115,2026-07-31 18:38:00,1224.76,WIRE_IN,FI,CP-3509,MOBILE
TXN103356,CUS10096,2026-07-31 18:53:00,88739.96,SEPA_OUT,HR,CP-8948,MOBILE
TXN101562,CUS10046,2026-08-01 08:04:00,5991.3,SEPA_OUT,TR,CP-3958,API
TXN102800,CUS10080,2026-08-01 08:09:00,96536.02,WIRE_IN,NL,CP-7291,MOBILE
TXN102963,CUS10083,2026-08-01 08:11:00,17893.82,SEPA_IN,NL,CP-4450,ONLINE
TXN100125,CUS10003,2026-08-01 08:16:00,24034.27,SEPA_OUT,IT,CP-5374,API
TXN103751,CUS10108,2026-08-01 08:31:00,27108.29,WIRE_OUT,SE,CP-7218,ONLINE
TXN102799,CUS10080,2026-08-01 08:40:00,106031.32,CASH_DEPOSIT,FI,CP-7783,API
TXN103556,CUS10101,2026-08-01 08:51:00,139112.5,CASH_DEPOSIT,AE,CP-4041,BRANCH
TXN106536,CUS10143,2026-08-01 09:00:00,8834.6,CASH_DEPOSIT,FR,CP-7448,BRANCH
TXN100064,CUS10002,2026-08-01 09:01:00,15963.17,SEPA_OUT,FI,CP-9482,MOBILE
TXN103869,CUS10111,2026-08-01 09:13:00,46221.67,SEPA_OUT,SE,CP-6645,MOBILE
TXN100617,CUS10018,2026-08-01 09:17:00,148927.85,CASH_WITHDRAWAL,US,CP-2467,ONLINE
TXN103711,CUS10107,2026-08-01 09:19:00,29084.23,WIRE_IN,GB,CP-6317,ONLINE
TXN104479,CUS10128,2026-08-01 09:25:00,96816.23,CASH_DEPOSIT,BE,CP-3352,ONLINE
TXN104103,CUS10115,2026-08-01 09:26:00,8466.09,WIRE_IN,US,CP-3755,MOBILE
TXN101082,CUS10031,2026-08-01 09:30:00,32213.75,SEPA_IN,FI,CP-1891,API
TXN105300,CUS10146,2026-08-01 09:39:00,1763.03,SEPA_IN,GB,CP-5078,ONLINE
TXN105721,CUS10157,2026-08-01 09:42:00,16524.44,CASH_WITHDRAWAL,SE,CP-6246,MOBILE
TXN105266,CUS10146,2026-08-01 09:51:00,4991.09,SEPA_OUT,GB,CP-7608,API
TXN102936,CUS10083,2026-08-01 10:06:00,25700.67,CASH_DEPOSIT,HR,CP-8299,BRANCH
TXN105083,CUS10141,2026-08-01 10:08:00,17712.98,CASH_WITHDRAWAL,SE,CP-3024,ONLINE
TXN103864,CUS10110,2026-08-01 10:09:00,61890.23,SEPA_OUT,AU,CP-3016,API
TXN106359,CUS10176,2026-08-01 10:26:00,1255.8,SEPA_OUT,MC,CP-5054,BRANCH
TXN105649,CUS10155,2026-08-01 10:32:00,17657.76,CASH_DEPOSIT,CA,CP-8628,ONLINE
TXN104993,CUS10140,2026-08-01 10:35:00,13114.01,CASH_WITHDRAWAL,GB,CP-2458,ONLINE
TXN100563,CUS10016,2026-08-01 10:45:00,6420.17,SEPA_OUT,NL,CP-7199,BRANCH
TXN101092,CUS10031,2026-08-01 10:51:00,74574.98,WIRE_OUT,FI,CP-6106,MOBILE
TXN103022,CUS10085,2026-08-01 11:11:00,29980.89,WIRE_OUT,HR,CP-9218,MOBILE
TXN103570,CUS10102,2026-08-01 11:43:00,1642.11,SEPA_OUT,BG,CP-3466,BRANCH
TXN104885,CUS10137,2026-08-01 11:44:00,14256.48,WIRE_IN,AU,CP-9079,ONLINE
TXN101997,CUS10059,2026-08-01 11:45:00,41155.14,WIRE_OUT,ES,CP-6954,MOBILE
TXN105179,CUS10144,2026-08-01 11:54:00,4219.32,SEPA_OUT,BE,CP-4220,MOBILE
TXN102566,CUS10074,2026-08-01 11:59:00,9392.41,CASH_WITHDRAWAL,CA,CP-4507,ONLINE
TXN106520,CUS10169,2026-08-01 12:00:00,9142.28,CASH_DEPOSIT,SE,CP-8227,BRANCH
TXN103773,CUS10108,2026-08-01 12:09:00,11345.17,WIRE_OUT,IE,CP-5224,API
TXN101788,CUS10052,2026-08-01 12:21:00,26893.75,SEPA_OUT,AT,CP-6417,MOBILE
TXN101828,CUS10053,2026-08-01 12:38:00,77013.3,WIRE_IN,CH,CP-2661,ONLINE
TXN104876,CUS10137,2026-08-01 12:51:00,7131.32,SEPA_IN,AU,CP-8042,ONLINE
TXN103336,CUS10096,2026-08-01 13:04:00,27943.63,SEPA_IN,HR,CP-6429,API
TXN103918,CUS10112,2026-08-01 13:15:00,89065.95,CASH_WITHDRAWAL,IE,CP-9342,BRANCH
TXN106122,CUS10169,2026-08-01 13:27:00,1132.59,SEPA_OUT,SE,CP-4065,API
TXN103007,CUS10085,2026-08-01 13:33:00,12083.71,CASH_WITHDRAWAL,PH,CP-7352,MOBILE
TXN101832,CUS10053,2026-08-01 13:36:00,178637.38,CASH_WITHDRAWAL,CH,CP-5271,API
TXN104694,CUS10133,2026-08-01 13:37:00,1788.31,CASH_DEPOSIT,SG,CP-4429,API
TXN102787,CUS10079,2026-08-01 13:43:00,7386.55,WIRE_OUT,JP,CP-1748,API
TXN102824,CUS10080,2026-08-01 13:45:00,79911.92,WIRE_OUT,FI,CP-9246,ONLINE
TXN103377,CUS10096,2026-08-01 13:48:00,38521.57,CASH_DEPOSIT,HR,CP-3910,BRANCH
TXN104822,CUS10136,2026-08-01 13:57:00,21182.24,WIRE_OUT,PL,CP-3114,MOBILE
TXN103117,CUS10088,2026-08-01 14:02:00,11380.72,CASH_WITHDRAWAL,CH,CP-9701,API
TXN103072,CUS10086,2026-08-01 14:08:00,2449.37,WIRE_IN,CA,CP-2113,MOBILE
TXN101182,CUS10033,2026-08-01 14:11:00,43432.48,SEPA_IN,PA,CP-5675,MOBILE
TXN102402,CUS10071,2026-08-01 14:21:00,2690.62,CASH_WITHDRAWAL,US,CP-9148,API
TXN104069,CUS10114,2026-08-01 14:38:00,48411.77,CASH_WITHDRAWAL,IT,CP-9360,API
TXN101193,CUS10034,2026-08-01 15:02:00,2690.68,CASH_WITHDRAWAL,CA,CP-1462,BRANCH
TXN106058,CUS10168,2026-08-01 15:24:00,68983.89,CASH_DEPOSIT,IT,CP-9440,BRANCH
TXN103345,CUS10096,2026-08-01 15:25:00,306624.38,SEPA_OUT,HR,CP-8533,API
TXN105193,CUS10144,2026-08-01 15:26:00,2596.3,WIRE_IN,AU,CP-6479,ONLINE
TXN105895,CUS10162,2026-08-01 15:43:00,186462.97,CASH_DEPOSIT,PL,CP-6944,API
TXN103697,CUS10107,2026-08-01 15:48:00,108737.27,WIRE_OUT,GB,CP-2089,API
TXN103868,CUS10111,2026-08-01 15:53:00,23300.25,WIRE_OUT,SE,CP-9812,BRANCH
TXN106173,CUS10170,2026-08-01 15:54:00,14487.8,SEPA_OUT,FI,CP-1292,ONLINE
TXN105447,CUS10150,2026-08-01 15:57:00,85720.3,WIRE_IN,LU,CP-6010,BRANCH
TXN101388,CUS10041,2026-08-01 16:00:00,8549.45,WIRE_IN,IT,CP-5762,MOBILE
TXN104484,CUS10128,2026-08-01 16:06:00,40551.03,WIRE_IN,AT,CP-8887,BRANCH
TXN101922,CUS10057,2026-08-01 16:09:00,3532.72,SEPA_IN,LU,CP-1431,MOBILE
TXN104533,CUS10128,2026-08-01 16:14:00,20633.63,WIRE_IN,FR,CP-1490,ONLINE
TXN103460,CUS10099,2026-08-01 16:23:00,8089.34,CASH_WITHDRAWAL,BE,CP-7554,MOBILE
TXN104509,CUS10128,2026-08-01 16:33:00,39412.21,CASH_DEPOSIT,BE,CP-8751,API
TXN105956,CUS10164,2026-08-01 16:34:00,37757.81,CASH_WITHDRAWAL,AU,CP-7860,MOBILE
TXN102831,CUS10080,2026-08-01 16:52:00,39776.48,CASH_DEPOSIT,FI,CP-7342,MOBILE
TXN106267,CUS10172,2026-08-01 17:20:00,4522.14,SEPA_OUT,ES,CP-5111,MOBILE
TXN105364,CUS10148,2026-08-01 17:41:00,17892.14,CASH_WITHDRAWAL,JP,CP-8198,API
TXN103500,CUS10099,2026-08-01 17:42:00,5357.42,SEPA_OUT,BE,CP-1768,MOBILE
TXN100158,CUS10004,2026-08-01 17:45:00,16065.25,WIRE_OUT,KE,CP-6269,API
TXN103503,CUS10099,2026-08-01 17:59:00,2170.43,WIRE_OUT,FI,CP-3919,ONLINE
TXN105385,CUS10148,2026-08-01 18:18:00,21223.54,SEPA_OUT,JP,CP-7275,ONLINE
TXN105981,CUS10165,2026-08-01 18:19:00,152674.29,SEPA_IN,IE,CP-7173,BRANCH
TXN101063,CUS10030,2026-08-01 18:20:00,1035.98,SEPA_OUT,BE,CP-6381,ONLINE
TXN100203,CUS10005,2026-08-01 18:42:00,4840.47,CASH_WITHDRAWAL,FI,CP-1725,MOBILE
TXN103588,CUS10103,2026-08-02 08:00:00,56160.94,WIRE_OUT,PL,CP-8379,MOBILE
TXN102604,CUS10075,2026-08-02 08:01:00,12642.67,SEPA_IN,AT,CP-4865,ONLINE
TXN103305,CUS10094,2026-08-02 08:20:00,19479.45,CASH_WITHDRAWAL,IE,CP-6270,MOBILE
TXN105752,CUS10157,2026-08-02 08:27:00,12678.33,SEPA_OUT,ZA,CP-9751,ONLINE
TXN105575,CUS10153,2026-08-02 08:28:00,4352.21,CASH_WITHDRAWAL,BE,CP-7872,API
TXN105524,CUS10152,2026-08-02 08:29:00,42004.21,SEPA_IN,HR,CP-5149,API
TXN104827,CUS10136,2026-08-02 08:48:00,78893.36,WIRE_OUT,PL,CP-6424,API
TXN105059,CUS10141,2026-08-02 08:51:00,29683.44,WIRE_OUT,KE,CP-5475,MOBILE
TXN101047,CUS10030,2026-08-02 09:07:00,1180.58,WIRE_OUT,FI,CP-5675,BRANCH
TXN104031,CUS10114,2026-08-02 09:11:00,6709.82,CASH_DEPOSIT,DE,CP-5219,ONLINE
TXN104319,CUS10121,2026-08-02 09:14:00,3183.16,CASH_WITHDRAWAL,AE,CP-8992,API
TXN103148,CUS10089,2026-08-02 09:14:00,3813.64,CASH_DEPOSIT,AT,CP-1204,ONLINE
TXN102819,CUS10080,2026-08-02 09:17:00,17826.94,SEPA_IN,FI,CP-4463,BRANCH
TXN104747,CUS10134,2026-08-02 09:28:00,3495.1,SEPA_IN,FR,CP-4209,MOBILE
TXN103131,CUS10089,2026-08-02 09:52:00,4043.29,SEPA_OUT,AT,CP-2254,ONLINE
TXN106521,CUS10169,2026-08-02 10:00:00,8848.79,CASH_DEPOSIT,SE,CP-8377,BRANCH
TXN105669,CUS10156,2026-08-02 10:10:00,242246.84,CASH_WITHDRAWAL,NL,CP-1122,ONLINE
TXN104766,CUS10135,2026-08-02 10:22:00,1617.16,CASH_WITHDRAWAL,SG,CP-5225,BRANCH
TXN101508,CUS10045,2026-08-02 10:26:00,89440.55,SEPA_IN,CH,CP-5997,ONLINE
TXN102310,CUS10068,2026-08-02 10:36:00,32238.69,CASH_WITHDRAWAL,AU,CP-2965,BRANCH
TXN100501,CUS10014,2026-08-02 11:00:00,383899.94,WIRE_IN,NL,CP-9561,ONLINE
TXN105622,CUS10154,2026-08-02 11:03:00,1964.31,CASH_DEPOSIT,MM,CP-4111,BRANCH
TXN105667,CUS10156,2026-08-02 11:25:00,147838.45,WIRE_OUT,NL,CP-7427,API
TXN100437,CUS10013,2026-08-02 11:39:00,1381.31,SEPA_OUT,ZA,CP-4695,API
TXN105201,CUS10144,2026-08-02 11:47:00,2770.39,SEPA_OUT,SG,CP-9507,API
TXN105487,CUS10151,2026-08-02 12:09:00,11739.24,SEPA_IN,BE,CP-5925,MOBILE
TXN106044,CUS10167,2026-08-02 12:16:00,22741.96,CASH_WITHDRAWAL,ES,CP-4792,ONLINE
TXN104413,CUS10126,2026-08-02 12:24:00,1129.54,SEPA_OUT,FI,CP-1451,MOBILE
TXN100506,CUS10014,2026-08-02 12:36:00,51880.01,CASH_WITHDRAWAL,NL,CP-7522,BRANCH
TXN103606,CUS10103,2026-08-02 13:06:00,11163.75,SEPA_IN,PL,CP-5956,API
TXN104001,CUS10113,2026-08-02 13:14:00,4063.94,CASH_WITHDRAWAL,CH,CP-2074,API
TXN102192,CUS10063,2026-08-02 13:14:00,21042.92,SEPA_IN,VN,CP-8840,BRANCH
TXN101719,CUS10050,2026-08-02 13:38:00,58818.68,CASH_WITHDRAWAL,NG,CP-7572,API
TXN100790,CUS10024,2026-08-02 13:39:00,2937.81,SEPA_OUT,PH,CP-1709,ONLINE
TXN105166,CUS10144,2026-08-02 13:41:00,2785.04,CASH_WITHDRAWAL,PH,CP-3125,API
TXN103722,CUS10107,2026-08-02 13:47:00,22475.49,WIRE_OUT,GB,CP-1312,ONLINE
TXN104670,CUS10133,2026-08-02 13:51:00,3510.7,CASH_DEPOSIT,HR,CP-1114,MOBILE
TXN102684,CUS10076,2026-08-02 13:51:00,5447.53,SEPA_IN,MC,CP-1772,ONLINE
TXN101910,CUS10056,2026-08-02 13:52:00,83309.81,SEPA_IN,BG,CP-5074,API
TXN103171,CUS10090,2026-08-02 13:55:00,13556.42,SEPA_IN,PH,CP-7676,ONLINE
TXN103351,CUS10096,2026-08-02 14:06:00,63441.76,CASH_WITHDRAWAL,BE,CP-1416,MOBILE
TXN106342,CUS10175,2026-08-02 15:05:00,3714.29,WIRE_IN,US,CP-5340,API
TXN102123,CUS10062,2026-08-02 15:07:00,67527.57,SEPA_IN,IT,CP-7602,ONLINE
TXN102214,CUS10064,2026-08-02 15:25:00,14303.73,SEPA_OUT,SE,CP-7087,BRANCH
TXN101541,CUS10046,2026-08-02 15:28:00,172001.42,WIRE_OUT,TR,CP-4296,BRANCH
TXN102806,CUS10080,2026-08-02 15:29:00,78129.59,CASH_DEPOSIT,TR,CP-3065,ONLINE
TXN105360,CUS10148,2026-08-02 15:32:00,20076.41,WIRE_OUT,JP,CP-3582,MOBILE
TXN103184,CUS10090,2026-08-02 15:35:00,4464.26,CASH_DEPOSIT,JP,CP-7902,BRANCH
TXN100576,CUS10016,2026-08-02 15:40:00,10061.89,SEPA_IN,NL,CP-1853,BRANCH
TXN104327,CUS10122,2026-08-02 15:42:00,42818.95,CASH_WITHDRAWAL,CH,CP-5023,API
TXN106537,CUS10143,2026-08-02 16:00:00,9618.73,CASH_DEPOSIT,FR,CP-4976,BRANCH
TXN101565,CUS10046,2026-08-02 16:13:00,33269.44,CASH_WITHDRAWAL,TR,CP-6848,BRANCH
TXN103895,CUS10111,2026-08-02 16:13:00,46426.0,WIRE_OUT,SE,CP-7928,MOBILE
TXN104548,CUS10129,2026-08-02 16:34:00,2893.33,CASH_WITHDRAWAL,ES,CP-2155,BRANCH
TXN100947,CUS10028,2026-08-02 16:39:00,11977.48,SEPA_OUT,MC,CP-7076,BRANCH
TXN102116,CUS10061,2026-08-02 16:42:00,17351.42,WIRE_OUT,VN,CP-6486,MOBILE
TXN102134,CUS10062,2026-08-02 17:07:00,62778.71,SEPA_OUT,IT,CP-3849,MOBILE
TXN100420,CUS10013,2026-08-02 17:12:00,21665.36,SEPA_OUT,JP,CP-4532,MOBILE
TXN102607,CUS10075,2026-08-02 17:38:00,3568.34,CASH_DEPOSIT,AT,CP-5876,MOBILE
TXN102989,CUS10084,2026-08-02 17:44:00,14343.7,SEPA_OUT,JP,CP-4427,BRANCH
TXN106198,CUS10171,2026-08-02 17:49:00,32807.11,CASH_DEPOSIT,FR,CP-7513,MOBILE
TXN106589,CUS10145,2026-08-02 18:00:00,750000.0,WIRE_OUT,IR,CP-9818,ONLINE
TXN103904,CUS10111,2026-08-02 18:04:00,75821.15,WIRE_IN,SE,CP-5455,BRANCH
TXN102754,CUS10079,2026-08-02 18:05:00,19636.62,SEPA_IN,IE,CP-6361,API
TXN105787,CUS10158,2026-08-02 18:24:00,197057.97,CASH_DEPOSIT,AT,CP-9210,MOBILE
TXN101222,CUS10035,2026-08-02 18:30:00,69180.77,WIRE_IN,AE,CP-3224,MOBILE
TXN105134,CUS10143,2026-08-02 18:33:00,11750.82,CASH_WITHDRAWAL,FR,CP-7730,API
TXN105392,CUS10148,2026-08-02 18:53:00,22620.15,CASH_WITHDRAWAL,JP,CP-6501,API
TXN101461,CUS10043,2026-08-03 08:07:00,31293.49,SEPA_IN,BE,CP-2229,API
TXN101641,CUS10048,2026-08-03 08:17:00,64478.43,WIRE_OUT,NL,CP-6567,ONLINE
TXN103662,CUS10105,2026-08-03 08:19:00,2808.49,CASH_DEPOSIT,ES,CP-9804,BRANCH
TXN103510,CUS10100,2026-08-03 08:32:00,5532.42,WIRE_IN,HR,CP-8077,MOBILE
TXN104965,CUS10139,2026-08-03 08:46:00,3450.6,SEPA_IN,ES,CP-2417,MOBILE
TXN104916,CUS10138,2026-08-03 08:49:00,48748.78,CASH_DEPOSIT,ZA,CP-2393,MOBILE
TXN106538,CUS10143,2026-08-03 09:00:00,9763.47,CASH_DEPOSIT,FR,CP-1393,BRANCH
TXN106050,CUS10167,2026-08-03 09:09:00,62696.09,WIRE_IN,ES,CP-9900,ONLINE
TXN101486,CUS10044,2026-08-03 09:10:00,2679.34,WIRE_IN,CH,CP-6769,MOBILE
TXN104557,CUS10129,2026-08-03 09:17:00,2779.03,WIRE_IN,AU,CP-9448,ONLINE
TXN101787,CUS10052,2026-08-03 09:21:00,11413.87,WIRE_IN,AT,CP-8507,MOBILE
TXN105180,CUS10144,2026-08-03 09:21:00,4963.17,WIRE_IN,PH,CP-5647,ONLINE
TXN105867,CUS10161,2026-08-03 09:23:00,23843.85,WIRE_OUT,LU,CP-9623,MOBILE
TXN100522,CUS10015,2026-08-03 09:24:00,24522.78,WIRE_OUT,PL,CP-4767,API
TXN100615,CUS10018,2026-08-03 09:25:00,92409.11,CASH_WITHDRAWAL,IT,CP-3136,BRANCH
TXN100564,CUS10016,2026-08-03 09:27:00,21785.28,CASH_DEPOSIT,NL,CP-5454,API
TXN103052,CUS10086,2026-08-03 09:35:00,1653.89,WIRE_OUT,CA,CP-1238,BRANCH
TXN103151,CUS10090,2026-08-03 09:41:00,6202.16,WIRE_OUT,ZA,CP-2392,ONLINE
TXN104119,CUS10116,2026-08-03 09:52:00,3627.05,CASH_DEPOSIT,JP,CP-5123,API
TXN104192,CUS10119,2026-08-03 10:01:00,232787.32,SEPA_OUT,SE,CP-8655,API
TXN101430,CUS10043,2026-08-03 10:05:00,106567.01,SEPA_IN,BE,CP-4407,MOBILE
TXN102367,CUS10070,2026-08-03 10:05:00,5315.72,WIRE_OUT,DK,CP-9847,MOBILE
TXN105442,CUS10149,2026-08-03 10:26:00,1054.93,CASH_DEPOSIT,SE,CP-8636,ONLINE
TXN103561,CUS10101,2026-08-03 10:28:00,45487.49,WIRE_OUT,AE,CP-3612,BRANCH
TXN103282,CUS10093,2026-08-03 10:31:00,1489.38,CASH_DEPOSIT,SE,CP-7954,ONLINE
TXN100954,CUS10028,2026-08-03 10:45:00,19508.17,WIRE_IN,MC,CP-9108,ONLINE
TXN104229,CUS10120,2026-08-03 10:45:00,41952.85,WIRE_OUT,PL,CP-6107,BRANCH
TXN105105,CUS10142,2026-08-03 11:00:00,97921.97,WIRE_IN,PL,CP-1249,MOBILE
TXN102504,CUS10073,2026-08-03 11:00:00,34978.31,CASH_WITHDRAWAL,SG,CP-2965,ONLINE
TXN106522,CUS10169,2026-08-03 11:00:00,9742.5,CASH_DEPOSIT,SE,CP-1560,BRANCH
TXN102955,CUS10083,2026-08-03 11:02:00,168610.62,SEPA_IN,NL,CP-1957,BRANCH
TXN102845,CUS10080,2026-08-03 11:12:00,34639.91,WIRE_OUT,FI,CP-3195,API
TXN105493,CUS10151,2026-08-03 11:32:00,44097.0,SEPA_OUT,NG,CP-8246,BRANCH
TXN105126,CUS10142,2026-08-03 11:38:00,66944.59,WIRE_IN,PL,CP-5904,API
TXN103940,CUS10112,2026-08-03 11:39:00,56431.3,SEPA_OUT,LU,CP-1348,API
TXN101300,CUS10037,2026-08-03 11:42:00,24415.77,SEPA_OUT,ES,CP-2688,BRANCH
TXN105581,CUS10153,2026-08-03 11:59:00,47228.59,WIRE_IN,BE,CP-5430,MOBILE
TXN100756,CUS10022,2026-08-03 12:11:00,6182.8,SEPA_OUT,BE,CP-4287,MOBILE
TXN105185,CUS10144,2026-08-03 12:13:00,872.04,CASH_WITHDRAWAL,AU,CP-7081,API
TXN101585,CUS10047,2026-08-03 12:16:00,3627.17,WIRE_OUT,BE,CP-3858,BRANCH
TXN103046,CUS10086,2026-08-03 12:20:00,5265.78,CASH_DEPOSIT,CA,CP-3730,MOBILE
TXN102358,CUS10069,2026-08-03 12:21:00,2012.29,WIRE_OUT,IT,CP-1721,MOBILE
TXN102620,CUS10075,2026-08-03 12:34:00,36604.07,WIRE_IN,AT,CP-8393,API
TXN102546,CUS10073,2026-08-03 12:36:00,27681.23,SEPA_OUT,PH,CP-2908,BRANCH
TXN104621,CUS10132,2026-08-03 12:43:00,331566.99,WIRE_OUT,FR,CP-8032,MOBILE
TXN102930,CUS10083,2026-08-03 12:47:00,83514.91,CASH_WITHDRAWAL,NL,CP-5217,ONLINE
TXN106266,CUS10172,2026-08-03 12:50:00,2209.22,SEPA_OUT,ES,CP-2057,MOBILE
TXN103083,CUS10087,2026-08-03 12:54:00,34093.25,WIRE_IN,ES,CP-6461,BRANCH
TXN106539,CUS10126,2026-08-03 13:00:00,802148.57,WIRE_IN,AE,CP-5967,API
TXN102759,CUS10079,2026-08-03 13:02:00,34285.52,CASH_DEPOSIT,JP,CP-7607,BRANCH
TXN104076,CUS10114,2026-08-03 13:26:00,15581.14,WIRE_OUT,IT,CP-7478,API
TXN100998,CUS10029,2026-08-03 13:43:00,1319.2,CASH_DEPOSIT,NL,CP-1523,ONLINE
TXN101000,CUS10029,2026-08-03 13:50:00,6381.82,WIRE_IN,NL,CP-5382,BRANCH
TXN103106,CUS10088,2026-08-03 13:51:00,7404.15,SEPA_IN,CH,CP-4376,MOBILE
TXN103214,CUS10091,2026-08-03 13:57:00,150106.68,WIRE_OUT,CH,CP-6873,BRANCH
TXN102698,CUS10077,2026-08-03 14:03:00,3426.79,CASH_DEPOSIT,ES,CP-6924,ONLINE
TXN102154,CUS10062,2026-08-03 14:03:00,30408.34,SEPA_IN,FR,CP-7465,ONLINE
TXN105839,CUS10160,2026-08-03 14:04:00,5192.63,CASH_DEPOSIT,KP,CP-9162,MOBILE
TXN104597,CUS10130,2026-08-03 14:19:00,23412.79,CASH_DEPOSIT,BE,CP-9767,MOBILE
TXN101927,CUS10057,2026-08-03 14:23:00,6629.04,WIRE_OUT,LU,CP-6245,API
TXN100455,CUS10014,2026-08-03 14:24:00,44192.29,SEPA_OUT,NL,CP-8094,API
TXN106483,CUS10179,2026-08-03 14:36:00,1596.65,CASH_DEPOSIT,SG,CP-5724,ONLINE
TXN100346,CUS10010,2026-08-03 14:41:00,2616.39,CASH_DEPOSIT,US,CP-8750,ONLINE
TXN105494,CUS10151,2026-08-03 14:53:00,11762.93,SEPA_IN,NL,CP-8653,ONLINE
TXN103797,CUS10109,2026-08-03 14:55:00,9874.33,WIRE_IN,CH,CP-1701,ONLINE
TXN104200,CUS10119,2026-08-03 15:01:00,101268.4,CASH_WITHDRAWAL,IE,CP-2289,ONLINE
TXN104740,CUS10134,2026-08-03 15:09:00,12620.98,SEPA_IN,FR,CP-6613,BRANCH
TXN101708,CUS10050,2026-08-03 15:16:00,74944.03,SEPA_IN,NG,CP-6957,API
TXN102019,CUS10059,2026-08-03 15:27:00,30921.2,SEPA_IN,ES,CP-8505,ONLINE
TXN101820,CUS10053,2026-08-03 15:59:00,75026.63,SEPA_IN,GB,CP-3375,API
TXN100586,CUS10017,2026-08-03 16:23:00,57705.93,CASH_WITHDRAWAL,KE,CP-9289,MOBILE
TXN105224,CUS10145,2026-08-03 16:29:00,40000.0,CASH_WITHDRAWAL,CA,CP-6547,ONLINE
TXN100672,CUS10020,2026-08-03 16:36:00,6335.15,WIRE_OUT,CA,CP-9132,MOBILE
TXN101404,CUS10042,2026-08-03 16:46:00,9243.81,SEPA_OUT,YE,CP-3059,MOBILE
TXN101678,CUS10049,2026-08-03 17:06:00,9260.57,CASH_DEPOSIT,AT,CP-7274,API
TXN105199,CUS10144,2026-08-03 17:08:00,8737.76,CASH_DEPOSIT,PH,CP-1946,ONLINE
TXN101575,CUS10047,2026-08-03 17:13:00,2024.77,CASH_WITHDRAWAL,US,CP-8111,MOBILE
TXN101194,CUS10034,2026-08-03 17:29:00,582.5,SEPA_IN,BE,CP-5053,BRANCH
TXN104656,CUS10133,2026-08-03 17:29:00,1618.88,CASH_WITHDRAWAL,SG,CP-9955,API
TXN101028,CUS10029,2026-08-03 17:31:00,3403.43,SEPA_OUT,NL,CP-9020,MOBILE
TXN100482,CUS10014,2026-08-03 17:34:00,23050.59,SEPA_OUT,NL,CP-7201,API
TXN105805,CUS10159,2026-08-03 17:35:00,92967.13,SEPA_IN,FI,CP-1601,MOBILE
TXN103952,CUS10112,2026-08-03 17:57:00,239123.18,CASH_WITHDRAWAL,LU,CP-9160,BRANCH
TXN106540,CUS10126,2026-08-03 18:00:00,768021.74,WIRE_OUT,KP,CP-7350,API
TXN104609,CUS10131,2026-08-03 18:16:00,4259.49,SEPA_OUT,US,CP-8638,BRANCH
TXN100366,CUS10011,2026-08-03 18:45:00,24923.93,SEPA_IN,PA,CP-4086,BRANCH
TXN101555,CUS10046,2026-08-04 08:06:00,55901.65,CASH_DEPOSIT,TR,CP-4690,API
TXN105777,CUS10158,2026-08-04 08:07:00,31340.84,WIRE_OUT,AT,CP-2505,API
TXN105967,CUS10165,2026-08-04 08:22:00,110917.44,WIRE_OUT,IE,CP-4903,ONLINE
TXN103528,CUS10101,2026-08-04 08:39:00,19249.84,WIRE_IN,AE,CP-1179,BRANCH
TXN101207,CUS10034,2026-08-04 08:42:00,1225.87,WIRE_IN,SE,CP-2586,BRANCH
TXN102105,CUS10061,2026-08-04 08:42:00,77532.15,WIRE_OUT,PL,CP-4847,MOBILE
TXN106084,CUS10168,2026-08-04 08:50:00,7722.78,SEPA_OUT,NL,CP-1739,BRANCH
TXN102378,CUS10070,2026-08-04 08:59:00,14966.02,SEPA_OUT,DK,CP-5142,ONLINE
TXN100187,CUS10004,2026-08-04 09:08:00,39308.4,SEPA_OUT,KE,CP-8353,MOBILE
TXN104339,CUS10122,2026-08-04 09:13:00,16162.18,SEPA_IN,CH,CP-2744,BRANCH
TXN101265,CUS10036,2026-08-04 09:34:00,13446.65,CASH_DEPOSIT,HR,CP-7664,ONLINE
TXN103394,CUS10097,2026-08-04 09:49:00,20189.25,WIRE_OUT,DK,CP-5401,API
TXN101650,CUS10049,2026-08-04 09:52:00,6624.82,SEPA_OUT,PA,CP-3149,API
TXN100915,CUS10027,2026-08-04 10:01:00,26043.59,SEPA_IN,IE,CP-3883,ONLINE
TXN102279,CUS10067,2026-08-04 10:07:00,120653.36,WIRE_IN,US,CP-9199,MOBILE
TXN102738,CUS10078,2026-08-04 10:10:00,14446.39,SEPA_OUT,IT,CP-6476,ONLINE
TXN105544,CUS10152,2026-08-04 10:13:00,62218.72,SEPA_IN,HR,CP-5341,BRANCH
TXN102322,CUS10069,2026-08-04 10:30:00,12018.92,WIRE_OUT,IT,CP-1280,BRANCH
TXN106201,CUS10171,2026-08-04 10:42:00,17322.16,CASH_WITHDRAWAL,SG,CP-5800,MOBILE
TXN105772,CUS10158,2026-08-04 10:43:00,72804.01,CASH_DEPOSIT,AT,CP-4809,API
TXN103733,CUS10107,2026-08-04 10:47:00,93587.76,CASH_DEPOSIT,GB,CP-6842,BRANCH
TXN103433,CUS10098,2026-08-04 11:35:00,1926.37,SEPA_IN,VN,CP-5019,ONLINE
TXN100538,CUS10015,2026-08-04 11:35:00,93198.88,SEPA_OUT,PL,CP-4212,BRANCH
TXN102308,CUS10068,2026-08-04 11:39:00,63899.14,CASH_WITHDRAWAL,NL,CP-7884,API
TXN103355,CUS10096,2026-08-04 11:46:00,72991.54,CASH_DEPOSIT,NL,CP-2721,API
TXN100121,CUS10003,2026-08-04 11:51:00,2012.96,WIRE_OUT,IT,CP-8518,API
TXN100912,CUS10027,2026-08-04 12:41:00,25433.35,CASH_WITHDRAWAL,IE,CP-4868,MOBILE
TXN100746,CUS10022,2026-08-04 12:51:00,4838.14,CASH_WITHDRAWAL,BE,CP-7408,MOBILE
TXN106151,CUS10169,2026-08-04 13:02:00,1027.36,WIRE_OUT,SE,CP-6291,BRANCH
TXN101476,CUS10043,2026-08-04 13:06:00,75647.93,SEPA_OUT,BE,CP-7923,BRANCH
TXN103616,CUS10104,2026-08-04 13:09:00,18935.88,WIRE_IN,SG,CP-4436,API
TXN102048,CUS10060,2026-08-04 13:12:00,6410.57,SEPA_OUT,GB,CP-3593,API
TXN100853,CUS10025,2026-08-04 13:26:00,5393.43,SEPA_IN,IE,CP-1798,API
TXN105876,CUS10161,2026-08-04 13:30:00,11421.08,WIRE_OUT,LU,CP-8992,API
TXN105154,CUS10143,2026-08-04 13:39:00,20785.84,CASH_WITHDRAWAL,NL,CP-6964,API
TXN103141,CUS10089,2026-08-04 13:48:00,759.83,CASH_WITHDRAWAL,NL,CP-4885,API
TXN106523,CUS10169,2026-08-04 14:00:00,9248.19,CASH_DEPOSIT,SE,CP-1371,BRANCH
TXN100685,CUS10021,2026-08-04 14:05:00,3685.36,WIRE_OUT,LU,CP-7088,MOBILE
TXN105271,CUS10146,2026-08-04 14:35:00,16515.45,WIRE_OUT,GB,CP-1859,BRANCH
TXN104536,CUS10129,2026-08-04 14:48:00,2477.66,CASH_DEPOSIT,AU,CP-9135,BRANCH
TXN105073,CUS10141,2026-08-04 14:56:00,12005.95,CASH_WITHDRAWAL,SE,CP-7767,MOBILE
TXN105939,CUS10163,2026-08-04 14:57:00,124182.64,CASH_DEPOSIT,DE,CP-9112,BRANCH
TXN103493,CUS10099,2026-08-04 15:27:00,1357.6,CASH_WITHDRAWAL,BE,CP-9757,MOBILE
TXN102634,CUS10075,2026-08-04 15:32:00,81167.93,WIRE_IN,AT,CP-8273,ONLINE
TXN101348,CUS10040,2026-08-04 15:42:00,2792.01,SEPA_IN,VN,CP-2251,ONLINE
TXN103737,CUS10108,2026-08-04 15:48:00,18339.63,WIRE_OUT,MC,CP-7057,BRANCH
TXN100549,CUS10016,2026-08-04 15:49:00,5140.11,CASH_WITHDRAWAL,CA,CP-9535,MOBILE
TXN100270,CUS10007,2026-08-04 16:04:00,263978.39,CASH_DEPOSIT,AT,CP-2262,MOBILE
TXN101054,CUS10030,2026-08-04 16:37:00,2682.83,WIRE_OUT,BE,CP-3057,API
TXN104460,CUS10127,2026-08-04 16:41:00,53916.24,SEPA_IN,AT,CP-3053,API
TXN105761,CUS10158,2026-08-04 17:25:00,62992.58,WIRE_IN,AT,CP-8928,ONLINE
TXN106491,CUS10179,2026-08-04 17:34:00,1008.69,WIRE_OUT,SG,CP-9852,ONLINE
TXN105264,CUS10146,2026-08-04 17:36:00,5402.37,SEPA_OUT,GB,CP-9625,MOBILE
TXN103691,CUS10106,2026-08-04 17:37:00,81554.89,WIRE_IN,IT,CP-4420,MOBILE
TXN106364,CUS10176,2026-08-04 17:39:00,12671.06,WIRE_IN,MC,CP-4297,MOBILE
TXN104448,CUS10127,2026-08-04 17:41:00,30604.59,SEPA_OUT,PH,CP-6578,BRANCH
TXN104402,CUS10125,2026-08-04 18:01:00,2062.03,WIRE_IN,IE,CP-9314,API
TXN100991,CUS10029,2026-08-04 18:26:00,406.81,SEPA_OUT,NL,CP-6681,MOBILE
TXN104764,CUS10135,2026-08-04 18:29:00,1880.57,CASH_WITHDRAWAL,SG,CP-6468,BRANCH
TXN101492,CUS10044,2026-08-04 18:33:00,5306.14,WIRE_IN,CH,CP-3423,MOBILE
TXN105986,CUS10165,2026-08-04 18:47:00,22021.31,SEPA_OUT,BE,CP-2452,MOBILE
TXN105261,CUS10146,2026-08-05 08:16:00,1117.12,CASH_DEPOSIT,GB,CP-4180,BRANCH
TXN102096,CUS10061,2026-08-05 08:19:00,35621.12,CASH_WITHDRAWAL,PL,CP-3613,ONLINE
TXN100683,CUS10021,2026-08-05 08:21:00,3081.66,CASH_DEPOSIT,PA,CP-3719,MOBILE
TXN102767,CUS10079,2026-08-05 08:25:00,29974.5,CASH_DEPOSIT,JP,CP-6497,API
TXN102744,CUS10078,2026-08-05 08:29:00,550.72,WIRE_OUT,IT,CP-5562,MOBILE
TXN104837,CUS10136,2026-08-05 08:31:00,22707.36,CASH_WITHDRAWAL,PL,CP-6292,BRANCH
TXN100801,CUS10024,2026-08-05 08:46:00,1378.69,WIRE_OUT,CA,CP-5060,API
TXN104292,CUS10121,2026-08-05 08:50:00,1271.09,SEPA_IN,AE,CP-1082,ONLINE
TXN100304,CUS10009,2026-08-05 08:51:00,20487.87,SEPA_IN,DK,CP-4813,BRANCH
TXN101568,CUS10047,2026-08-05 09:13:00,596.86,CASH_DEPOSIT,KE,CP-4777,API
TXN103372,CUS10096,2026-08-05 09:18:00,266025.1,WIRE_OUT,HR,CP-1187,ONLINE
TXN105470,CUS10151,2026-08-05 09:34:00,28011.62,CASH_WITHDRAWAL,NL,CP-1501,MOBILE
TXN102737,CUS10078,2026-08-05 09:38:00,5479.35,SEPA_OUT,IT,CP-3257,MOBILE
TXN105057,CUS10141,2026-08-05 09:44:00,42320.35,WIRE_IN,PH,CP-5147,API
TXN106451,CUS10179,2026-08-05 09:44:00,4527.23,CASH_WITHDRAWAL,SG,CP-5559,API
TXN102896,CUS10082,2026-08-05 09:52:00,1572.98,SEPA_OUT,IE,CP-6165,BRANCH
TXN100798,CUS10024,2026-08-05 10:07:00,2131.07,SEPA_OUT,AU,CP-3804,API
TXN101155,CUS10033,2026-08-05 10:10:00,46731.01,WIRE_IN,PL,CP-3903,API
TXN105077,CUS10141,2026-08-05 10:12:00,95528.88,SEPA_IN,SE,CP-7394,ONLINE
TXN104734,CUS10134,2026-08-05 10:29:00,10517.3,SEPA_IN,US,CP-6310,MOBILE
TXN106470,CUS10179,2026-08-05 10:31:00,2146.91,SEPA_OUT,SG,CP-4090,BRANCH
TXN103992,CUS10113,2026-08-05 10:36:00,857.89,SEPA_OUT,DE,CP-6646,BRANCH
TXN105220,CUS10145,2026-08-05 10:37:00,17373.33,WIRE_IN,CA,CP-9264,API
TXN104437,CUS10127,2026-08-05 10:52:00,16752.01,CASH_WITHDRAWAL,AT,CP-7524,ONLINE
TXN100837,CUS10024,2026-08-05 11:01:00,937.34,SEPA_OUT,CA,CP-2431,MOBILE
TXN101122,CUS10032,2026-08-05 11:06:00,6945.55,SEPA_IN,AT,CP-1627,BRANCH
TXN104583,CUS10130,2026-08-05 11:14:00,15603.04,CASH_WITHDRAWAL,BE,CP-9503,API
TXN104391,CUS10125,2026-08-05 11:19:00,8028.97,CASH_WITHDRAWAL,IE,CP-8455,BRANCH
TXN106388,CUS10177,2026-08-05 11:37:00,81753.82,CASH_DEPOSIT,CA,CP-1164,BRANCH
TXN104114,CUS10115,2026-08-05 11:38:00,15345.62,WIRE_OUT,US,CP-6278,API
TXN100517,CUS10015,2026-08-05 11:38:00,19061.25,SEPA_OUT,AU,CP-1076,API
TXN105017,CUS10140,2026-08-05 11:52:00,42691.76,WIRE_IN,GB,CP-7607,API
TXN101971,CUS10058,2026-08-05 11:52:00,792.91,CASH_DEPOSIT,CH,CP-1170,MOBILE
TXN106524,CUS10169,2026-08-05 12:00:00,9060.84,CASH_DEPOSIT,SE,CP-6256,BRANCH
TXN104655,CUS10133,2026-08-05 12:04:00,11680.4,WIRE_IN,JP,CP-8141,MOBILE
TXN100736,CUS10022,2026-08-05 12:08:00,5113.79,SEPA_IN,BE,CP-5209,ONLINE
TXN105808,CUS10159,2026-08-05 12:08:00,724347.09,WIRE_IN,FI,CP-8793,BRANCH
TXN100299,CUS10009,2026-08-05 12:28:00,34475.79,CASH_DEPOSIT,FR,CP-5026,API
TXN104774,CUS10135,2026-08-05 12:37:00,651.07,CASH_DEPOSIT,SG,CP-1955,BRANCH
TXN102298,CUS10068,2026-08-05 12:53:00,70109.73,CASH_DEPOSIT,PH,CP-2305,API
TXN102516,CUS10073,2026-08-05 12:55:00,89260.85,SEPA_OUT,SG,CP-6535,API
TXN104485,CUS10128,2026-08-05 13:15:00,11633.59,CASH_WITHDRAWAL,BE,CP-4411,ONLINE
TXN102409,CUS10071,2026-08-05 13:21:00,1662.8,WIRE_IN,US,CP-5180,ONLINE
TXN105995,CUS10165,2026-08-05 13:23:00,47792.89,CASH_DEPOSIT,IE,CP-3690,API
TXN101749,CUS10051,2026-08-05 13:29:00,46404.25,WIRE_OUT,AE,CP-9577,MOBILE
TXN103110,CUS10088,2026-08-05 13:36:00,8224.58,WIRE_IN,CH,CP-3734,ONLINE
TXN101306,CUS10037,2026-08-05 13:45:00,42616.71,SEPA_IN,IE,CP-1779,BRANCH
TXN102391,CUS10070,2026-08-05 13:46:00,9904.07,CASH_DEPOSIT,AU,CP-2008,API
TXN101456,CUS10043,2026-08-05 13:48:00,152249.7,WIRE_IN,BE,CP-6131,MOBILE
TXN101465,CUS10043,2026-08-05 13:49:00,133447.93,WIRE_OUT,BE,CP-2504,API
TXN104910,CUS10138,2026-08-05 13:54:00,13762.56,CASH_WITHDRAWAL,ZA,CP-7721,MOBILE
TXN103192,CUS10091,2026-08-05 14:11:00,517065.78,WIRE_IN,CH,CP-3755,ONLINE
TXN104499,CUS10128,2026-08-05 14:15:00,16028.2,SEPA_OUT,BE,CP-2971,MOBILE
TXN102159,CUS10062,2026-08-05 14:17:00,130190.85,SEPA_IN,IT,CP-5972,API
TXN100515,CUS10015,2026-08-05 14:22:00,76249.77,SEPA_OUT,PL,CP-4281,ONLINE
TXN101078,CUS10031,2026-08-05 14:34:00,138422.32,WIRE_IN,FI,CP-7420,BRANCH
TXN102098,CUS10061,2026-08-05 14:41:00,6010.74,WIRE_IN,PL,CP-2967,API
TXN100754,CUS10022,2026-08-05 14:44:00,1949.55,SEPA_IN,PH,CP-5216,BRANCH
TXN102716,CUS10078,2026-08-05 14:50:00,6872.46,CASH_DEPOSIT,ZA,CP-3265,BRANCH
TXN101438,CUS10043,2026-08-05 15:12:00,123424.37,CASH_WITHDRAWAL,CA,CP-5822,MOBILE
TXN101654,CUS10049,2026-08-05 15:12:00,5462.48,CASH_WITHDRAWAL,AT,CP-8723,MOBILE
TXN101841,CUS10053,2026-08-05 15:28:00,18492.58,WIRE_OUT,VN,CP-6413,ONLINE
TXN105518,CUS10151,2026-08-05 15:31:00,3091.37,SEPA_IN,NL,CP-5673,API
TXN105791,CUS10158,2026-08-05 15:56:00,5609.4,CASH_WITHDRAWAL,AT,CP-4843,ONLINE
TXN106565,CUS10102,2026-08-05 16:00:00,635554.88,WIRE_IN,PH,CP-5571,API
TXN106440,CUS10178,2026-08-05 16:09:00,4557.7,WIRE_IN,BG,CP-7970,API
TXN102494,CUS10073,2026-08-05 16:11:00,30497.45,SEPA_IN,US,CP-5396,API
TXN104090,CUS10115,2026-08-05 16:14:00,1730.17,CASH_DEPOSIT,US,CP-4732,MOBILE
TXN103190,CUS10091,2026-08-05 16:17:00,60045.3,SEPA_IN,CH,CP-8357,ONLINE
TXN103156,CUS10090,2026-08-05 16:29:00,3096.65,CASH_WITHDRAWAL,JP,CP-8776,BRANCH
TXN104100,CUS10115,2026-08-05 16:54:00,1254.75,SEPA_IN,US,CP-7840,API
TXN104581,CUS10130,2026-08-05 17:01:00,3791.02,WIRE_IN,BE,CP-5391,API
TXN105596,CUS10153,2026-08-05 17:05:00,28907.62,CASH_WITHDRAWAL,BE,CP-8998,API
TXN101308,CUS10038,2026-08-05 17:06:00,19865.41,SEPA_IN,US,CP-9049,API
TXN101700,CUS10050,2026-08-05 17:12:00,110316.41,SEPA_OUT,NG,CP-3833,ONLINE
TXN103754,CUS10108,2026-08-05 17:13:00,11974.2,WIRE_IN,IE,CP-5677,MOBILE
TXN101572,CUS10047,2026-08-05 17:24:00,2634.82,SEPA_OUT,PH,CP-7302,MOBILE
TXN106254,CUS10172,2026-08-05 17:26:00,1529.45,SEPA_OUT,ES,CP-3423,BRANCH
TXN101072,CUS10031,2026-08-05 17:32:00,44307.72,CASH_DEPOSIT,FI,CP-4174,BRANCH
TXN104308,CUS10121,2026-08-05 17:34:00,3559.35,CASH_WITHDRAWAL,AE,CP-5006,API
TXN101584,CUS10047,2026-08-05 17:35:00,2935.92,WIRE_IN,PH,CP-8216,BRANCH
TXN104887,CUS10137,2026-08-05 18:03:00,75502.88,WIRE_OUT,AU,CP-5090,BRANCH
TXN106293,CUS10173,2026-08-05 18:20:00,59068.04,CASH_WITHDRAWAL,CH,CP-8542,ONLINE
TXN101812,CUS10053,2026-08-05 18:35:00,302664.56,CASH_WITHDRAWAL,CH,CP-8209,ONLINE
TXN102336,CUS10069,2026-08-05 18:37:00,12438.5,WIRE_OUT,HR,CP-2531,API
TXN100059,CUS10002,2026-08-05 18:50:00,18186.87,CASH_WITHDRAWAL,LU,CP-7655,API
TXN101858,CUS10054,2026-08-05 18:57:00,5249.18,WIRE_OUT,DE,CP-5079,BRANCH
TXN105520,CUS10151,2026-08-06 08:03:00,4588.3,SEPA_OUT,NL,CP-9717,BRANCH
TXN103786,CUS10109,2026-08-06 08:04:00,10733.29,WIRE_IN,CH,CP-6497,BRANCH
TXN102464,CUS10072,2026-08-06 08:15:00,83515.0,CASH_WITHDRAWAL,ES,CP-5098,ONLINE
TXN104703,CUS10133,2026-08-06 08:15:00,3308.03,CASH_DEPOSIT,SG,CP-6571,BRANCH
TXN104515,CUS10128,2026-08-06 08:29:00,20074.55,CASH_WITHDRAWAL,BE,CP-1471,BRANCH
TXN103767,CUS10108,2026-08-06 08:52:00,59107.67,CASH_WITHDRAWAL,IE,CP-5346,ONLINE
TXN106525,CUS10169,2026-08-06 09:00:00,9758.45,CASH_DEPOSIT,SE,CP-9800,BRANCH
TXN105232,CUS10145,2026-08-06 09:08:00,1790.14,SEPA_OUT,CA,CP-3431,API
TXN100524,CUS10015,2026-08-06 09:25:00,22625.87,SEPA_IN,PL,CP-2245,BRANCH
TXN104849,CUS10136,2026-08-06 09:35:00,61141.46,SEPA_IN,PL,CP-3628,API
TXN106420,CUS10177,2026-08-06 09:42:00,16778.11,WIRE_IN,CA,CP-7016,MOBILE
TXN105571,CUS10153,2026-08-06 10:02:00,13600.17,WIRE_OUT,BE,CP-5430,API
TXN103919,CUS10112,2026-08-06 10:24:00,39732.49,WIRE_OUT,LU,CP-2544,MOBILE
TXN105834,CUS10160,2026-08-06 10:26:00,9657.27,SEPA_IN,KP,CP-8696,API
TXN103867,CUS10111,2026-08-06 10:38:00,78213.95,WIRE_IN,SE,CP-1656,ONLINE
TXN103099,CUS10087,2026-08-06 10:41:00,132520.12,SEPA_IN,NG,CP-9431,API
TXN105145,CUS10143,2026-08-06 10:47:00,45992.82,SEPA_IN,FR,CP-9182,BRANCH
TXN101454,CUS10043,2026-08-06 10:53:00,131007.73,CASH_DEPOSIT,FR,CP-9642,ONLINE
TXN102528,CUS10073,2026-08-06 11:04:00,431852.23,WIRE_OUT,SG,CP-9902,ONLINE
TXN100935,CUS10027,2026-08-06 11:05:00,13942.07,WIRE_OUT,IE,CP-7447,MOBILE
TXN101035,CUS10030,2026-08-06 11:11:00,14677.35,WIRE_IN,SE,CP-3004,API
TXN105597,CUS10153,2026-08-06 11:24:00,16696.8,WIRE_IN,BE,CP-7251,BRANCH
TXN103382,CUS10096,2026-08-06 11:45:00,98781.25,SEPA_IN,HR,CP-1169,ONLINE
TXN101649,CUS10049,2026-08-06 12:01:00,33074.65,CASH_WITHDRAWAL,AT,CP-5051,ONLINE
TXN100903,CUS10027,2026-08-06 12:03:00,57934.66,CASH_DEPOSIT,IE,CP-7586,BRANCH
TXN102024,CUS10059,2026-08-06 12:05:00,7442.74,CASH_WITHDRAWAL,BG,CP-2389,API
TXN103538,CUS10101,2026-08-06 12:48:00,80127.98,SEPA_OUT,AE,CP-3570,BRANCH
TXN105055,CUS10141,2026-08-06 13:01:00,16987.49,WIRE_IN,SE,CP-2066,BRANCH
TXN106257,CUS10172,2026-08-06 13:03:00,710.21,WIRE_OUT,ES,CP-2889,API
TXN100893,CUS10026,2026-08-06 13:03:00,21236.05,WIRE_IN,FR,CP-3100,API
TXN102295,CUS10068,2026-08-06 13:11:00,63289.08,WIRE_OUT,AU,CP-9600,ONLINE
TXN101603,CUS10047,2026-08-06 13:20:00,1099.24,SEPA_OUT,PH,CP-7898,BRANCH
TXN100545,CUS10015,2026-08-06 13:20:00,22025.16,SEPA_OUT,PL,CP-8322,ONLINE
TXN101615,CUS10048,2026-08-06 13:24:00,200000.0,WIRE_OUT,NL,CP-3346,ONLINE
TXN103886,CUS10111,2026-08-06 13:31:00,3595.39,SEPA_OUT,SE,CP-3243,API
TXN100706,CUS10021,2026-08-06 13:38:00,747.98,CASH_DEPOSIT,LU,CP-2686,MOBILE
TXN103430,CUS10098,2026-08-06 13:49:00,3025.89,SEPA_OUT,PA,CP-8366,ONLINE
TXN104304,CUS10121,2026-08-06 14:00:00,1464.07,CASH_DEPOSIT,AE,CP-1366,MOBILE
TXN102177,CUS10063,2026-08-06 14:15:00,4830.3,CASH_DEPOSIT,VN,CP-5370,API
TXN103508,CUS10100,2026-08-06 14:45:00,3108.57,WIRE_OUT,SE,CP-4878,API
TXN104506,CUS10128,2026-08-06 14:46:00,72390.83,WIRE_IN,BE,CP-4547,BRANCH
TXN103008,CUS10085,2026-08-06 14:47:00,99072.74,CASH_WITHDRAWAL,PH,CP-2945,MOBILE
TXN105317,CUS10147,2026-08-06 14:49:00,17463.69,WIRE_OUT,VN,CP-4674,MOBILE
TXN102585,CUS10074,2026-08-06 14:53:00,12629.21,WIRE_OUT,CA,CP-5116,MOBILE
TXN100826,CUS10024,2026-08-06 15:10:00,7371.54,WIRE_OUT,CA,CP-9770,API
TXN100458,CUS10014,2026-08-06 15:24:00,53513.24,CASH_WITHDRAWAL,NL,CP-1504,MOBILE
TXN103012,CUS10085,2026-08-06 15:32:00,14879.29,CASH_WITHDRAWAL,IE,CP-2833,ONLINE
TXN102368,CUS10070,2026-08-06 15:33:00,8527.83,WIRE_OUT,LU,CP-3879,API
TXN105257,CUS10146,2026-08-06 15:33:00,1153.74,SEPA_OUT,GB,CP-8418,MOBILE
TXN102207,CUS10064,2026-08-06 15:33:00,27689.27,SEPA_OUT,AE,CP-9871,MOBILE
TXN104860,CUS10137,2026-08-06 15:38:00,14238.05,WIRE_OUT,LU,CP-4877,BRANCH
TXN100120,CUS10003,2026-08-06 15:41:00,7845.51,SEPA_OUT,IT,CP-3198,MOBILE
TXN103265,CUS10093,2026-08-06 16:00:00,39379.19,CASH_WITHDRAWAL,SE,CP-9995,API
TXN105495,CUS10151,2026-08-06 16:07:00,3003.32,CASH_WITHDRAWAL,NL,CP-4139,ONLINE
TXN105004,CUS10140,2026-08-06 16:28:00,14977.17,WIRE_OUT,GB,CP-2070,MOBILE
TXN104418,CUS10126,2026-08-06 16:30:00,6293.92,WIRE_OUT,US,CP-2747,ONLINE
TXN101656,CUS10049,2026-08-06 16:32:00,4767.8,WIRE_IN,AT,CP-9143,MOBILE
TXN104834,CUS10136,2026-08-06 16:38:00,9030.86,CASH_DEPOSIT,PL,CP-8622,MOBILE
TXN106391,CUS10177,2026-08-06 16:52:00,41540.05,CASH_WITHDRAWAL,CA,CP-8354,BRANCH
TXN100467,CUS10014,2026-08-06 17:04:00,152757.97,SEPA_OUT,US,CP-8383,API
TXN102403,CUS10071,2026-08-06 17:07:00,3352.79,SEPA_OUT,BG,CP-1050,BRANCH
TXN104451,CUS10127,2026-08-06 17:10:00,13992.15,SEPA_OUT,HR,CP-6476,MOBILE
TXN101449,CUS10043,2026-08-06 17:13:00,84763.57,WIRE_IN,BE,CP-5555,ONLINE
TXN105917,CUS10162,2026-08-06 17:18:00,18617.38,WIRE_IN,PL,CP-9200,API
TXN103770,CUS10108,2026-08-06 17:41:00,46433.17,CASH_WITHDRAWAL,IE,CP-2360,ONLINE
TXN103584,CUS10103,2026-08-06 17:44:00,22055.4,WIRE_OUT,ES,CP-7831,MOBILE
TXN105971,CUS10165,2026-08-06 17:53:00,41691.86,SEPA_IN,IE,CP-6955,ONLINE
TXN103835,CUS10110,2026-08-06 17:59:00,60630.76,WIRE_OUT,AU,CP-9175,MOBILE
TXN105877,CUS10161,2026-08-06 18:11:00,56504.7,CASH_WITHDRAWAL,LU,CP-4296,BRANCH
TXN103702,CUS10107,2026-08-06 18:16:00,40036.51,SEPA_OUT,JP,CP-3304,BRANCH
TXN105053,CUS10141,2026-08-06 18:21:00,33537.01,CASH_DEPOSIT,SE,CP-9272,ONLINE
TXN103685,CUS10106,2026-08-06 18:40:00,21100.0,WIRE_IN,ES,CP-3483,MOBILE
TXN100959,CUS10028,2026-08-06 18:43:00,29806.34,SEPA_IN,MC,CP-2737,API
TXN106566,CUS10102,2026-08-07 02:00:00,627087.31,WIRE_OUT,AF,CP-8496,API
TXN100119,CUS10003,2026-08-07 08:00:00,7603.91,CASH_DEPOSIT,IT,CP-2758,API
TXN103953,CUS10112,2026-08-07 08:02:00,65766.28,CASH_WITHDRAWAL,TR,CP-3314,ONLINE
TXN100111,CUS10003,2026-08-07 08:18:00,4079.22,SEPA_IN,LU,CP-8247,API
TXN105718,CUS10157,2026-08-07 08:37:00,6500.44,WIRE_IN,NG,CP-3751,MOBILE
TXN102065,CUS10060,2026-08-07 08:47:00,5228.15,CASH_DEPOSIT,DK,CP-5627,BRANCH
TXN102292,CUS10068,2026-08-07 08:54:00,44609.91,SEPA_IN,AU,CP-3243,API
TXN106410,CUS10177,2026-08-07 08:57:00,59221.83,WIRE_OUT,CA,CP-4117,ONLINE
TXN103780,CUS10109,2026-08-07 09:07:00,7389.11,CASH_DEPOSIT,CH,CP-8526,API
TXN106437,CUS10178,2026-08-07 09:07:00,16636.9,SEPA_IN,BG,CP-4371,API
TXN101635,CUS10048,2026-08-07 09:14:00,15084.01,SEPA_IN,NL,CP-7874,MOBILE
TXN104793,CUS10135,2026-08-07 09:15:00,5147.6,WIRE_IN,SG,CP-3231,BRANCH
TXN105399,CUS10148,2026-08-07 09:18:00,26728.94,WIRE_IN,JP,CP-4545,API
TXN102016,CUS10059,2026-08-07 09:22:00,67439.89,SEPA_OUT,ES,CP-1261,MOBILE
TXN101466,CUS10043,2026-08-07 09:22:00,316958.94,WIRE_OUT,BE,CP-4373,ONLINE
TXN101205,CUS10034,2026-08-07 09:24:00,2152.1,WIRE_IN,SE,CP-6605,ONLINE
TXN105578,CUS10153,2026-08-07 09:32:00,7085.23,WIRE_OUT,BE,CP-8373,API
TXN103056,CUS10086,2026-08-07 09:35:00,1335.8,CASH_DEPOSIT,CA,CP-4138,MOBILE
TXN104582,CUS10130,2026-08-07 09:51:00,8293.73,CASH_DEPOSIT,BE,CP-7928,MOBILE
TXN100199,CUS10005,2026-08-07 09:52:00,834.93,SEPA_OUT,NG,CP-9180,BRANCH
TXN106526,CUS10169,2026-08-07 10:00:00,9353.63,CASH_DEPOSIT,SE,CP-7789,BRANCH
TXN100733,CUS10022,2026-08-07 10:02:00,1067.21,CASH_DEPOSIT,BE,CP-5981,API
TXN102135,CUS10062,2026-08-07 10:02:00,52665.85,SEPA_IN,IT,CP-7991,ONLINE
TXN105782,CUS10158,2026-08-07 10:05:00,60073.02,SEPA_OUT,AT,CP-6562,API
TXN104865,CUS10137,2026-08-07 10:07:00,5413.09,WIRE_IN,BE,CP-3710,ONLINE
TXN101377,CUS10041,2026-08-07 10:09:00,19147.79,WIRE_IN,IT,CP-2528,BRANCH
TXN106100,CUS10168,2026-08-07 10:44:00,5206.87,CASH_DEPOSIT,NL,CP-1385,API
TXN106436,CUS10178,2026-08-07 10:49:00,7101.36,WIRE_IN,BG,CP-8171,BRANCH
TXN105951,CUS10164,2026-08-07 10:59:00,42521.49,CASH_WITHDRAWAL,AU,CP-5147,BRANCH
TXN103585,CUS10103,2026-08-07 11:08:00,7401.98,WIRE_OUT,PL,CP-5214,MOBILE
TXN104534,CUS10128,2026-08-07 11:20:00,75464.97,SEPA_IN,BE,CP-4703,ONLINE
TXN105295,CUS10146,2026-08-07 11:20:00,1819.7,WIRE_OUT,DK,CP-1733,API
TXN103340,CUS10096,2026-08-07 11:25:00,146600.58,SEPA_OUT,IE,CP-3166,ONLINE
TXN101477,CUS10043,2026-08-07 11:25:00,116567.98,SEPA_IN,BE,CP-9676,MOBILE
TXN101230,CUS10035,2026-08-07 11:31:00,26674.5,WIRE_OUT,NG,CP-5643,BRANCH
TXN106095,CUS10168,2026-08-07 11:44:00,15042.11,WIRE_IN,NL,CP-3585,API
TXN100446,CUS10013,2026-08-07 11:48:00,5586.73,SEPA_OUT,JP,CP-1144,ONLINE
TXN104132,CUS10116,2026-08-07 12:10:00,19620.12,CASH_DEPOSIT,JP,CP-5435,BRANCH
TXN105668,CUS10156,2026-08-07 12:13:00,20876.8,CASH_DEPOSIT,VN,CP-7855,ONLINE
TXN106048,CUS10167,2026-08-07 12:38:00,7103.18,SEPA_OUT,ES,CP-1080,MOBILE
TXN104889,CUS10137,2026-08-07 12:56:00,34651.07,CASH_WITHDRAWAL,AU,CP-9620,BRANCH
TXN101764,CUS10051,2026-08-07 13:28:00,17110.7,WIRE_IN,AE,CP-3554,BRANCH
TXN104112,CUS10115,2026-08-07 13:33:00,14499.99,WIRE_OUT,DK,CP-6599,MOBILE
TXN104657,CUS10133,2026-08-07 13:35:00,981.33,SEPA_IN,SG,CP-2556,MOBILE
TXN104981,CUS10139,2026-08-07 13:54:00,8472.11,SEPA_IN,ES,CP-5955,BRANCH
TXN101655,CUS10049,2026-08-07 14:05:00,3289.7,SEPA_OUT,AT,CP-5563,MOBILE
TXN100189,CUS10005,2026-08-07 14:24:00,620.08,CASH_DEPOSIT,VN,CP-4977,BRANCH
TXN101087,CUS10031,2026-08-07 14:25:00,50437.39,SEPA_OUT,FI,CP-4819,ONLINE
TXN106142,CUS10169,2026-08-07 14:28:00,2055.9,SEPA_IN,PH,CP-3362,ONLINE
TXN102736,CUS10078,2026-08-07 14:38:00,3186.76,WIRE_IN,IT,CP-2582,BRANCH
TXN100810,CUS10024,2026-08-07 14:48:00,1794.04,CASH_DEPOSIT,CA,CP-9887,BRANCH
TXN102353,CUS10069,2026-08-07 14:49:00,2794.07,WIRE_IN,IT,CP-2889,BRANCH
TXN106361,CUS10176,2026-08-07 14:56:00,10246.52,CASH_DEPOSIT,MC,CP-9334,ONLINE
TXN106323,CUS10175,2026-08-07 15:08:00,11845.81,SEPA_IN,GB,CP-6328,ONLINE
TXN100651,CUS10019,2026-08-07 15:25:00,102611.86,SEPA_IN,PH,CP-8558,BRANCH
TXN106573,CUS10032,2026-08-07 16:00:00,846167.95,WIRE_IN,ZA,CP-9702,API
TXN106426,CUS10178,2026-08-07 16:19:00,10859.45,SEPA_IN,HR,CP-7823,MOBILE
TXN104641,CUS10132,2026-08-07 16:22:00,92364.49,WIRE_IN,FR,CP-8732,BRANCH
TXN100854,CUS10025,2026-08-07 16:40:00,6490.71,WIRE_OUT,DK,CP-4002,ONLINE
TXN103002,CUS10084,2026-08-07 16:42:00,1496.43,CASH_WITHDRAWAL,NL,CP-7102,BRANCH
TXN104004,CUS10113,2026-08-07 16:47:00,1396.03,SEPA_IN,AE,CP-9962,MOBILE
TXN104043,CUS10114,2026-08-07 17:01:00,26476.89,CASH_WITHDRAWAL,IT,CP-5239,BRANCH
TXN106419,CUS10177,2026-08-07 17:10:00,34689.49,SEPA_OUT,CA,CP-8213,MOBILE
TXN106029,CUS10167,2026-08-07 17:11:00,13024.89,WIRE_OUT,ES,CP-9317,ONLINE
TXN102567,CUS10074,2026-08-07 17:12:00,35074.11,SEPA_IN,CA,CP-4414,ONLINE
TXN101217,CUS10035,2026-08-07 17:12:00,52086.03,CASH_DEPOSIT,NG,CP-9267,ONLINE
TXN101921,CUS10057,2026-08-07 17:36:00,15158.96,WIRE_OUT,US,CP-8250,ONLINE
TXN106395,CUS10177,2026-08-07 17:42:00,79607.89,CASH_DEPOSIT,AT,CP-5845,MOBILE
TXN104867,CUS10137,2026-08-07 17:54:00,20236.54,WIRE_IN,AU,CP-3666,ONLINE
TXN102632,CUS10075,2026-08-07 18:02:00,24395.24,SEPA_OUT,BG,CP-5637,MOBILE
TXN103605,CUS10103,2026-08-07 18:03:00,11065.53,SEPA_OUT,PL,CP-7268,API
TXN103932,CUS10112,2026-08-07 18:18:00,84749.9,CASH_WITHDRAWAL,LU,CP-1849,API
TXN101958,CUS10058,2026-08-07 18:27:00,19396.82,SEPA_OUT,GB,CP-2349,MOBILE
TXN101138,CUS10032,2026-08-07 18:33:00,6719.65,WIRE_IN,AT,CP-7039,ONLINE
TXN102448,CUS10071,2026-08-07 18:38:00,2225.77,CASH_WITHDRAWAL,US,CP-6265,ONLINE
TXN106325,CUS10175,2026-08-07 18:42:00,1345.73,SEPA_IN,GB,CP-7667,MOBILE
TXN106478,CUS10179,2026-08-07 18:50:00,1713.86,WIRE_OUT,SG,CP-8542,API
TXN104562,CUS10129,2026-08-07 18:52:00,1017.05,CASH_DEPOSIT,AU,CP-4484,ONLINE
TXN103798,CUS10109,2026-08-07 18:58:00,3764.36,WIRE_OUT,CH,CP-1083,MOBILE
TXN106574,CUS10032,2026-08-07 21:00:00,809005.48,WIRE_OUT,TR,CP-3425,API
TXN104855,CUS10136,2026-08-08 08:12:00,271679.94,CASH_WITHDRAWAL,CA,CP-4964,BRANCH
TXN104326,CUS10122,2026-08-08 08:29:00,12937.45,SEPA_OUT,CH,CP-8284,ONLINE
TXN101256,CUS10036,2026-08-08 08:33:00,158818.07,CASH_WITHDRAWAL,GB,CP-9750,MOBILE
TXN100561,CUS10016,2026-08-08 08:49:00,43841.65,SEPA_IN,NL,CP-4788,ONLINE
TXN104172,CUS10118,2026-08-08 08:54:00,14142.93,WIRE_IN,ES,CP-4943,API
TXN100596,CUS10017,2026-08-08 09:13:00,67151.33,WIRE_IN,NL,CP-4784,MOBILE
TXN103470,CUS10099,2026-08-08 09:15:00,1936.44,WIRE_OUT,BE,CP-1800,API
TXN100339,CUS10009,2026-08-08 09:25:00,13270.91,WIRE_IN,TR,CP-9226,BRANCH
TXN104429,CUS10126,2026-08-08 09:27:00,5663.27,WIRE_OUT,FI,CP-3994,ONLINE
TXN102733,CUS10078,2026-08-08 09:35:00,2061.15,CASH_DEPOSIT,PH,CP-7038,BRANCH
TXN102722,CUS10078,2026-08-08 09:45:00,1786.02,WIRE_OUT,IT,CP-5623,ONLINE
TXN104452,CUS10127,2026-08-08 09:50:00,52263.17,WIRE_OUT,BG,CP-5899,MOBILE
TXN102384,CUS10070,2026-08-08 10:01:00,21387.18,SEPA_OUT,DK,CP-3138,API
TXN101993,CUS10059,2026-08-08 10:02:00,146861.76,CASH_WITHDRAWAL,ES,CP-9871,BRANCH
TXN103236,CUS10092,2026-08-08 10:08:00,46642.37,SEPA_IN,KP,CP-4432,API
TXN100075,CUS10002,2026-08-08 10:10:00,16083.37,CASH_WITHDRAWAL,FI,CP-4694,API
TXN100179,CUS10004,2026-08-08 10:36:00,367174.34,SEPA_OUT,KE,CP-9856,API
TXN103039,CUS10085,2026-08-08 10:37:00,35318.69,SEPA_OUT,DE,CP-5392,MOBILE
TXN104942,CUS10138,2026-08-08 10:46:00,22260.65,SEPA_OUT,ZA,CP-4487,API
TXN103478,CUS10099,2026-08-08 10:47:00,5242.73,CASH_WITHDRAWAL,MC,CP-3218,API
TXN101259,CUS10036,2026-08-08 11:08:00,39848.56,WIRE_OUT,HR,CP-6882,API
TXN104802,CUS10136,2026-08-08 11:15:00,13644.58,SEPA_OUT,PL,CP-3887,MOBILE
TXN100686,CUS10021,2026-08-08 11:33:00,1718.94,WIRE_IN,LU,CP-7131,ONLINE
TXN102121,CUS10062,2026-08-08 11:34:00,156105.5,WIRE_OUT,IT,CP-1385,ONLINE
TXN105794,CUS10158,2026-08-08 11:47:00,33176.17,CASH_WITHDRAWAL,AT,CP-7290,BRANCH
TXN102595,CUS10075,2026-08-08 11:51:00,3452.31,WIRE_IN,AT,CP-4220,ONLINE
TXN104009,CUS10113,2026-08-08 11:55:00,6915.59,CASH_DEPOSIT,SG,CP-6524,ONLINE
TXN104547,CUS10129,2026-08-08 12:09:00,1989.84,WIRE_OUT,AU,CP-5252,BRANCH
TXN100108,CUS10003,2026-08-08 12:45:00,5120.01,CASH_WITHDRAWAL,IT,CP-9011,API
TXN103174,CUS10090,2026-08-08 12:54:00,3737.77,WIRE_OUT,HR,CP-4009,API
TXN102524,CUS10073,2026-08-08 12:54:00,174214.94,CASH_DEPOSIT,SG,CP-7276,MOBILE
TXN100314,CUS10009,2026-08-08 13:08:00,59200.93,SEPA_OUT,VN,CP-8982,API
TXN104869,CUS10137,2026-08-08 13:10:00,13719.92,CASH_DEPOSIT,AU,CP-2764,ONLINE
TXN100785,CUS10024,2026-08-08 13:26:00,4946.07,WIRE_OUT,CA,CP-4144,ONLINE
TXN104521,CUS10128,2026-08-08 13:27:00,98412.5,CASH_WITHDRAWAL,BE,CP-6987,MOBILE
TXN104852,CUS10136,2026-08-08 13:31:00,63721.52,SEPA_IN,PL,CP-6237,BRANCH
TXN102021,CUS10059,2026-08-08 14:12:00,104037.37,SEPA_OUT,JP,CP-1589,API
TXN101098,CUS10032,2026-08-08 14:21:00,8672.69,SEPA_OUT,AT,CP-1691,MOBILE
TXN100391,CUS10011,2026-08-08 14:42:00,30879.41,CASH_DEPOSIT,IE,CP-5423,BRANCH
TXN102645,CUS10076,2026-08-08 15:09:00,2224.0,CASH_DEPOSIT,JP,CP-2595,MOBILE
TXN100081,CUS10003,2026-08-08 15:15:00,5544.5,SEPA_OUT,AE,CP-5873,MOBILE
TXN101500,CUS10045,2026-08-08 15:18:00,155327.76,SEPA_IN,CH,CP-1255,MOBILE
TXN102042,CUS10059,2026-08-08 15:20:00,54793.85,CASH_WITHDRAWAL,ES,CP-4117,BRANCH
TXN106003,CUS10166,2026-08-08 15:24:00,53755.82,CASH_WITHDRAWAL,SG,CP-9582,BRANCH
TXN104992,CUS10140,2026-08-08 15:26:00,7602.08,SEPA_IN,GB,CP-9714,MOBILE
TXN103830,CUS10110,2026-08-08 15:49:00,70868.73,WIRE_OUT,ZA,CP-6293,ONLINE
TXN100966,CUS10028,2026-08-08 15:51:00,12127.07,SEPA_IN,MC,CP-3151,API
TXN103081,CUS10087,2026-08-08 15:55:00,93236.24,CASH_WITHDRAWAL,NG,CP-5846,ONLINE
TXN103774,CUS10108,2026-08-08 16:16:00,5051.57,WIRE_OUT,FR,CP-6230,BRANCH
TXN105274,CUS10146,2026-08-08 16:20:00,1500.99,WIRE_OUT,GB,CP-1843,API
TXN102938,CUS10083,2026-08-08 16:22:00,11224.67,CASH_WITHDRAWAL,NL,CP-7763,API
TXN105521,CUS10152,2026-08-08 16:27:00,49088.04,CASH_WITHDRAWAL,HR,CP-8495,API
TXN104956,CUS10139,2026-08-08 16:28:00,3562.84,CASH_WITHDRAWAL,BG,CP-3883,MOBILE
TXN102764,CUS10079,2026-08-08 16:32:00,25510.41,SEPA_IN,JP,CP-3897,API
TXN105006,CUS10140,2026-08-08 16:33:00,19279.64,CASH_WITHDRAWAL,GB,CP-1375,MOBILE
TXN106133,CUS10169,2026-08-08 16:42:00,2142.16,CASH_WITHDRAWAL,ZA,CP-2956,BRANCH
TXN105259,CUS10146,2026-08-08 16:44:00,10507.0,SEPA_IN,GB,CP-4053,MOBILE
TXN103846,CUS10110,2026-08-08 16:49:00,199444.89,WIRE_IN,CA,CP-4030,BRANCH
TXN106527,CUS10169,2026-08-08 17:00:00,9688.65,CASH_DEPOSIT,SE,CP-5309,BRANCH
TXN103700,CUS10107,2026-08-08 17:02:00,195387.78,CASH_DEPOSIT,GB,CP-6298,ONLINE
TXN105246,CUS10145,2026-08-08 17:05:00,2578.63,SEPA_OUT,CA,CP-1832,API
TXN105397,CUS10148,2026-08-08 17:11:00,37449.66,CASH_DEPOSIT,JP,CP-2902,ONLINE
TXN101244,CUS10036,2026-08-08 17:11:00,24786.01,SEPA_OUT,HR,CP-2468,MOBILE
TXN104311,CUS10121,2026-08-08 17:16:00,1031.02,CASH_WITHDRAWAL,AE,CP-4444,API
TXN100846,CUS10025,2026-08-08 17:19:00,2625.59,CASH_WITHDRAWAL,IE,CP-8593,BRANCH
TXN102920,CUS10083,2026-08-08 17:28:00,23444.49,SEPA_IN,NL,CP-2458,MOBILE
TXN100885,CUS10026,2026-08-08 17:39:00,36511.58,WIRE_IN,FR,CP-9518,MOBILE
TXN101722,CUS10050,2026-08-08 17:44:00,150490.06,CASH_DEPOSIT,ES,CP-3286,BRANCH
TXN100126,CUS10003,2026-08-08 17:46:00,1886.43,SEPA_IN,IT,CP-6890,BRANCH
TXN105983,CUS10165,2026-08-08 17:56:00,57055.94,SEPA_IN,IE,CP-6259,MOBILE
TXN104457,CUS10127,2026-08-08 17:57:00,7171.05,SEPA_OUT,AT,CP-3699,MOBILE
TXN101509,CUS10045,2026-08-08 17:59:00,271747.33,CASH_DEPOSIT,CH,CP-4004,MOBILE
TXN100365,CUS10010,2026-08-08 18:06:00,6045.34,SEPA_IN,US,CP-5529,API
TXN102321,CUS10068,2026-08-08 18:14:00,77699.64,CASH_WITHDRAWAL,AU,CP-5515,MOBILE
TXN100835,CUS10024,2026-08-09 08:25:00,2512.66,WIRE_OUT,CA,CP-8306,API
TXN101130,CUS10032,2026-08-09 08:31:00,5388.15,SEPA_IN,KE,CP-6567,BRANCH
TXN102816,CUS10080,2026-08-09 08:42:00,122547.9,CASH_DEPOSIT,FI,CP-3262,BRANCH
TXN100691,CUS10021,2026-08-09 08:43:00,5266.85,WIRE_IN,ZA,CP-6460,MOBILE
TXN106074,CUS10168,2026-08-09 09:07:00,32659.23,CASH_DEPOSIT,NL,CP-6436,MOBILE
TXN102507,CUS10073,2026-08-09 09:20:00,225561.37,WIRE_IN,SG,CP-6353,API
TXN105458,CUS10150,2026-08-09 10:06:00,9093.02,SEPA_IN,PL,CP-2086,ONLINE
TXN104146,CUS10117,2026-08-09 10:17:00,113698.39,WIRE_OUT,JP,CP-5817,ONLINE
TXN105091,CUS10141,2026-08-09 10:26:00,23690.7,SEPA_OUT,SE,CP-9508,MOBILE
TXN101717,CUS10050,2026-08-09 10:29:00,97052.14,WIRE_IN,NG,CP-8192,MOBILE
TXN101791,CUS10052,2026-08-09 10:36:00,22841.41,SEPA_OUT,AT,CP-8206,API
TXN105065,CUS10141,2026-08-09 10:42:00,35367.74,WIRE_IN,SE,CP-5757,API
TXN105837,CUS10160,2026-08-09 10:46:00,26464.21,WIRE_OUT,KP,CP-1356,API
TXN103696,CUS10107,2026-08-09 10:55:00,52744.09,WIRE_IN,KE,CP-2802,MOBILE
TXN101497,CUS10044,2026-08-09 11:02:00,21910.29,CASH_WITHDRAWAL,CH,CP-6624,ONLINE
TXN101798,CUS10052,2026-08-09 11:14:00,49272.2,CASH_DEPOSIT,AT,CP-2959,BRANCH
TXN103243,CUS10092,2026-08-09 11:21:00,48595.8,SEPA_IN,KP,CP-9199,BRANCH
TXN104481,CUS10128,2026-08-09 11:43:00,52370.53,CASH_DEPOSIT,BE,CP-1314,API
TXN100462,CUS10014,2026-08-09 11:47:00,47611.21,CASH_WITHDRAWAL,NL,CP-6633,BRANCH
TXN105795,CUS10158,2026-08-09 11:47:00,38273.06,CASH_WITHDRAWAL,AT,CP-2163,API
TXN103486,CUS10099,2026-08-09 11:50:00,7086.03,SEPA_IN,SE,CP-2974,BRANCH
TXN104235,CUS10120,2026-08-09 12:00:00,16218.19,CASH_DEPOSIT,PL,CP-2440,ONLINE
TXN106020,CUS10166,2026-08-09 12:04:00,101738.87,SEPA_OUT,SG,CP-9054,API
TXN104560,CUS10129,2026-08-09 12:28:00,884.99,SEPA_IN,AU,CP-7784,ONLINE
TXN101701,CUS10050,2026-08-09 12:35:00,123247.97,SEPA_IN,NG,CP-8639,ONLINE
TXN102462,CUS10072,2026-08-09 12:37:00,61282.89,WIRE_OUT,ES,CP-6292,ONLINE
TXN104712,CUS10134,2026-08-09 12:59:00,11564.87,CASH_DEPOSIT,CA,CP-5490,MOBILE
TXN106528,CUS10169,2026-08-09 13:00:00,9070.11,CASH_DEPOSIT,SE,CP-6351,BRANCH
TXN106397,CUS10177,2026-08-09 13:38:00,14898.02,CASH_DEPOSIT,CA,CP-1853,ONLINE
TXN100700,CUS10021,2026-08-09 13:52:00,1371.34,CASH_WITHDRAWAL,LU,CP-9740,ONLINE
TXN105614,CUS10154,2026-08-09 13:56:00,2768.55,WIRE_OUT,MM,CP-2156,MOBILE
TXN104238,CUS10120,2026-08-09 13:56:00,133262.63,CASH_DEPOSIT,PL,CP-4010,ONLINE
TXN104381,CUS10124,2026-08-09 13:58:00,9594.74,CASH_DEPOSIT,SG,CP-4566,API
TXN104532,CUS10128,2026-08-09 14:06:00,62200.73,WIRE_IN,BE,CP-4312,API
TXN106350,CUS10175,2026-08-09 14:16:00,38516.52,SEPA_IN,HR,CP-1055,BRANCH
TXN101418,CUS10042,2026-08-09 14:43:00,14152.5,SEPA_OUT,YE,CP-1535,ONLINE
TXN103225,CUS10092,2026-08-09 14:46:00,9452.28,SEPA_IN,KP,CP-3911,BRANCH
TXN100088,CUS10003,2026-08-09 15:01:00,2727.29,SEPA_OUT,IT,CP-9281,MOBILE
TXN101642,CUS10048,2026-08-09 15:26:00,19547.38,WIRE_OUT,NL,CP-9782,BRANCH
TXN101868,CUS10054,2026-08-09 15:30:00,1740.8,WIRE_OUT,CH,CP-6290,API
TXN102160,CUS10062,2026-08-09 15:32:00,34249.85,CASH_WITHDRAWAL,IT,CP-3248,MOBILE
TXN105765,CUS10158,2026-08-09 15:32:00,32285.7,SEPA_OUT,AU,CP-3227,API
TXN105999,CUS10165,2026-08-09 15:37:00,16337.73,SEPA_OUT,FI,CP-6902,MOBILE
TXN101469,CUS10043,2026-08-09 15:41:00,118929.49,CASH_DEPOSIT,BE,CP-2731,BRANCH
TXN103177,CUS10090,2026-08-09 15:51:00,5579.74,WIRE_OUT,HR,CP-7157,ONLINE
TXN103403,CUS10097,2026-08-09 15:54:00,3849.87,SEPA_OUT,DK,CP-2537,API
TXN103228,CUS10092,2026-08-09 15:54:00,38862.64,WIRE_OUT,KP,CP-6729,MOBILE
TXN104750,CUS10134,2026-08-09 15:55:00,20154.15,SEPA_IN,FR,CP-2050,BRANCH
TXN100611,CUS10018,2026-08-09 16:02:00,79708.87,CASH_DEPOSIT,IT,CP-3450,API
TXN102758,CUS10079,2026-08-09 16:05:00,8432.24,CASH_WITHDRAWAL,JP,CP-2158,ONLINE
TXN105724,CUS10157,2026-08-09 16:15:00,2911.73,WIRE_OUT,NG,CP-9360,MOBILE
TXN101684,CUS10049,2026-08-09 16:20:00,1622.36,CASH_DEPOSIT,AT,CP-4504,BRANCH
TXN104038,CUS10114,2026-08-09 16:22:00,20464.96,CASH_WITHDRAWAL,LU,CP-5780,BRANCH
TXN100052,CUS10001,2026-08-09 16:25:00,2424.39,SEPA_OUT,FI,CP-5150,ONLINE
TXN102131,CUS10062,2026-08-09 16:49:00,84651.43,SEPA_OUT,IT,CP-4548,MOBILE
TXN104894,CUS10137,2026-08-09 16:55:00,8892.23,WIRE_OUT,AU,CP-8018,MOBILE
TXN102584,CUS10074,2026-08-09 17:04:00,50085.41,CASH_DEPOSIT,CA,CP-6702,API
TXN103079,CUS10087,2026-08-09 17:05:00,68307.92,SEPA_OUT,NG,CP-6034,API
TXN105798,CUS10158,2026-08-09 17:06:00,62664.87,WIRE_IN,BE,CP-9501,MOBILE
TXN102931,CUS10083,2026-08-09 17:07:00,28941.31,CASH_DEPOSIT,NL,CP-5007,BRANCH
TXN103427,CUS10098,2026-08-09 17:16:00,6306.59,CASH_DEPOSIT,PA,CP-5783,BRANCH
TXN105533,CUS10152,2026-08-09 17:44:00,98617.2,SEPA_IN,HR,CP-6800,MOBILE
TXN104111,CUS10115,2026-08-09 17:53:00,2237.19,SEPA_OUT,US,CP-3676,API
TXN105822,CUS10159,2026-08-09 18:18:00,34157.8,WIRE_IN,DK,CP-3140,API
TXN102251,CUS10066,2026-08-09 18:20:00,139578.25,SEPA_OUT,AT,CP-3436,BRANCH
TXN105445,CUS10150,2026-08-09 18:28:00,17444.84,CASH_WITHDRAWAL,PL,CP-6245,BRANCH
TXN103042,CUS10085,2026-08-09 18:43:00,26061.95,CASH_DEPOSIT,PH,CP-6766,API
TXN100023,CUS10000,2026-08-09 18:44:00,26656.95,WIRE_OUT,AT,CP-2388,API
TXN100925,CUS10027,2026-08-09 18:44:00,6159.56,CASH_WITHDRAWAL,IE,CP-2999,BRANCH
TXN105148,CUS10143,2026-08-09 18:51:00,75716.08,CASH_DEPOSIT,FR,CP-2467,API
TXN105801,CUS10159,2026-08-10 08:08:00,68872.83,WIRE_OUT,FI,CP-2333,MOBILE
TXN100178,CUS10004,2026-08-10 08:13:00,33716.12,CASH_WITHDRAWAL,KE,CP-7525,ONLINE
TXN101980,CUS10058,2026-08-10 08:36:00,3830.28,WIRE_OUT,GB,CP-6592,API
TXN105816,CUS10159,2026-08-10 08:49:00,43425.37,WIRE_OUT,FI,CP-1912,BRANCH
TXN101447,CUS10043,2026-08-10 09:00:00,133211.73,WIRE_IN,BE,CP-6388,BRANCH
TXN101253,CUS10036,2026-08-10 09:02:00,56201.68,WIRE_OUT,HR,CP-3641,ONLINE
TXN104203,CUS10119,2026-08-10 09:05:00,38361.47,CASH_WITHDRAWAL,FI,CP-6214,BRANCH
TXN100342,CUS10009,2026-08-10 09:05:00,25343.63,SEPA_OUT,FI,CP-6343,API
TXN100218,CUS10006,2026-08-10 09:15:00,1412.95,WIRE_OUT,CA,CP-7116,BRANCH
TXN102777,CUS10079,2026-08-10 09:21:00,17173.31,CASH_WITHDRAWAL,JP,CP-3999,API
TXN100413,CUS10012,2026-08-10 09:31:00,23159.5,WIRE_IN,TR,CP-2681,MOBILE
TXN103955,CUS10112,2026-08-10 09:37:00,25548.87,SEPA_IN,LU,CP-5584,BRANCH
TXN101276,CUS10036,2026-08-10 09:40:00,266444.26,CASH_WITHDRAWAL,HR,CP-4932,ONLINE
TXN103924,CUS10112,2026-08-10 09:40:00,33770.03,CASH_WITHDRAWAL,LU,CP-2003,BRANCH
TXN104284,CUS10121,2026-08-10 09:49:00,2234.11,CASH_WITHDRAWAL,AE,CP-8140,API
TXN101696,CUS10050,2026-08-10 09:54:00,37434.16,WIRE_OUT,NG,CP-1273,API
TXN105628,CUS10154,2026-08-10 09:59:00,2177.99,CASH_DEPOSIT,MM,CP-9949,BRANCH
TXN106444,CUS10178,2026-08-10 10:04:00,39012.08,SEPA_IN,SE,CP-7958,API
TXN106057,CUS10168,2026-08-10 10:16:00,18930.4,WIRE_IN,FI,CP-5071,API
TXN103353,CUS10096,2026-08-10 10:17:00,88639.17,WIRE_OUT,HR,CP-2734,ONLINE
TXN105671,CUS10156,2026-08-10 10:29:00,86457.57,CASH_WITHDRAWAL,NL,CP-9311,MOBILE
TXN100106,CUS10003,2026-08-10 10:29:00,18841.56,CASH_DEPOSIT,US,CP-6804,API
TXN103456,CUS10099,2026-08-10 10:54:00,4977.78,SEPA_IN,TR,CP-1688,API
TXN103925,CUS10112,2026-08-10 10:55:00,31835.81,SEPA_IN,LU,CP-7987,ONLINE
TXN103781,CUS10109,2026-08-10 10:58:00,6416.72,CASH_WITHDRAWAL,CH,CP-2230,BRANCH
TXN104099,CUS10115,2026-08-10 10:59:00,4414.7,SEPA_OUT,NL,CP-3035,ONLINE
TXN103487,CUS10099,2026-08-10 11:04:00,3546.32,SEPA_OUT,BE,CP-6173,MOBILE
TXN104801,CUS10135,2026-08-10 11:06:00,3979.67,WIRE_OUT,SG,CP-3138,MOBILE
TXN105429,CUS10149,2026-08-10 11:19:00,503.99,CASH_WITHDRAWAL,CA,CP-1934,API
TXN102659,CUS10076,2026-08-10 11:26:00,6486.46,WIRE_OUT,PA,CP-2638,API
TXN105510,CUS10151,2026-08-10 11:28:00,9287.92,SEPA_IN,HR,CP-9770,BRANCH
TXN102606,CUS10075,2026-08-10 11:42:00,12842.48,SEPA_IN,LU,CP-3820,ONLINE
TXN104482,CUS10128,2026-08-10 11:47:00,21191.04,WIRE_OUT,IE,CP-6681,BRANCH
TXN102150,CUS10062,2026-08-10 11:55:00,72397.02,WIRE_OUT,IT,CP-4091,MOBILE
TXN106495,CUS10179,2026-08-10 12:01:00,2826.7,SEPA_OUT,SG,CP-1249,ONLINE
TXN101914,CUS10056,2026-08-10 12:06:00,4931.82,CASH_WITHDRAWAL,LU,CP-7652,API
TXN101598,CUS10047,2026-08-10 12:12:00,2118.28,WIRE_OUT,GB,CP-6385,BRANCH
TXN104807,CUS10136,2026-08-10 12:22:00,70215.26,CASH_DEPOSIT,PL,CP-6428,MOBILE
TXN102717,CUS10078,2026-08-10 12:26:00,8459.6,SEPA_IN,IE,CP-2600,ONLINE
TXN100196,CUS10005,2026-08-10 12:47:00,1027.25,SEPA_OUT,FI,CP-4971,API
TXN104138,CUS10117,2026-08-10 12:53:00,170015.83,SEPA_IN,JP,CP-6321,ONLINE
TXN102581,CUS10074,2026-08-10 12:55:00,28442.42,CASH_WITHDRAWAL,CA,CP-1124,BRANCH
TXN104131,CUS10116,2026-08-10 12:57:00,8348.6,CASH_DEPOSIT,JP,CP-2636,API
TXN102006,CUS10059,2026-08-10 13:12:00,83413.74,WIRE_OUT,ES,CP-6039,ONLINE
TXN103643,CUS10104,2026-08-10 13:12:00,40515.94,WIRE_IN,SG,CP-9923,ONLINE
TXN101769,CUS10051,2026-08-10 13:40:00,32386.53,CASH_WITHDRAWAL,AE,CP-6206,MOBILE
TXN102163,CUS10063,2026-08-10 13:58:00,10373.3,WIRE_OUT,VN,CP-6710,API
TXN101264,CUS10036,2026-08-10 14:24:00,47712.34,CASH_DEPOSIT,HR,CP-5055,ONLINE
TXN103540,CUS10101,2026-08-10 14:24:00,108584.61,SEPA_OUT,AE,CP-2680,MOBILE
TXN100640,CUS10019,2026-08-10 14:26:00,31851.16,CASH_WITHDRAWAL,BE,CP-5485,BRANCH
TXN102072,CUS10060,2026-08-10 14:35:00,8945.85,SEPA_OUT,GB,CP-6306,MOBILE
TXN105609,CUS10153,2026-08-10 14:35:00,21471.18,WIRE_OUT,BE,CP-2384,ONLINE
TXN102366,CUS10070,2026-08-10 14:43:00,13570.7,CASH_DEPOSIT,DK,CP-5749,API
TXN106561,CUS10102,2026-08-10 15:00:00,607474.33,WIRE_IN,PH,CP-6987,API
TXN104564,CUS10129,2026-08-10 15:08:00,3925.35,SEPA_OUT,BE,CP-6375,MOBILE
TXN102041,CUS10059,2026-08-10 15:22:00,60064.72,SEPA_OUT,ES,CP-7069,MOBILE
TXN100934,CUS10027,2026-08-10 15:30:00,29623.44,SEPA_IN,BE,CP-3842,API
TXN105813,CUS10159,2026-08-10 15:30:00,42495.21,CASH_WITHDRAWAL,FI,CP-9759,BRANCH
TXN104595,CUS10130,2026-08-10 15:38:00,9456.81,CASH_WITHDRAWAL,BE,CP-2989,MOBILE
TXN103601,CUS10103,2026-08-10 15:43:00,11719.65,SEPA_IN,PL,CP-6415,MOBILE
TXN104690,CUS10133,2026-08-10 15:43:00,1949.94,SEPA_IN,AE,CP-6074,API
TXN104342,CUS10123,2026-08-10 15:45:00,19802.15,SEPA_OUT,IE,CP-8235,ONLINE
TXN106412,CUS10177,2026-08-10 15:58:00,9842.41,WIRE_IN,CA,CP-6479,ONLINE
TXN106529,CUS10169,2026-08-10 16:00:00,9848.73,CASH_DEPOSIT,SE,CP-9824,BRANCH
TXN106249,CUS10172,2026-08-10 16:00:00,4661.11,CASH_DEPOSIT,ES,CP-7888,MOBILE
TXN104302,CUS10121,2026-08-10 16:08:00,1911.37,WIRE_OUT,AE,CP-7328,BRANCH
TXN106104,CUS10168,2026-08-10 16:19:00,4071.37,SEPA_OUT,CH,CP-3066,API
TXN101567,CUS10047,2026-08-10 16:32:00,3147.85,SEPA_IN,PH,CP-7731,MOBILE
TXN104667,CUS10133,2026-08-10 16:43:00,7895.17,WIRE_OUT,SG,CP-8585,MOBILE
TXN101442,CUS10043,2026-08-10 17:06:00,96319.03,SEPA_OUT,BE,CP-4272,API
TXN102928,CUS10083,2026-08-10 17:18:00,147259.43,CASH_DEPOSIT,PL,CP-6495,MOBILE
TXN102518,CUS10073,2026-08-10 17:18:00,69339.1,WIRE_OUT,SG,CP-5989,ONLINE
TXN106279,CUS10173,2026-08-10 17:42:00,43601.64,CASH_DEPOSIT,CH,CP-7487,BRANCH
TXN104836,CUS10136,2026-08-10 17:53:00,28642.87,SEPA_IN,PL,CP-3615,MOBILE
TXN102064,CUS10060,2026-08-10 17:56:00,10304.22,CASH_WITHDRAWAL,GB,CP-4083,ONLINE
TXN102004,CUS10059,2026-08-10 17:59:00,18319.33,CASH_WITHDRAWAL,DK,CP-1578,ONLINE
TXN102646,CUS10076,2026-08-10 18:02:00,3097.85,SEPA_IN,TR,CP-5482,ONLINE
TXN104334,CUS10122,2026-08-10 18:06:00,30416.49,CASH_WITHDRAWAL,CH,CP-3557,ONLINE
TXN104927,CUS10138,2026-08-10 18:07:00,25213.97,WIRE_OUT,TR,CP-4734,BRANCH
TXN101664,CUS10049,2026-08-10 18:15:00,11760.09,CASH_WITHDRAWAL,AT,CP-8913,ONLINE
TXN101176,CUS10033,2026-08-10 18:50:00,5377.31,SEPA_OUT,DK,CP-5726,ONLINE
TXN104875,CUS10137,2026-08-11 08:07:00,9253.21,WIRE_OUT,AU,CP-3603,ONLINE
TXN103029,CUS10085,2026-08-11 08:25:00,42830.66,SEPA_OUT,SE,CP-7318,ONLINE
TXN100182,CUS10004,2026-08-11 08:40:00,17689.79,SEPA_OUT,KE,CP-9038,BRANCH
TXN103119,CUS10088,2026-08-11 08:56:00,78326.03,WIRE_OUT,CH,CP-8553,BRANCH
TXN104489,CUS10128,2026-08-11 09:25:00,41710.88,WIRE_OUT,BE,CP-3163,API
TXN101540,CUS10046,2026-08-11 09:44:00,40759.52,WIRE_OUT,TR,CP-4272,BRANCH
TXN101249,CUS10036,2026-08-11 09:45:00,12000.94,CASH_DEPOSIT,NG,CP-4029,MOBILE
TXN105685,CUS10156,2026-08-11 09:46:00,25219.52,SEPA_IN,NL,CP-8863,API
TXN103495,CUS10099,2026-08-11 09:49:00,9797.16,SEPA_OUT,LU,CP-1558,API
TXN106407,CUS10177,2026-08-11 10:00:00,53242.78,WIRE_OUT,SG,CP-3853,MOBILE
TXN106506,CUS10138,2026-08-11 10:00:00,9667.18,CASH_DEPOSIT,ZA,CP-5188,BRANCH
TXN106530,CUS10169,2026-08-11 10:00:00,9648.03,CASH_DEPOSIT,SE,CP-8327,BRANCH
TXN100291,CUS10008,2026-08-11 10:05:00,56173.66,SEPA_IN,ES,CP-7492,ONLINE
TXN103805,CUS10109,2026-08-11 10:33:00,12568.02,CASH_DEPOSIT,CH,CP-5868,ONLINE
TXN105902,CUS10162,2026-08-11 10:43:00,73793.8,SEPA_IN,PL,CP-7769,ONLINE
TXN105974,CUS10165,2026-08-11 10:46:00,59578.03,CASH_DEPOSIT,IE,CP-1795,ONLINE
TXN102363,CUS10070,2026-08-11 10:48:00,50739.51,CASH_WITHDRAWAL,DK,CP-2328,ONLINE
TXN103789,CUS10109,2026-08-11 10:48:00,23638.72,CASH_WITHDRAWAL,CH,CP-6109,ONLINE
TXN101424,CUS10042,2026-08-11 11:05:00,1806.28,SEPA_OUT,YE,CP-1189,BRANCH
TXN100275,CUS10007,2026-08-11 11:26:00,120606.29,SEPA_IN,US,CP-2276,API
TXN106205,CUS10171,2026-08-11 11:27:00,147731.27,CASH_WITHDRAWAL,SG,CP-8331,MOBILE
TXN100215,CUS10006,2026-08-11 11:29:00,3823.42,CASH_WITHDRAWAL,CA,CP-9019,API
TXN103038,CUS10085,2026-08-11 11:38:00,19288.62,SEPA_OUT,PH,CP-1147,MOBILE
TXN101636,CUS10048,2026-08-11 11:42:00,9703.2,WIRE_OUT,NL,CP-8614,API
TXN105645,CUS10155,2026-08-11 11:43:00,2066.6,SEPA_IN,CA,CP-1237,BRANCH
TXN106111,CUS10168,2026-08-11 11:47:00,3028.47,SEPA_IN,NL,CP-3568,ONLINE
TXN106445,CUS10178,2026-08-11 11:48:00,10156.69,SEPA_OUT,NL,CP-5429,API
TXN100778,CUS10023,2026-08-11 11:48:00,3925.8,WIRE_OUT,ES,CP-6496,ONLINE
TXN106496,CUS10179,2026-08-11 11:58:00,4626.41,CASH_WITHDRAWAL,SG,CP-9318,BRANCH
TXN103323,CUS10095,2026-08-11 12:03:00,2560.88,SEPA_IN,AU,CP-6325,ONLINE
TXN104861,CUS10137,2026-08-11 12:26:00,10758.16,CASH_DEPOSIT,AU,CP-2424,ONLINE
TXN106231,CUS10172,2026-08-11 12:45:00,1557.54,SEPA_OUT,ES,CP-1155,ONLINE
TXN100351,CUS10010,2026-08-11 12:46:00,27127.51,CASH_WITHDRAWAL,US,CP-2462,BRANCH
TXN102534,CUS10073,2026-08-11 12:47:00,59677.51,CASH_WITHDRAWAL,FI,CP-5352,MOBILE
TXN103391,CUS10097,2026-08-11 13:06:00,2192.09,SEPA_OUT,DK,CP-1323,ONLINE
TXN103659,CUS10105,2026-08-11 13:21:00,12231.25,CASH_WITHDRAWAL,ES,CP-6214,MOBILE
TXN101163,CUS10033,2026-08-11 13:35:00,5585.84,CASH_DEPOSIT,PA,CP-4393,MOBILE
TXN102660,CUS10076,2026-08-11 13:38:00,1626.84,SEPA_OUT,JP,CP-1125,ONLINE
TXN100815,CUS10024,2026-08-11 13:57:00,634.78,CASH_WITHDRAWAL,CA,CP-7929,API
TXN104604,CUS10131,2026-08-11 14:04:00,3478.32,CASH_DEPOSIT,US,CP-8531,BRANCH
TXN101946,CUS10058,2026-08-11 14:19:00,11267.74,CASH_DEPOSIT,GB,CP-7141,ONLINE
TXN102044,CUS10059,2026-08-11 14:29:00,43159.94,SEPA_OUT,AU,CP-3501,BRANCH
TXN101295,CUS10037,2026-08-11 14:32:00,38497.36,CASH_WITHDRAWAL,IE,CP-7370,BRANCH
TXN103568,CUS10102,2026-08-11 14:36:00,2492.89,CASH_DEPOSIT,BG,CP-2137,BRANCH
TXN101613,CUS10048,2026-08-11 15:11:00,19575.61,CASH_DEPOSIT,NL,CP-5576,ONLINE
TXN104674,CUS10133,2026-08-11 15:31:00,4023.67,WIRE_IN,SG,CP-2752,BRANCH
TXN102051,CUS10060,2026-08-11 15:38:00,4164.35,WIRE_OUT,GB,CP-9499,MOBILE
TXN101827,CUS10053,2026-08-11 15:46:00,257648.06,WIRE_IN,CH,CP-7390,MOBILE
TXN106382,CUS10177,2026-08-11 15:54:00,27593.07,CASH_DEPOSIT,CA,CP-9133,ONLINE
TXN105826,CUS10159,2026-08-11 15:57:00,76373.05,SEPA_IN,FI,CP-6777,BRANCH
TXN106590,CUS10145,2026-08-11 16:00:00,750000.0,WIRE_OUT,KP,CP-7065,ONLINE
TXN106155,CUS10169,2026-08-11 16:25:00,2982.49,CASH_WITHDRAWAL,SE,CP-1218,API
TXN101819,CUS10053,2026-08-11 16:30:00,37830.1,SEPA_OUT,CH,CP-5413,BRANCH
TXN104624,CUS10132,2026-08-11 16:31:00,110813.75,SEPA_IN,FR,CP-6198,API
TXN104841,CUS10136,2026-08-11 16:49:00,44267.79,CASH_DEPOSIT,FR,CP-1277,ONLINE
TXN106273,CUS10172,2026-08-11 17:00:00,876.72,SEPA_IN,ES,CP-2856,MOBILE
TXN101132,CUS10032,2026-08-11 17:01:00,15151.29,WIRE_IN,AT,CP-3279,BRANCH
TXN100900,CUS10027,2026-08-11 17:06:00,27980.08,CASH_WITHDRAWAL,NL,CP-4373,API
TXN100962,CUS10028,2026-08-11 17:08:00,24380.2,WIRE_IN,MC,CP-5635,API
TXN100601,CUS10017,2026-08-11 17:15:00,39849.76,WIRE_OUT,KE,CP-7145,API
TXN100097,CUS10003,2026-08-11 17:20:00,5134.39,CASH_DEPOSIT,IT,CP-5902,API
TXN100017,CUS10000,2026-08-11 17:30:00,107151.8,WIRE_IN,AT,CP-8381,ONLINE
TXN100195,CUS10005,2026-08-11 17:44:00,2835.51,SEPA_IN,FI,CP-3910,MOBILE
TXN102803,CUS10080,2026-08-11 17:55:00,37322.82,WIRE_OUT,FI,CP-7938,API
TXN103756,CUS10108,2026-08-11 18:17:00,22630.64,CASH_DEPOSIT,VN,CP-3694,MOBILE
TXN102109,CUS10061,2026-08-11 18:22:00,33754.18,CASH_DEPOSIT,PL,CP-7582,API
TXN105632,CUS10154,2026-08-11 18:24:00,4703.18,WIRE_IN,TR,CP-2816,MOBILE
TXN101215,CUS10035,2026-08-11 18:28:00,113057.34,SEPA_OUT,NG,CP-7556,ONLINE
TXN102434,CUS10071,2026-08-11 18:42:00,4989.63,SEPA_IN,US,CP-4997,BRANCH
TXN101153,CUS10033,2026-08-11 18:47:00,7228.87,SEPA_OUT,PA,CP-2117,ONLINE
TXN106562,CUS10102,2026-08-12 02:00:00,589460.87,WIRE_OUT,AF,CP-5117,API
TXN102922,CUS10083,2026-08-12 08:01:00,35656.93,SEPA_IN,NL,CP-6156,BRANCH
TXN103438,CUS10098,2026-08-12 08:12:00,743.28,WIRE_IN,PH,CP-2874,MOBILE
TXN103787,CUS10109,2026-08-12 08:26:00,4104.42,SEPA_OUT,CH,CP-4039,MOBILE
TXN101171,CUS10033,2026-08-12 08:38:00,26088.83,SEPA_OUT,AU,CP-9372,BRANCH
TXN106286,CUS10173,2026-08-12 08:50:00,18129.54,CASH_WITHDRAWAL,FR,CP-5789,API
TXN106507,CUS10138,2026-08-12 09:00:00,8964.92,CASH_DEPOSIT,ZA,CP-9075,BRANCH
TXN101211,CUS10034,2026-08-12 09:00:00,1196.79,CASH_WITHDRAWAL,SE,CP-7583,BRANCH
TXN101940,CUS10057,2026-08-12 09:06:00,10662.19,CASH_WITHDRAWAL,IE,CP-7347,MOBILE
TXN105827,CUS10159,2026-08-12 09:10:00,85656.82,SEPA_IN,FI,CP-5758,MOBILE
TXN106204,CUS10171,2026-08-12 09:11:00,16445.45,SEPA_IN,SG,CP-4369,BRANCH
TXN101392,CUS10042,2026-08-12 09:20:00,20859.85,CASH_DEPOSIT,YE,CP-8967,BRANCH
TXN104388,CUS10125,2026-08-12 09:25:00,4682.28,WIRE_OUT,IE,CP-6255,BRANCH
TXN101079,CUS10031,2026-08-12 09:56:00,82259.5,WIRE_IN,FI,CP-4696,MOBILE
TXN104278,CUS10121,2026-08-12 10:05:00,3945.67,CASH_WITHDRAWAL,AE,CP-4287,ONLINE
TXN101671,CUS10049,2026-08-12 10:10:00,3107.0,SEPA_OUT,AT,CP-1160,API
TXN102303,CUS10068,2026-08-12 10:11:00,50899.93,CASH_DEPOSIT,AU,CP-2701,ONLINE
TXN101233,CUS10036,2026-08-12 10:52:00,328149.38,CASH_WITHDRAWAL,HR,CP-4687,ONLINE
TXN106129,CUS10169,2026-08-12 11:09:00,650.46,CASH_WITHDRAWAL,BE,CP-5287,MOBILE
TXN104293,CUS10121,2026-08-12 11:28:00,3526.63,SEPA_IN,AE,CP-9634,MOBILE
TXN103536,CUS10101,2026-08-12 11:32:00,143452.82,CASH_DEPOSIT,AE,CP-1266,ONLINE
TXN100814,CUS10024,2026-08-12 11:34:00,4756.18,SEPA_OUT,CA,CP-4437,BRANCH
TXN101835,CUS10053,2026-08-12 11:43:00,111280.21,SEPA_IN,CH,CP-1379,BRANCH
TXN101123,CUS10032,2026-08-12 11:43:00,1669.81,SEPA_IN,AT,CP-5496,BRANCH
TXN100623,CUS10018,2026-08-12 11:47:00,244492.51,WIRE_OUT,IT,CP-9952,API
TXN105775,CUS10158,2026-08-12 11:53:00,14693.8,SEPA_IN,AT,CP-1048,MOBILE
TXN106253,CUS10172,2026-08-12 11:59:00,2652.41,SEPA_IN,ES,CP-8277,MOBILE
TXN101309,CUS10038,2026-08-12 12:07:00,12182.76,WIRE_IN,US,CP-3134,API
TXN101287,CUS10036,2026-08-12 12:22:00,62558.02,SEPA_IN,HR,CP-4050,MOBILE
TXN103567,CUS10102,2026-08-12 12:44:00,4920.57,SEPA_OUT,BG,CP-1943,MOBILE
TXN103295,CUS10094,2026-08-12 12:49:00,3525.47,CASH_DEPOSIT,AE,CP-7599,BRANCH
TXN100157,CUS10004,2026-08-12 12:58:00,60871.66,WIRE_OUT,KE,CP-2922,MOBILE
TXN106271,CUS10172,2026-08-12 13:31:00,3771.33,CASH_WITHDRAWAL,ES,CP-9812,BRANCH
TXN105275,CUS10146,2026-08-12 13:37:00,3898.75,SEPA_IN,GB,CP-8362,MOBILE
TXN101821,CUS10053,2026-08-12 13:53:00,88617.57,SEPA_OUT,CH,CP-6046,MOBILE
TXN102903,CUS10082,2026-08-12 14:17:00,10846.8,CASH_WITHDRAWAL,IE,CP-2496,MOBILE
TXN104697,CUS10133,2026-08-12 14:42:00,5766.27,WIRE_IN,FI,CP-7199,MOBILE
TXN102943,CUS10083,2026-08-12 14:55:00,35776.78,CASH_WITHDRAWAL,NL,CP-7416,BRANCH
TXN100929,CUS10027,2026-08-12 14:56:00,19765.82,WIRE_OUT,NL,CP-5275,ONLINE
TXN103552,CUS10101,2026-08-12 14:56:00,109970.99,WIRE_OUT,AE,CP-4191,API
TXN101592,CUS10047,2026-08-12 14:57:00,2954.17,SEPA_OUT,PH,CP-5817,ONLINE
TXN101340,CUS10039,2026-08-12 15:09:00,2368.91,CASH_DEPOSIT,MC,CP-5382,ONLINE
TXN103051,CUS10086,2026-08-12 15:19:00,1181.06,CASH_DEPOSIT,CA,CP-4882,MOBILE
TXN100194,CUS10005,2026-08-12 15:21:00,2392.92,CASH_WITHDRAWAL,FI,CP-3230,API
TXN103942,CUS10112,2026-08-12 15:50:00,25845.13,WIRE_IN,LU,CP-2353,API
TXN105590,CUS10153,2026-08-12 15:51:00,13383.36,SEPA_OUT,BE,CP-1756,BRANCH
TXN102020,CUS10059,2026-08-12 16:02:00,87426.18,CASH_DEPOSIT,ES,CP-1174,ONLINE
TXN103205,CUS10091,2026-08-12 16:09:00,48484.91,SEPA_IN,MC,CP-3458,ONLINE
TXN103916,CUS10111,2026-08-12 16:13:00,19425.88,SEPA_IN,SE,CP-6841,ONLINE
TXN100211,CUS10006,2026-08-12 16:27:00,5167.67,SEPA_OUT,AT,CP-4022,BRANCH
TXN102477,CUS10072,2026-08-12 16:28:00,133261.05,SEPA_IN,AE,CP-7634,BRANCH
TXN105229,CUS10145,2026-08-12 16:32:00,8966.2,WIRE_IN,CA,CP-9319,BRANCH
TXN106126,CUS10169,2026-08-12 16:41:00,5319.7,WIRE_IN,SE,CP-9069,MOBILE
TXN106207,CUS10171,2026-08-12 16:54:00,46203.31,WIRE_IN,SG,CP-4388,ONLINE
TXN103962,CUS10112,2026-08-12 16:56:00,43343.13,WIRE_OUT,PH,CP-1828,BRANCH
TXN103167,CUS10090,2026-08-12 17:00:00,9456.54,SEPA_OUT,JP,CP-4542,MOBILE
TXN102944,CUS10083,2026-08-12 17:21:00,53998.0,SEPA_OUT,NL,CP-1037,MOBILE
TXN101135,CUS10032,2026-08-12 17:28:00,9010.46,SEPA_IN,AT,CP-2527,BRANCH
TXN102221,CUS10064,2026-08-12 17:29:00,12410.23,SEPA_IN,SE,CP-5668,API
TXN101133,CUS10032,2026-08-12 17:40:00,5989.12,CASH_DEPOSIT,BG,CP-7404,MOBILE
TXN101462,CUS10043,2026-08-12 17:50:00,70501.22,CASH_WITHDRAWAL,CH,CP-3790,BRANCH
TXN100658,CUS10019,2026-08-12 17:55:00,48821.43,WIRE_OUT,BE,CP-3656,BRANCH
TXN101266,CUS10036,2026-08-12 18:05:00,38119.3,SEPA_IN,HR,CP-5476,BRANCH
TXN100154,CUS10004,2026-08-12 18:05:00,52675.97,SEPA_IN,ZA,CP-2514,BRANCH
TXN104591,CUS10130,2026-08-12 18:15:00,9749.89,SEPA_OUT,BE,CP-7357,MOBILE
TXN100764,CUS10023,2026-08-12 18:19:00,10449.3,CASH_WITHDRAWAL,ES,CP-2485,API
TXN102493,CUS10073,2026-08-12 18:29:00,264476.98,WIRE_IN,SG,CP-3045,BRANCH
TXN104252,CUS10120,2026-08-12 18:32:00,49270.66,CASH_WITHDRAWAL,NG,CP-1377,BRANCH
TXN103593,CUS10103,2026-08-12 18:34:00,6378.92,WIRE_IN,GB,CP-7355,ONLINE
TXN106182,CUS10170,2026-08-12 18:44:00,10447.42,CASH_DEPOSIT,PH,CP-5040,API
TXN103719,CUS10107,2026-08-12 18:44:00,76537.36,CASH_WITHDRAWAL,BG,CP-1309,API
TXN101983,CUS10058,2026-08-12 18:46:00,16612.88,SEPA_OUT,GB,CP-2136,BRANCH
TXN104704,CUS10134,2026-08-12 18:49:00,13225.6,WIRE_OUT,FR,CP-4673,ONLINE
TXN106136,CUS10169,2026-08-12 18:58:00,4982.31,CASH_DEPOSIT,FR,CP-2978,API
TXN102262,CUS10067,2026-08-13 08:06:00,223961.55,CASH_DEPOSIT,NL,CP-4304,BRANCH
TXN103095,CUS10087,2026-08-13 08:39:00,231926.51,CASH_DEPOSIT,NG,CP-1475,ONLINE
TXN104017,CUS10113,2026-08-13 08:42:00,7272.14,CASH_DEPOSIT,CH,CP-2543,API
TXN106475,CUS10179,2026-08-13 08:55:00,3410.1,CASH_DEPOSIT,SG,CP-3227,API
TXN106513,CUS10036,2026-08-13 09:00:00,9248.34,CASH_DEPOSIT,HR,CP-2581,BRANCH
TXN100739,CUS10022,2026-08-13 09:09:00,9380.31,WIRE_OUT,BE,CP-9125,MOBILE
TXN101128,CUS10032,2026-08-13 09:20:00,3958.26,CASH_WITHDRAWAL,SG,CP-7843,BRANCH
TXN100018,CUS10000,2026-08-13 09:32:00,40303.14,WIRE_IN,AT,CP-5059,MOBILE
TXN104305,CUS10121,2026-08-13 09:42:00,1160.46,CASH_WITHDRAWAL,IE,CP-2639,ONLINE
TXN100834,CUS10024,2026-08-13 09:46:00,2026.32,WIRE_IN,CA,CP-3284,ONLINE
TXN100519,CUS10015,2026-08-13 09:51:00,76005.91,SEPA_IN,PL,CP-9813,API
TXN102014,CUS10059,2026-08-13 09:56:00,161810.92,WIRE_OUT,ES,CP-3210,API
TXN106508,CUS10138,2026-08-13 10:00:00,9818.41,CASH_DEPOSIT,ZA,CP-1137,BRANCH
TXN105389,CUS10148,2026-08-13 10:04:00,3648.0,CASH_WITHDRAWAL,JP,CP-2399,BRANCH
TXN104810,CUS10136,2026-08-13 10:04:00,76316.73,CASH_WITHDRAWAL,BG,CP-9573,MOBILE
TXN102958,CUS10083,2026-08-13 10:12:00,103357.88,CASH_DEPOSIT,NL,CP-3511,BRANCH
TXN100978,CUS10028,2026-08-13 10:13:00,5867.52,CASH_WITHDRAWAL,MC,CP-5248,ONLINE
TXN102868,CUS10081,2026-08-13 10:14:00,6391.51,SEPA_OUT,AU,CP-3163,MOBILE
TXN102643,CUS10076,2026-08-13 10:15:00,2473.03,SEPA_IN,JP,CP-6262,ONLINE
TXN105304,CUS10146,2026-08-13 10:26:00,1695.76,WIRE_OUT,GB,CP-1887,BRANCH
TXN104538,CUS10129,2026-08-13 10:28:00,1748.71,SEPA_OUT,PA,CP-1912,ONLINE
TXN104618,CUS10132,2026-08-13 10:50:00,82233.3,CASH_WITHDRAWAL,BE,CP-7591,MOBILE
TXN103515,CUS10100,2026-08-13 10:51:00,3047.48,WIRE_OUT,SE,CP-2954,ONLINE
TXN102686,CUS10076,2026-08-13 10:55:00,6064.98,WIRE_IN,JP,CP-2825,BRANCH
TXN100311,CUS10009,2026-08-13 10:58:00,50177.95,SEPA_IN,ZA,CP-1975,ONLINE
TXN103130,CUS10089,2026-08-13 11:18:00,3879.59,WIRE_IN,AT,CP-7188,API
TXN102471,CUS10072,2026-08-13 11:36:00,276110.03,CASH_WITHDRAWAL,MC,CP-1375,MOBILE
TXN106162,CUS10170,2026-08-13 11:57:00,15313.61,CASH_DEPOSIT,FI,CP-4372,API
TXN102420,CUS10071,2026-08-13 12:15:00,9630.84,CASH_WITHDRAWAL,US,CP-9660,BRANCH
TXN105242,CUS10145,2026-08-13 12:23:00,7597.46,WIRE_OUT,CA,CP-5747,API
TXN100426,CUS10013,2026-08-13 12:28:00,1925.48,SEPA_OUT,BE,CP-9393,API
TXN104828,CUS10136,2026-08-13 12:58:00,87226.51,CASH_DEPOSIT,PL,CP-4652,MOBILE
TXN104529,CUS10128,2026-08-13 13:01:00,26813.78,SEPA_IN,BE,CP-5846,ONLINE
TXN103286,CUS10094,2026-08-13 13:16:00,6399.16,CASH_WITHDRAWAL,IE,CP-1747,MOBILE
TXN102331,CUS10069,2026-08-13 13:30:00,7869.42,SEPA_IN,FI,CP-9079,BRANCH
TXN101434,CUS10043,2026-08-13 13:30:00,72904.57,CASH_DEPOSIT,PL,CP-1082,BRANCH
TXN105222,CUS10145,2026-08-13 13:37:00,3480.7,WIRE_IN,CA,CP-9409,ONLINE
TXN101996,CUS10059,2026-08-13 13:42:00,81583.87,CASH_WITHDRAWAL,ES,CP-9682,BRANCH
TXN104907,CUS10137,2026-08-13 13:45:00,8279.32,SEPA_OUT,AU,CP-6744,API
TXN100999,CUS10029,2026-08-13 14:07:00,3293.78,WIRE_IN,NL,CP-4671,MOBILE
TXN101046,CUS10030,2026-08-13 14:11:00,7021.48,CASH_DEPOSIT,BE,CP-6199,MOBILE
TXN105285,CUS10146,2026-08-13 14:23:00,2905.57,WIRE_OUT,GB,CP-4666,API
TXN105589,CUS10153,2026-08-13 14:24:00,71436.82,CASH_DEPOSIT,BE,CP-9841,ONLINE
TXN104164,CUS10118,2026-08-13 14:30:00,14736.61,SEPA_OUT,SG,CP-6337,ONLINE
TXN105817,CUS10159,2026-08-13 14:47:00,95944.41,WIRE_OUT,FI,CP-9695,API
TXN104077,CUS10114,2026-08-13 14:52:00,4181.16,WIRE_OUT,IT,CP-8430,MOBILE
TXN100949,CUS10028,2026-08-13 15:08:00,25310.66,CASH_WITHDRAWAL,MC,CP-9690,MOBILE
TXN102939,CUS10083,2026-08-13 15:51:00,30439.0,WIRE_OUT,NL,CP-1610,BRANCH
TXN105792,CUS10158,2026-08-13 15:52:00,52861.28,SEPA_IN,IT,CP-6313,BRANCH
TXN101040,CUS10030,2026-08-13 16:02:00,16026.74,SEPA_OUT,HR,CP-5544,ONLINE
TXN105748,CUS10157,2026-08-13 16:14:00,4107.44,CASH_WITHDRAWAL,NG,CP-1127,ONLINE
TXN106401,CUS10177,2026-08-13 16:15:00,21725.64,SEPA_IN,CA,CP-1633,ONLINE
TXN104824,CUS10136,2026-08-13 16:22:00,39629.86,SEPA_OUT,PL,CP-4577,ONLINE
TXN104775,CUS10135,2026-08-13 16:25:00,7792.96,CASH_WITHDRAWAL,SG,CP-1739,API
TXN105469,CUS10151,2026-08-13 16:26:00,9207.93,WIRE_IN,NG,CP-8475,BRANCH
TXN106500,CUS10179,2026-08-13 16:31:00,5561.06,WIRE_OUT,SG,CP-8610,ONLINE
TXN105625,CUS10154,2026-08-13 16:31:00,3853.94,WIRE_OUT,MM,CP-5743,API
TXN102501,CUS10073,2026-08-13 16:38:00,180800.89,WIRE_IN,CA,CP-4662,ONLINE
TXN102388,CUS10070,2026-08-13 16:43:00,42466.39,WIRE_OUT,DK,CP-1381,ONLINE
TXN100710,CUS10022,2026-08-13 16:44:00,4932.92,CASH_WITHDRAWAL,BE,CP-2276,MOBILE
TXN102666,CUS10076,2026-08-13 16:57:00,8212.49,SEPA_OUT,JP,CP-6054,API
TXN102113,CUS10061,2026-08-13 16:58:00,9344.65,WIRE_OUT,PA,CP-6597,BRANCH
TXN103872,CUS10111,2026-08-13 17:04:00,8659.52,WIRE_OUT,US,CP-9581,BRANCH
TXN100083,CUS10003,2026-08-13 17:09:00,2752.47,CASH_WITHDRAWAL,IT,CP-6231,API
TXN103636,CUS10104,2026-08-13 17:19:00,31766.23,CASH_DEPOSIT,SG,CP-1383,MOBILE
TXN101209,CUS10034,2026-08-13 17:27:00,8445.47,CASH_WITHDRAWAL,SE,CP-6620,API
TXN104385,CUS10124,2026-08-13 17:29:00,6030.16,SEPA_OUT,SG,CP-2334,MOBILE
TXN101609,CUS10048,2026-08-13 17:38:00,17024.81,CASH_WITHDRAWAL,NL,CP-1741,ONLINE
TXN104725,CUS10134,2026-08-13 18:01:00,659.63,SEPA_OUT,FR,CP-1608,MOBILE
TXN101455,CUS10043,2026-08-13 18:01:00,20373.57,WIRE_IN,BE,CP-7800,API
TXN101745,CUS10050,2026-08-13 18:18:00,100840.88,CASH_DEPOSIT,DE,CP-5378,BRANCH
TXN100679,CUS10020,2026-08-13 18:30:00,23046.35,WIRE_IN,NG,CP-3224,MOBILE
TXN106163,CUS10170,2026-08-13 18:30:00,12227.49,CASH_WITHDRAWAL,KE,CP-1536,BRANCH
TXN101815,CUS10053,2026-08-13 18:43:00,40849.51,WIRE_OUT,CH,CP-4171,ONLINE
TXN100206,CUS10006,2026-08-14 08:30:00,3145.58,SEPA_OUT,CA,CP-2406,ONLINE
TXN102532,CUS10073,2026-08-14 08:34:00,129964.16,SEPA_OUT,SG,CP-7619,ONLINE
TXN106248,CUS10172,2026-08-14 08:47:00,537.17,CASH_DEPOSIT,ES,CP-2820,ONLINE
TXN104957,CUS10139,2026-08-14 08:54:00,9729.75,SEPA_IN,ES,CP-5407,API
TXN105547,CUS10152,2026-08-14 09:02:00,121271.41,SEPA_OUT,HR,CP-1023,MOBILE
TXN105562,CUS10153,2026-08-14 09:29:00,12641.01,CASH_DEPOSIT,BE,CP-1484,BRANCH
TXN103695,CUS10107,2026-08-14 09:29:00,64765.9,SEPA_OUT,GB,CP-6906,MOBILE
TXN103986,CUS10113,2026-08-14 09:34:00,6485.93,WIRE_IN,CH,CP-2870,API
TXN105583,CUS10153,2026-08-14 09:51:00,28487.25,SEPA_OUT,BE,CP-7115,MOBILE
TXN101948,CUS10058,2026-08-14 09:55:00,20513.92,WIRE_OUT,GB,CP-7130,BRANCH
TXN106563,CUS10102,2026-08-14 10:00:00,857861.34,WIRE_IN,HR,CP-4734,API
TXN103028,CUS10085,2026-08-14 10:29:00,27711.74,CASH_WITHDRAWAL,PH,CP-2037,MOBILE
TXN103071,CUS10086,2026-08-14 11:06:00,8133.42,CASH_DEPOSIT,CA,CP-1923,ONLINE
TXN103854,CUS10110,2026-08-14 11:08:00,62205.53,WIRE_IN,AU,CP-7308,MOBILE
TXN104496,CUS10128,2026-08-14 11:46:00,21879.8,CASH_DEPOSIT,BE,CP-5160,ONLINE
TXN103876,CUS10111,2026-08-14 11:51:00,44547.99,SEPA_IN,SE,CP-7426,API
TXN106509,CUS10138,2026-08-14 12:00:00,9258.49,CASH_DEPOSIT,ZA,CP-4460,BRANCH
TXN101617,CUS10048,2026-08-14 12:10:00,11417.2,SEPA_IN,NL,CP-8973,MOBILE
TXN106103,CUS10168,2026-08-14 12:15:00,11025.41,CASH_WITHDRAWAL,JP,CP-4803,ONLINE
TXN101023,CUS10029,2026-08-14 12:18:00,11562.71,CASH_WITHDRAWAL,NL,CP-3293,MOBILE
TXN104024,CUS10114,2026-08-14 12:21:00,12105.26,CASH_WITHDRAWAL,CH,CP-8067,ONLINE
TXN106290,CUS10173,2026-08-14 12:24:00,34348.45,SEPA_IN,CH,CP-5985,ONLINE
TXN102929,CUS10083,2026-08-14 12:26:00,91657.72,WIRE_OUT,NL,CP-5891,API
TXN101882,CUS10055,2026-08-14 12:28:00,3104.29,WIRE_IN,YE,CP-9269,BRANCH
TXN100560,CUS10016,2026-08-14 12:30:00,10507.44,CASH_WITHDRAWAL,NL,CP-9059,MOBILE
TXN105963,CUS10165,2026-08-14 12:35:00,13863.96,SEPA_IN,IE,CP-2920,BRANCH
TXN100860,CUS10025,2026-08-14 12:44:00,2450.54,SEPA_OUT,IE,CP-9570,API
TXN106023,CUS10167,2026-08-14 12:47:00,16717.52,WIRE_IN,ES,CP-8551,ONLINE
TXN104664,CUS10133,2026-08-14 12:47:00,3701.37,CASH_WITHDRAWAL,SG,CP-6014,MOBILE
TXN103387,CUS10096,2026-08-14 12:57:00,88709.15,CASH_WITHDRAWAL,NL,CP-4221,MOBILE
TXN100840,CUS10025,2026-08-14 13:19:00,2002.5,CASH_DEPOSIT,ZA,CP-2435,BRANCH
TXN100895,CUS10027,2026-08-14 13:26:00,35006.09,CASH_WITHDRAWAL,IE,CP-5001,BRANCH
TXN103181,CUS10090,2026-08-14 13:37:00,12654.05,WIRE_IN,JP,CP-7263,ONLINE
TXN106400,CUS10177,2026-08-14 13:40:00,54260.28,CASH_WITHDRAWAL,CA,CP-1279,API
TXN105880,CUS10161,2026-08-14 13:47:00,6090.72,CASH_WITHDRAWAL,LU,CP-6326,API
TXN103917,CUS10112,2026-08-14 14:20:00,64609.22,WIRE_OUT,LU,CP-9936,API
TXN105630,CUS10154,2026-08-14 14:27:00,2304.18,WIRE_OUT,SG,CP-4331,API
TXN105607,CUS10153,2026-08-14 14:29:00,15389.58,WIRE_IN,SE,CP-6953,API
TXN106291,CUS10173,2026-08-14 14:31:00,134710.43,SEPA_OUT,CH,CP-8242,API
TXN102439,CUS10071,2026-08-14 14:40:00,1152.41,WIRE_OUT,US,CP-1244,MOBILE
TXN102572,CUS10074,2026-08-14 14:53:00,16392.32,CASH_WITHDRAWAL,NG,CP-1020,BRANCH
TXN101216,CUS10035,2026-08-14 14:59:00,24310.51,CASH_WITHDRAWAL,SE,CP-2645,MOBILE
TXN106514,CUS10036,2026-08-14 15:00:00,8909.89,CASH_DEPOSIT,HR,CP-5428,BRANCH
TXN100208,CUS10006,2026-08-14 15:06:00,3145.61,CASH_WITHDRAWAL,CA,CP-8412,API
TXN100993,CUS10029,2026-08-14 15:14:00,1207.29,CASH_DEPOSIT,NL,CP-6556,MOBILE
TXN100363,CUS10010,2026-08-14 15:16:00,11491.79,SEPA_IN,US,CP-9530,MOBILE
TXN100558,CUS10016,2026-08-14 15:34:00,11425.24,WIRE_IN,NL,CP-8239,API
TXN103534,CUS10101,2026-08-14 15:59:00,445645.34,SEPA_IN,AE,CP-5223,API
TXN105514,CUS10151,2026-08-14 16:03:00,21686.47,CASH_WITHDRAWAL,NL,CP-6460,BRANCH
TXN105160,CUS10143,2026-08-14 16:24:00,51837.3,CASH_DEPOSIT,SE,CP-5806,BRANCH
TXN100268,CUS10007,2026-08-14 16:33:00,58604.59,SEPA_IN,VN,CP-3735,API
TXN105028,CUS10140,2026-08-14 16:50:00,23352.97,CASH_DEPOSIT,GB,CP-2149,ONLINE
TXN104524,CUS10128,2026-08-14 16:53:00,107104.39,SEPA_IN,SG,CP-4504,BRANCH
TXN103218,CUS10091,2026-08-14 17:01:00,46275.19,SEPA_OUT,CH,CP-2874,ONLINE
TXN100894,CUS10026,2026-08-14 17:01:00,25178.51,SEPA_IN,PA,CP-7235,ONLINE
TXN105823,CUS10159,2026-08-14 17:18:00,217104.19,SEPA_IN,FI,CP-4836,API
TXN103966,CUS10112,2026-08-14 17:19:00,53441.6,CASH_WITHDRAWAL,HR,CP-5201,MOBILE
TXN105163,CUS10143,2026-08-14 17:25:00,42204.28,SEPA_IN,NG,CP-6485,MOBILE
TXN103064,CUS10086,2026-08-14 17:38:00,620.27,SEPA_OUT,CA,CP-3243,API
TXN105892,CUS10162,2026-08-14 17:46:00,27210.04,SEPA_IN,PL,CP-3181,BRANCH
TXN104054,CUS10114,2026-08-14 17:47:00,9214.68,CASH_WITHDRAWAL,IT,CP-2326,API
TXN103808,CUS10109,2026-08-14 18:01:00,14072.8,SEPA_IN,MC,CP-4182,API
TXN101795,CUS10052,2026-08-14 18:09:00,11415.58,CASH_DEPOSIT,AT,CP-6149,API
TXN103803,CUS10109,2026-08-14 18:10:00,9467.2,WIRE_OUT,CH,CP-3426,BRANCH
TXN102553,CUS10074,2026-08-14 18:13:00,28452.77,CASH_WITHDRAWAL,CA,CP-7098,API
TXN101059,CUS10030,2026-08-14 18:13:00,3097.59,CASH_DEPOSIT,BE,CP-5609,ONLINE
TXN105331,CUS10147,2026-08-14 18:18:00,16989.52,SEPA_IN,ZA,CP-3445,API
TXN101930,CUS10057,2026-08-14 18:35:00,3116.23,SEPA_OUT,AT,CP-5409,ONLINE
TXN103968,CUS10112,2026-08-14 18:35:00,208913.76,CASH_WITHDRAWAL,AE,CP-5006,ONLINE
TXN105340,CUS10147,2026-08-14 18:42:00,8966.41,SEPA_OUT,VN,CP-8617,MOBILE
TXN106564,CUS10102,2026-08-15 00:00:00,828200.29,WIRE_OUT,MM,CP-2442,API
TXN101288,CUS10036,2026-08-15 08:06:00,17236.14,WIRE_OUT,HR,CP-2388,BRANCH
TXN101849,CUS10053,2026-08-15 08:08:00,117284.68,SEPA_OUT,MC,CP-3017,MOBILE
TXN100479,CUS10014,2026-08-15 08:14:00,204079.28,WIRE_IN,AT,CP-5331,API
TXN101747,CUS10051,2026-08-15 08:34:00,31106.9,WIRE_OUT,AE,CP-3871,ONLINE
TXN102691,CUS10077,2026-08-15 08:41:00,1713.79,WIRE_IN,SY,CP-7341,BRANCH
TXN104016,CUS10113,2026-08-15 08:43:00,2836.16,CASH_WITHDRAWAL,CH,CP-1079,API
TXN104010,CUS10113,2026-08-15 08:48:00,4242.79,SEPA_IN,CH,CP-6228,ONLINE
TXN106510,CUS10138,2026-08-15 09:00:00,9176.29,CASH_DEPOSIT,ZA,CP-9822,BRANCH
TXN105851,CUS10161,2026-08-15 09:06:00,28603.78,SEPA_OUT,BE,CP-4347,API
TXN105346,CUS10148,2026-08-15 09:13:00,16721.79,WIRE_OUT,JP,CP-8529,API
TXN100048,CUS10001,2026-08-15 09:22:00,5484.97,CASH_WITHDRAWAL,KE,CP-2698,API
TXN105348,CUS10148,2026-08-15 09:27:00,4209.92,SEPA_IN,JP,CP-9600,MOBILE
TXN104537,CUS10129,2026-08-15 09:33:00,1634.42,SEPA_OUT,AU,CP-3568,BRANCH
TXN101624,CUS10048,2026-08-15 09:47:00,93241.46,WIRE_IN,VN,CP-6359,BRANCH
TXN105551,CUS10152,2026-08-15 10:00:00,115370.22,CASH_DEPOSIT,HR,CP-4187,ONLINE
TXN106583,CUS10032,2026-08-15 10:00:00,198833.72,WIRE_IN,NG,CP-8144,API
TXN104071,CUS10114,2026-08-15 10:05:00,11855.26,CASH_WITHDRAWAL,IT,CP-2633,ONLINE
TXN102457,CUS10072,2026-08-15 10:12:00,50462.23,SEPA_OUT,ES,CP-2781,MOBILE
TXN104436,CUS10127,2026-08-15 10:25:00,53266.53,CASH_DEPOSIT,AT,CP-8328,API
TXN101530,CUS10045,2026-08-15 10:29:00,93275.51,SEPA_IN,AU,CP-1149,BRANCH
TXN103087,CUS10087,2026-08-15 10:30:00,220969.63,WIRE_OUT,NG,CP-1157,API
TXN106242,CUS10172,2026-08-15 10:34:00,6049.71,CASH_DEPOSIT,DK,CP-9156,ONLINE
TXN100868,CUS10025,2026-08-15 10:54:00,3528.26,CASH_WITHDRAWAL,IE,CP-4962,ONLINE
TXN101446,CUS10043,2026-08-15 11:04:00,54595.71,SEPA_IN,BE,CP-7094,BRANCH
TXN101292,CUS10037,2026-08-15 11:07:00,41464.79,WIRE_IN,IE,CP-3190,MOBILE
TXN105478,CUS10151,2026-08-15 11:29:00,5665.6,SEPA_IN,NL,CP-4045,ONLINE
TXN106327,CUS10175,2026-08-15 11:37:00,6836.96,CASH_DEPOSIT,TR,CP-1297,API
TXN103857,CUS10110,2026-08-15 11:43:00,133744.07,WIRE_IN,AU,CP-2315,MOBILE
TXN103457,CUS10099,2026-08-15 11:44:00,1541.77,CASH_DEPOSIT,CH,CP-2296,MOBILE
TXN101328,CUS10039,2026-08-15 11:46:00,791.53,SEPA_IN,IT,CP-1256,ONLINE
TXN103123,CUS10088,2026-08-15 11:51:00,15644.68,CASH_WITHDRAWAL,CH,CP-1116,API
TXN102913,CUS10083,2026-08-15 11:53:00,76404.3,WIRE_OUT,NL,CP-6058,BRANCH
TXN103354,CUS10096,2026-08-15 11:55:00,51821.21,WIRE_IN,HR,CP-6206,ONLINE
TXN101474,CUS10043,2026-08-15 12:07:00,44475.12,SEPA_IN,LU,CP-8069,BRANCH
TXN101374,CUS10041,2026-08-15 12:25:00,27036.82,SEPA_IN,IT,CP-7400,API
TXN100471,CUS10014,2026-08-15 12:31:00,13214.46,WIRE_OUT,NL,CP-2343,API
TXN105021,CUS10140,2026-08-15 12:33:00,4628.21,SEPA_IN,GB,CP-3896,ONLINE
TXN100975,CUS10028,2026-08-15 12:37:00,4594.78,CASH_DEPOSIT,MC,CP-1266,ONLINE
TXN101491,CUS10044,2026-08-15 12:45:00,64510.18,CASH_DEPOSIT,CH,CP-8935,ONLINE
TXN106193,CUS10170,2026-08-15 12:49:00,89633.68,CASH_DEPOSIT,MC,CP-9084,MOBILE
TXN100172,CUS10004,2026-08-15 12:50:00,39174.27,SEPA_IN,KE,CP-7652,MOBILE
TXN103194,CUS10091,2026-08-15 13:00:00,24405.69,WIRE_OUT,PH,CP-1032,ONLINE
TXN101856,CUS10054,2026-08-15 13:19:00,12693.48,CASH_WITHDRAWAL,SG,CP-5926,BRANCH
TXN106352,CUS10175,2026-08-15 13:24:00,1410.74,WIRE_OUT,GB,CP-3349,MOBILE
TXN100600,CUS10017,2026-08-15 13:35:00,152694.55,SEPA_IN,US,CP-7755,MOBILE
TXN106116,CUS10169,2026-08-15 13:53:00,4022.28,SEPA_OUT,SE,CP-2805,API
TXN101746,CUS10051,2026-08-15 14:01:00,45454.52,SEPA_IN,AE,CP-1583,ONLINE
TXN102893,CUS10082,2026-08-15 14:03:00,9900.46,CASH_DEPOSIT,IE,CP-6530,BRANCH
TXN100394,CUS10011,2026-08-15 14:18:00,53522.73,CASH_DEPOSIT,IE,CP-9132,BRANCH
TXN105208,CUS10144,2026-08-15 14:22:00,1833.86,WIRE_IN,PH,CP-5011,ONLINE
TXN100930,CUS10027,2026-08-15 14:38:00,13361.73,CASH_DEPOSIT,IE,CP-6353,MOBILE
TXN104635,CUS10132,2026-08-15 14:41:00,8096.6,SEPA_OUT,FR,CP-2705,ONLINE
TXN103091,CUS10087,2026-08-15 14:43:00,153027.63,SEPA_IN,NG,CP-5574,MOBILE
TXN105107,CUS10142,2026-08-15 15:19:00,86462.6,WIRE_OUT,PL,CP-4498,ONLINE
TXN101799,CUS10052,2026-08-15 15:29:00,21191.57,CASH_WITHDRAWAL,AT,CP-1199,BRANCH
TXN104859,CUS10137,2026-08-15 15:36:00,18603.2,CASH_DEPOSIT,AU,CP-2001,ONLINE
TXN101583,CUS10047,2026-08-15 15:40:00,2188.71,SEPA_OUT,ES,CP-1959,ONLINE
TXN100881,CUS10026,2026-08-15 15:42:00,5449.74,SEPA_OUT,FR,CP-8938,API
TXN103266,CUS10093,2026-08-15 15:55:00,4127.22,WIRE_IN,FR,CP-3780,API
TXN101610,CUS10048,2026-08-15 15:58:00,16495.79,SEPA_OUT,NL,CP-8138,API
TXN106515,CUS10036,2026-08-15 16:00:00,9819.84,CASH_DEPOSIT,HR,CP-5891,BRANCH
TXN102575,CUS10074,2026-08-15 16:20:00,8558.98,SEPA_OUT,CA,CP-6028,BRANCH
TXN100183,CUS10004,2026-08-15 16:24:00,61293.84,CASH_WITHDRAWAL,KE,CP-7227,ONLINE
TXN101531,CUS10045,2026-08-15 16:54:00,20248.83,SEPA_IN,ES,CP-9602,MOBILE
TXN105440,CUS10149,2026-08-15 17:00:00,1287.13,CASH_WITHDRAWAL,US,CP-1498,API
TXN102496,CUS10073,2026-08-15 17:18:00,66664.88,WIRE_OUT,SG,CP-3180,API
TXN105953,CUS10164,2026-08-15 17:19:00,79628.89,CASH_DEPOSIT,DE,CP-5813,BRANCH
TXN105243,CUS10145,2026-08-15 17:21:00,7033.34,SEPA_OUT,CA,CP-4069,ONLINE
TXN105879,CUS10161,2026-08-15 18:03:00,53878.67,SEPA_OUT,LU,CP-9537,ONLINE
TXN105952,CUS10164,2026-08-15 18:04:00,23486.9,CASH_DEPOSIT,AU,CP-1685,BRANCH
TXN106224,CUS10172,2026-08-15 18:04:00,3160.01,WIRE_IN,ES,CP-8296,MOBILE
TXN106030,CUS10167,2026-08-15 18:11:00,5637.36,CASH_DEPOSIT,ES,CP-6803,BRANCH
TXN103843,CUS10110,2026-08-15 18:15:00,27811.63,SEPA_OUT,AU,CP-7266,BRANCH
TXN101823,CUS10053,2026-08-15 18:51:00,49543.28,SEPA_OUT,CH,CP-5492,ONLINE
TXN102887,CUS10082,2026-08-15 18:54:00,25303.27,WIRE_OUT,FI,CP-3996,ONLINE
TXN106584,CUS10032,2026-08-16 02:00:00,194822.29,WIRE_OUT,ZA,CP-8945,API
TXN106334,CUS10175,2026-08-16 08:06:00,3801.78,SEPA_IN,GB,CP-5278,MOBILE
TXN105615,CUS10154,2026-08-16 08:18:00,540.25,CASH_DEPOSIT,MM,CP-9509,MOBILE
TXN102962,CUS10083,2026-08-16 08:28:00,27289.97,SEPA_OUT,BE,CP-6691,API
TXN104011,CUS10113,2026-08-16 08:38:00,1353.46,SEPA_IN,CH,CP-7568,MOBILE
TXN103257,CUS10092,2026-08-16 08:40:00,11784.41,WIRE_OUT,KP,CP-8168,API
TXN104040,CUS10114,2026-08-16 08:54:00,24541.4,CASH_DEPOSIT,IT,CP-3878,BRANCH
TXN101744,CUS10050,2026-08-16 08:56:00,39684.72,SEPA_IN,NG,CP-5134,MOBILE
TXN100186,CUS10004,2026-08-16 09:05:00,60842.68,SEPA_IN,KE,CP-8286,API
TXN102296,CUS10068,2026-08-16 09:06:00,58231.13,SEPA_IN,PH,CP-6215,ONLINE
TXN100503,CUS10014,2026-08-16 09:09:00,130741.75,CASH_DEPOSIT,NL,CP-5155,API
TXN104989,CUS10140,2026-08-16 09:43:00,56483.65,WIRE_IN,GB,CP-3093,API
TXN105781,CUS10158,2026-08-16 09:47:00,24097.5,SEPA_IN,PA,CP-4332,API
TXN102277,CUS10067,2026-08-16 09:48:00,33241.98,CASH_DEPOSIT,GB,CP-9989,ONLINE
TXN106567,CUS10102,2026-08-16 10:00:00,696661.32,WIRE_IN,PH,CP-5904,API
TXN105291,CUS10146,2026-08-16 10:08:00,3002.12,CASH_DEPOSIT,GB,CP-5378,API
TXN105206,CUS10144,2026-08-16 10:13:00,10538.01,WIRE_IN,PA,CP-3135,MOBILE
TXN100813,CUS10024,2026-08-16 10:41:00,2438.09,WIRE_IN,CA,CP-4354,BRANCH
TXN100470,CUS10014,2026-08-16 10:43:00,66873.8,SEPA_OUT,NL,CP-8583,MOBILE
TXN103951,CUS10112,2026-08-16 10:49:00,21376.15,SEPA_IN,LU,CP-7436,API
TXN106511,CUS10138,2026-08-16 11:00:00,9710.99,CASH_DEPOSIT,ZA,CP-1238,BRANCH
TXN103523,CUS10101,2026-08-16 11:00:00,306795.6,SEPA_OUT,AE,CP-2207,API
TXN106516,CUS10036,2026-08-16 11:00:00,9043.34,CASH_DEPOSIT,HR,CP-5423,BRANCH
TXN104842,CUS10136,2026-08-16 11:13:00,72108.59,WIRE_OUT,PL,CP-6342,MOBILE
TXN100879,CUS10026,2026-08-16 11:21:00,21562.98,SEPA_OUT,FR,CP-3011,BRANCH
TXN101599,CUS10047,2026-08-16 11:29:00,1163.66,WIRE_IN,PH,CP-4949,MOBILE
TXN105522,CUS10152,2026-08-16 11:31:00,152259.18,WIRE_OUT,HR,CP-6761,API
TXN104949,CUS10138,2026-08-16 11:35:00,29493.1,CASH_DEPOSIT,KE,CP-6914,MOBILE
TXN101494,CUS10044,2026-08-16 11:47:00,28615.58,SEPA_OUT,CH,CP-2768,API
TXN104433,CUS10127,2026-08-16 12:23:00,13293.94,SEPA_OUT,LU,CP-5512,MOBILE
TXN104378,CUS10124,2026-08-16 12:32:00,10553.82,CASH_DEPOSIT,SG,CP-4799,BRANCH
TXN106229,CUS10172,2026-08-16 12:33:00,1256.9,CASH_WITHDRAWAL,ES,CP-1605,MOBILE
TXN105617,CUS10154,2026-08-16 12:47:00,3210.11,WIRE_OUT,MM,CP-1081,MOBILE
TXN105517,CUS10151,2026-08-16 12:50:00,13756.26,WIRE_OUT,GB,CP-6867,BRANCH
TXN104601,CUS10131,2026-08-16 13:08:00,17641.35,CASH_WITHDRAWAL,US,CP-1897,API
TXN100258,CUS10007,2026-08-16 13:08:00,118854.99,CASH_DEPOSIT,AT,CP-7895,API
TXN106013,CUS10166,2026-08-16 13:19:00,199974.98,WIRE_IN,SG,CP-9739,API
TXN104420,CUS10126,2026-08-16 13:19:00,24928.82,WIRE_IN,DK,CP-6308,BRANCH
TXN104104,CUS10115,2026-08-16 13:28:00,3963.01,SEPA_OUT,VN,CP-2693,MOBILE
TXN100543,CUS10015,2026-08-16 13:35:00,132020.39,SEPA_IN,PL,CP-6638,ONLINE
TXN101310,CUS10038,2026-08-16 13:47:00,8168.15,CASH_DEPOSIT,DK,CP-7088,BRANCH
TXN102111,CUS10061,2026-08-16 14:05:00,18289.37,WIRE_OUT,PL,CP-6452,API
TXN100475,CUS10014,2026-08-16 14:14:00,68280.2,CASH_WITHDRAWAL,IE,CP-5767,BRANCH
TXN100559,CUS10016,2026-08-16 14:16:00,5950.5,WIRE_IN,NL,CP-1001,BRANCH
TXN100951,CUS10028,2026-08-16 14:18:00,27610.57,CASH_DEPOSIT,CH,CP-5321,API
TXN102302,CUS10068,2026-08-16 14:34:00,30646.68,WIRE_OUT,AU,CP-5056,ONLINE
TXN104977,CUS10139,2026-08-16 14:40:00,4571.2,WIRE_OUT,LU,CP-6899,MOBILE
TXN101786,CUS10052,2026-08-16 14:42:00,16267.79,WIRE_OUT,AT,CP-8906,BRANCH
TXN101784,CUS10052,2026-08-16 14:45:00,22253.65,CASH_WITHDRAWAL,PA,CP-8209,MOBILE
TXN104999,CUS10140,2026-08-16 14:49:00,4228.35,SEPA_IN,GB,CP-4250,ONLINE
TXN100274,CUS10007,2026-08-16 14:58:00,38002.11,WIRE_IN,AT,CP-7870,BRANCH
TXN104458,CUS10127,2026-08-16 15:07:00,6021.55,SEPA_OUT,AT,CP-6036,BRANCH
TXN104081,CUS10114,2026-08-16 15:13:00,11917.34,WIRE_OUT,IT,CP-9920,MOBILE
TXN104741,CUS10134,2026-08-16 15:13:00,12390.22,SEPA_OUT,FR,CP-5105,MOBILE
TXN100602,CUS10017,2026-08-16 15:28:00,167090.13,CASH_WITHDRAWAL,DE,CP-1567,API
TXN103577,CUS10102,2026-08-16 16:10:00,1250.25,SEPA_OUT,BG,CP-3256,API
TXN101255,CUS10036,2026-08-16 16:10:00,15831.29,CASH_WITHDRAWAL,HR,CP-1001,BRANCH
TXN102372,CUS10070,2026-08-16 16:17:00,23678.53,SEPA_OUT,DK,CP-7188,ONLINE
TXN103279,CUS10093,2026-08-16 16:24:00,12981.3,SEPA_OUT,SE,CP-5015,BRANCH
TXN101794,CUS10052,2026-08-16 16:47:00,24707.62,SEPA_OUT,DK,CP-8814,BRANCH
TXN101077,CUS10031,2026-08-16 16:48:00,29583.28,CASH_WITHDRAWAL,FI,CP-4678,ONLINE
TXN105153,CUS10143,2026-08-16 16:51:00,27285.1,CASH_DEPOSIT,FR,CP-8189,BRANCH
TXN104696,CUS10133,2026-08-16 16:54:00,3133.33,CASH_DEPOSIT,SG,CP-4653,MOBILE
TXN100871,CUS10025,2026-08-16 17:11:00,1100.02,WIRE_IN,IE,CP-3963,API
TXN105139,CUS10143,2026-08-16 17:13:00,24593.2,CASH_DEPOSIT,FR,CP-7965,ONLINE
TXN105404,CUS10149,2026-08-16 17:19:00,1054.15,CASH_WITHDRAWAL,CA,CP-9887,BRANCH
TXN104315,CUS10121,2026-08-16 17:29:00,9317.14,WIRE_IN,AE,CP-1782,ONLINE
TXN105115,CUS10142,2026-08-16 17:37:00,126259.03,CASH_DEPOSIT,PL,CP-5180,BRANCH
TXN105192,CUS10144,2026-08-16 17:41:00,6500.86,SEPA_IN,PH,CP-2678,BRANCH
TXN101370,CUS10041,2026-08-16 17:49:00,7256.57,WIRE_OUT,DE,CP-5623,BRANCH
TXN104335,CUS10122,2026-08-16 17:51:00,12429.8,CASH_DEPOSIT,AE,CP-7950,MOBILE
TXN102007,CUS10059,2026-08-16 17:58:00,43344.41,SEPA_OUT,ES,CP-8783,API
TXN106287,CUS10173,2026-08-16 18:02:00,72875.61,WIRE_OUT,CH,CP-7549,BRANCH
TXN105640,CUS10155,2026-08-16 18:04:00,15633.07,CASH_WITHDRAWAL,CA,CP-5489,API
TXN106167,CUS10170,2026-08-16 18:13:00,36837.02,CASH_WITHDRAWAL,FI,CP-5618,BRANCH
TXN105485,CUS10151,2026-08-16 18:31:00,15125.53,WIRE_IN,NL,CP-5579,ONLINE
TXN100349,CUS10010,2026-08-17 08:21:00,7025.21,SEPA_IN,GB,CP-5593,MOBILE
TXN102216,CUS10064,2026-08-17 08:22:00,14690.17,SEPA_OUT,SE,CP-8100,ONLINE
TXN102854,CUS10081,2026-08-17 08:34:00,11039.54,WIRE_IN,AT,CP-6440,API
TXN105333,CUS10147,2026-08-17 08:36:00,54119.96,WIRE_OUT,VN,CP-1202,MOBILE
TXN105529,CUS10152,2026-08-17 08:41:00,76313.07,CASH_WITHDRAWAL,VN,CP-5868,BRANCH
TXN102335,CUS10069,2026-08-17 09:02:00,13202.78,CASH_DEPOSIT,IT,CP-7703,ONLINE
TXN104494,CUS10128,2026-08-17 09:08:00,82687.09,CASH_DEPOSIT,BE,CP-1583,MOBILE
TXN100579,CUS10016,2026-08-17 09:15:00,20806.53,WIRE_IN,NL,CP-6544,ONLINE
TXN102902,CUS10082,2026-08-17 09:27:00,5282.49,WIRE_IN,CH,CP-2269,API
TXN103158,CUS10090,2026-08-17 09:31:00,24123.25,WIRE_OUT,NG,CP-4039,API
TXN103368,CUS10096,2026-08-17 09:50:00,114804.85,WIRE_OUT,HR,CP-3605,BRANCH
TXN103875,CUS10111,2026-08-17 09:51:00,54058.88,WIRE_OUT,SE,CP-5581,API
TXN103314,CUS10094,2026-08-17 10:06:00,6240.71,CASH_DEPOSIT,MC,CP-1128,BRANCH
TXN100829,CUS10024,2026-08-17 10:13:00,1662.86,WIRE_IN,CA,CP-6192,API
TXN104086,CUS10115,2026-08-17 10:18:00,8287.8,WIRE_IN,US,CP-7500,MOBILE
TXN104208,CUS10119,2026-08-17 10:23:00,41987.3,CASH_DEPOSIT,FI,CP-7142,ONLINE
TXN101777,CUS10051,2026-08-17 11:11:00,20225.11,CASH_WITHDRAWAL,AE,CP-4273,API
TXN105852,CUS10161,2026-08-17 11:15:00,68004.05,CASH_DEPOSIT,FI,CP-3216,BRANCH
TXN106243,CUS10172,2026-08-17 11:22:00,4380.29,CASH_WITHDRAWAL,PL,CP-7716,API
TXN102169,CUS10063,2026-08-17 11:25:00,6050.88,SEPA_IN,VN,CP-8521,API
TXN106080,CUS10168,2026-08-17 11:29:00,28765.45,WIRE_IN,NL,CP-5556,BRANCH
TXN100249,CUS10007,2026-08-17 12:08:00,115218.92,WIRE_OUT,AT,CP-3340,ONLINE
TXN106396,CUS10177,2026-08-17 12:15:00,45748.8,CASH_DEPOSIT,CA,CP-9798,MOBILE
TXN102849,CUS10080,2026-08-17 12:23:00,54138.76,CASH_WITHDRAWAL,PH,CP-7396,API
TXN100374,CUS10011,2026-08-17 12:37:00,116640.93,WIRE_IN,IE,CP-8709,ONLINE
TXN106157,CUS10169,2026-08-17 12:40:00,999.55,WIRE_OUT,CH,CP-8763,API
TXN103458,CUS10099,2026-08-17 12:43:00,2114.94,WIRE_OUT,BE,CP-7555,API
TXN102387,CUS10070,2026-08-17 12:55:00,9945.97,SEPA_OUT,IT,CP-4753,API
TXN106512,CUS10138,2026-08-17 13:00:00,9832.71,CASH_DEPOSIT,ZA,CP-7079,BRANCH
TXN100401,CUS10012,2026-08-17 13:11:00,5159.11,SEPA_OUT,TR,CP-8479,API
TXN104322,CUS10121,2026-08-17 13:35:00,11060.08,CASH_WITHDRAWAL,AE,CP-6636,MOBILE
TXN106307,CUS10174,2026-08-17 13:36:00,165410.3,WIRE_OUT,FI,CP-6359,API
TXN104710,CUS10134,2026-08-17 13:44:00,5122.19,WIRE_IN,FR,CP-3437,ONLINE
TXN105380,CUS10148,2026-08-17 14:03:00,13032.19,SEPA_OUT,JP,CP-5690,BRANCH
TXN100139,CUS10004,2026-08-17 14:28:00,15564.77,SEPA_OUT,BG,CP-7154,ONLINE
TXN105886,CUS10162,2026-08-17 14:38:00,46198.38,CASH_DEPOSIT,PL,CP-3107,ONLINE
TXN106147,CUS10169,2026-08-17 14:43:00,1547.35,CASH_WITHDRAWAL,SE,CP-2965,MOBILE
TXN104540,CUS10129,2026-08-17 14:47:00,906.48,WIRE_IN,AU,CP-4022,API
TXN106501,CUS10179,2026-08-17 14:49:00,791.24,SEPA_IN,SG,CP-4847,BRANCH
TXN101174,CUS10033,2026-08-17 15:18:00,11397.37,SEPA_OUT,PA,CP-4348,ONLINE
TXN101120,CUS10032,2026-08-17 15:20:00,10089.92,WIRE_IN,AT,CP-3942,MOBILE
TXN100356,CUS10010,2026-08-17 15:32:00,8210.82,WIRE_IN,US,CP-1500,BRANCH
TXN100357,CUS10010,2026-08-17 15:38:00,6614.98,SEPA_OUT,US,CP-6730,API
TXN102068,CUS10060,2026-08-17 15:49:00,26009.5,SEPA_OUT,BE,CP-7259,BRANCH
TXN106517,CUS10036,2026-08-17 16:00:00,8980.41,CASH_DEPOSIT,HR,CP-6901,BRANCH
TXN104379,CUS10124,2026-08-17 16:14:00,4477.5,SEPA_IN,KE,CP-4147,ONLINE
TXN105676,CUS10156,2026-08-17 16:26:00,96211.26,WIRE_OUT,NL,CP-6063,MOBILE
TXN105600,CUS10153,2026-08-17 16:27:00,17921.34,CASH_DEPOSIT,BE,CP-3445,API
TXN104384,CUS10124,2026-08-17 16:40:00,5125.8,SEPA_OUT,SG,CP-1195,BRANCH
TXN101657,CUS10049,2026-08-17 16:45:00,11955.54,WIRE_OUT,AT,CP-1407,MOBILE
TXN100851,CUS10025,2026-08-17 16:46:00,1335.88,SEPA_IN,IE,CP-3668,ONLINE
TXN102675,CUS10076,2026-08-17 16:52:00,866.77,CASH_DEPOSIT,FI,CP-7361,ONLINE
TXN100034,CUS10000,2026-08-17 16:59:00,160916.33,CASH_DEPOSIT,AT,CP-3042,API
TXN101458,CUS10043,2026-08-17 17:06:00,233843.21,WIRE_IN,BE,CP-1170,BRANCH
TXN100969,CUS10028,2026-08-17 17:11:00,6632.18,SEPA_OUT,MC,CP-2522,ONLINE
TXN105815,CUS10159,2026-08-17 17:13:00,144052.7,CASH_WITHDRAWAL,FI,CP-9773,ONLINE
TXN102879,CUS10081,2026-08-17 17:22:00,3586.77,CASH_WITHDRAWAL,ZA,CP-4493,BRANCH
TXN102856,CUS10081,2026-08-17 17:24:00,2346.16,SEPA_OUT,AT,CP-3977,ONLINE
TXN101676,CUS10049,2026-08-17 17:49:00,11032.47,SEPA_IN,AT,CP-9864,BRANCH
TXN105731,CUS10157,2026-08-17 17:55:00,4312.63,WIRE_OUT,NG,CP-5346,ONLINE
TXN102894,CUS10082,2026-08-17 18:03:00,12514.38,CASH_WITHDRAWAL,AT,CP-8844,BRANCH
TXN101107,CUS10032,2026-08-17 18:10:00,1793.89,CASH_DEPOSIT,NG,CP-8106,ONLINE
TXN106405,CUS10177,2026-08-17 18:26:00,121422.56,SEPA_IN,CA,CP-1301,ONLINE
TXN101369,CUS10041,2026-08-17 18:27:00,4105.89,WIRE_IN,IT,CP-2710,ONLINE
TXN106474,CUS10179,2026-08-17 18:32:00,482.02,CASH_DEPOSIT,SG,CP-5710,BRANCH
TXN101027,CUS10029,2026-08-17 18:33:00,2293.31,CASH_DEPOSIT,NL,CP-9502,MOBILE
TXN105789,CUS10158,2026-08-17 18:36:00,44943.15,WIRE_OUT,CA,CP-1034,ONLINE
TXN100295,CUS10008,2026-08-17 18:40:00,47871.53,CASH_DEPOSIT,LU,CP-5240,ONLINE
TXN104272,CUS10121,2026-08-17 18:42:00,1405.31,WIRE_OUT,AE,CP-3602,BRANCH
TXN104353,CUS10123,2026-08-17 18:52:00,1092.86,SEPA_IN,VN,CP-2251,ONLINE
TXN101443,CUS10043,2026-08-17 18:52:00,29529.3,WIRE_OUT,BE,CP-1553,API
TXN106453,CUS10179,2026-08-17 18:53:00,1269.56,CASH_DEPOSIT,SG,CP-8680,BRANCH
TXN103311,CUS10094,2026-08-17 18:56:00,11939.39,CASH_DEPOSIT,IE,CP-2977,MOBILE
TXN106568,CUS10102,2026-08-17 22:00:00,686541.93,WIRE_OUT,VN,CP-1327,API
TXN106096,CUS10168,2026-08-18 08:02:00,3338.74,WIRE_OUT,NL,CP-2631,MOBILE
TXN102886,CUS10081,2026-08-18 08:06:00,2734.96,WIRE_IN,AT,CP-3555,MOBILE
TXN104064,CUS10114,2026-08-18 08:06:00,9423.41,WIRE_OUT,IT,CP-3439,ONLINE
TXN106450,CUS10179,2026-08-18 08:07:00,1674.8,CASH_DEPOSIT,SG,CP-4726,ONLINE
TXN104214,CUS10119,2026-08-18 08:19:00,86421.96,SEPA_OUT,FI,CP-4991,BRANCH
TXN100440,CUS10013,2026-08-18 08:27:00,5665.35,SEPA_IN,JP,CP-3131,BRANCH
TXN102712,CUS10077,2026-08-18 09:02:00,3107.63,CASH_WITHDRAWAL,DK,CP-8878,MOBILE
TXN102461,CUS10072,2026-08-18 09:12:00,75478.46,WIRE_IN,ES,CP-9932,API
TXN106219,CUS10172,2026-08-18 09:16:00,6234.2,CASH_WITHDRAWAL,ES,CP-4352,MOBILE
TXN100668,CUS10020,2026-08-18 09:48:00,999.49,CASH_DEPOSIT,DE,CP-2063,API
TXN102293,CUS10068,2026-08-18 10:17:00,21825.72,SEPA_OUT,AU,CP-2218,API
TXN101982,CUS10058,2026-08-18 10:18:00,5047.48,WIRE_OUT,GB,CP-4014,BRANCH
TXN100941,CUS10028,2026-08-18 10:27:00,41867.93,WIRE_OUT,PL,CP-5636,BRANCH
TXN101184,CUS10033,2026-08-18 10:30:00,9439.02,CASH_DEPOSIT,PA,CP-8101,BRANCH
TXN104840,CUS10136,2026-08-18 10:34:00,21858.72,SEPA_IN,PL,CP-7951,ONLINE
TXN103726,CUS10107,2026-08-18 10:41:00,124008.18,CASH_WITHDRAWAL,GB,CP-1759,ONLINE
TXN104729,CUS10134,2026-08-18 10:46:00,8463.3,CASH_WITHDRAWAL,FR,CP-4172,BRANCH
TXN105641,CUS10155,2026-08-18 10:52:00,5326.14,CASH_WITHDRAWAL,CA,CP-5434,MOBILE
TXN105207,CUS10144,2026-08-18 11:14:00,2779.7,CASH_DEPOSIT,PH,CP-3705,BRANCH
TXN104808,CUS10136,2026-08-18 11:22:00,130522.51,CASH_WITHDRAWAL,PL,CP-5857,ONLINE
TXN104408,CUS10126,2026-08-18 11:31:00,12845.46,WIRE_OUT,FI,CP-8275,ONLINE
TXN105962,CUS10165,2026-08-18 11:32:00,42845.98,WIRE_IN,IE,CP-8731,ONLINE
TXN105785,CUS10158,2026-08-18 11:32:00,66860.63,SEPA_IN,AT,CP-2222,BRANCH
TXN104796,CUS10135,2026-08-18 11:33:00,6147.61,WIRE_IN,SG,CP-3509,API
TXN103126,CUS10088,2026-08-18 11:37:00,4522.52,WIRE_OUT,CH,CP-6850,API
TXN106252,CUS10172,2026-08-18 11:53:00,17189.08,CASH_WITHDRAWAL,ES,CP-5844,MOBILE
TXN105239,CUS10145,2026-08-18 12:07:00,8144.81,WIRE_OUT,BG,CP-9041,BRANCH
TXN105849,CUS10160,2026-08-18 12:22:00,5301.28,SEPA_IN,KP,CP-1953,BRANCH
TXN100316,CUS10009,2026-08-18 12:46:00,35949.55,WIRE_OUT,FI,CP-3911,ONLINE
TXN100197,CUS10005,2026-08-18 12:52:00,2355.96,WIRE_IN,CA,CP-4273,BRANCH
TXN101411,CUS10042,2026-08-18 12:54:00,6501.94,CASH_WITHDRAWAL,YE,CP-8167,API
TXN102631,CUS10075,2026-08-18 13:06:00,30177.67,CASH_DEPOSIT,AU,CP-7523,BRANCH
TXN102130,CUS10062,2026-08-18 13:15:00,118347.97,SEPA_OUT,IT,CP-1562,API
TXN105970,CUS10165,2026-08-18 13:21:00,90946.57,WIRE_IN,AU,CP-4102,MOBILE
TXN104260,CUS10120,2026-08-18 13:27:00,92555.37,CASH_DEPOSIT,PL,CP-4893,ONLINE
TXN100302,CUS10009,2026-08-18 13:30:00,37878.71,SEPA_OUT,FI,CP-6636,API
TXN104310,CUS10121,2026-08-18 13:37:00,4317.18,WIRE_IN,SE,CP-6925,API
TXN103935,CUS10112,2026-08-18 13:45:00,56846.3,SEPA_IN,LU,CP-7533,MOBILE
TXN106518,CUS10036,2026-08-18 14:00:00,8769.71,CASH_DEPOSIT,HR,CP-7956,BRANCH
TXN100495,CUS10014,2026-08-18 14:08:00,128249.38,WIRE_OUT,NL,CP-9564,MOBILE
TXN100872,CUS10025,2026-08-18 14:13:00,691.09,SEPA_OUT,IE,CP-2848,API
TXN102211,CUS10064,2026-08-18 14:19:00,33790.06,SEPA_IN,SE,CP-8982,BRANCH
TXN100720,CUS10022,2026-08-18 14:34:00,5330.03,WIRE_OUT,BE,CP-8780,BRANCH
TXN101224,CUS10035,2026-08-18 14:41:00,35926.36,CASH_DEPOSIT,NG,CP-8159,BRANCH
TXN104147,CUS10117,2026-08-18 14:43:00,77245.54,CASH_WITHDRAWAL,JP,CP-4077,API
TXN102066,CUS10060,2026-08-18 14:44:00,1184.37,SEPA_IN,DE,CP-5276,BRANCH
TXN105355,CUS10148,2026-08-18 15:07:00,42626.78,CASH_DEPOSIT,JP,CP-7885,BRANCH
TXN101941,CUS10057,2026-08-18 15:08:00,6091.81,WIRE_IN,IT,CP-6098,API
TXN104042,CUS10114,2026-08-18 15:11:00,5719.29,WIRE_IN,IT,CP-2805,API
TXN104512,CUS10128,2026-08-18 15:11:00,26008.2,WIRE_IN,BE,CP-8850,BRANCH
TXN100159,CUS10004,2026-08-18 15:34:00,70452.9,SEPA_IN,KE,CP-5285,API
TXN101796,CUS10052,2026-08-18 15:41:00,16140.17,CASH_DEPOSIT,AT,CP-8897,BRANCH
TXN104526,CUS10128,2026-08-18 15:44:00,13727.58,WIRE_IN,BE,CP-3635,MOBILE
TXN101578,CUS10047,2026-08-18 15:47:00,1157.54,WIRE_OUT,AT,CP-1248,API
TXN101037,CUS10030,2026-08-18 15:53:00,1291.26,CASH_DEPOSIT,BE,CP-3175,BRANCH
TXN104816,CUS10136,2026-08-18 16:27:00,119825.04,SEPA_OUT,BE,CP-8873,MOBILE
TXN104519,CUS10128,2026-08-18 16:32:00,20316.58,SEPA_OUT,BE,CP-7104,ONLINE
TXN104088,CUS10115,2026-08-18 16:36:00,10368.38,CASH_DEPOSIT,US,CP-8914,ONLINE
TXN101187,CUS10033,2026-08-18 16:38:00,17406.57,SEPA_IN,PA,CP-3238,MOBILE
TXN104000,CUS10113,2026-08-18 16:57:00,2088.24,WIRE_OUT,CH,CP-6929,API
TXN102624,CUS10075,2026-08-18 17:05:00,28915.12,SEPA_OUT,AT,CP-2499,ONLINE
TXN100534,CUS10015,2026-08-18 17:06:00,24735.33,CASH_DEPOSIT,PL,CP-5254,BRANCH
TXN101117,CUS10032,2026-08-18 17:10:00,3978.96,SEPA_IN,CA,CP-2388,BRANCH
TXN103431,CUS10098,2026-08-18 17:11:00,6116.25,SEPA_IN,PA,CP-9824,MOBILE
TXN103870,CUS10111,2026-08-18 17:13:00,6850.88,SEPA_OUT,SE,CP-9771,API
TXN100546,CUS10015,2026-08-18 17:18:00,66112.59,WIRE_OUT,PL,CP-3745,API
TXN104404,CUS10125,2026-08-18 17:46:00,3769.63,CASH_WITHDRAWAL,IE,CP-7680,ONLINE
TXN101227,CUS10035,2026-08-18 17:47:00,37043.76,WIRE_IN,NG,CP-9775,BRANCH
TXN104359,CUS10123,2026-08-18 18:08:00,7179.95,WIRE_IN,VN,CP-5276,BRANCH
TXN105424,CUS10149,2026-08-18 18:12:00,1807.41,WIRE_OUT,PA,CP-8527,MOBILE
TXN104002,CUS10113,2026-08-18 18:27:00,4227.16,CASH_WITHDRAWAL,FI,CP-7862,API
TXN102315,CUS10068,2026-08-18 18:33:00,58379.85,SEPA_OUT,AU,CP-4302,BRANCH
TXN100743,CUS10022,2026-08-18 18:45:00,4254.55,SEPA_IN,BE,CP-3378,MOBILE
TXN100699,CUS10021,2026-08-19 08:05:00,1796.87,WIRE_OUT,LU,CP-8304,API
TXN102674,CUS10076,2026-08-19 08:06:00,1859.43,SEPA_IN,JP,CP-2637,ONLINE
TXN102454,CUS10072,2026-08-19 08:10:00,71904.81,CASH_DEPOSIT,ES,CP-2094,API
TXN103677,CUS10106,2026-08-19 08:29:00,36947.84,SEPA_IN,GB,CP-7296,MOBILE
TXN100633,CUS10019,2026-08-19 08:35:00,29612.5,WIRE_OUT,AT,CP-6599,MOBILE
TXN103683,CUS10106,2026-08-19 08:45:00,111393.98,CASH_DEPOSIT,IT,CP-4332,MOBILE
TXN105928,CUS10163,2026-08-19 08:59:00,53589.13,SEPA_IN,DE,CP-2424,BRANCH
TXN102788,CUS10079,2026-08-19 09:02:00,14463.92,SEPA_OUT,JP,CP-1213,ONLINE
TXN101050,CUS10030,2026-08-19 09:20:00,2526.07,SEPA_IN,BE,CP-5225,MOBILE
TXN102399,CUS10071,2026-08-19 09:29:00,4404.35,SEPA_OUT,ZA,CP-9592,ONLINE
TXN105538,CUS10152,2026-08-19 09:29:00,31090.54,SEPA_IN,HR,CP-1498,API
TXN103594,CUS10103,2026-08-19 09:46:00,57050.73,CASH_WITHDRAWAL,PL,CP-5184,API
TXN106270,CUS10172,2026-08-19 09:50:00,1559.07,WIRE_IN,PL,CP-9983,MOBILE
TXN100769,CUS10023,2026-08-19 09:50:00,17762.25,SEPA_IN,ES,CP-9186,MOBILE
TXN106575,CUS10032,2026-08-19 10:00:00,585290.02,WIRE_IN,HR,CP-8447,API
TXN105381,CUS10148,2026-08-19 10:19:00,12689.01,SEPA_IN,US,CP-5650,MOBILE
TXN105733,CUS10157,2026-08-19 10:23:00,3577.84,WIRE_IN,NG,CP-3687,ONLINE
TXN106335,CUS10175,2026-08-19 10:23:00,4456.63,WIRE_IN,GB,CP-3536,API
TXN100301,CUS10009,2026-08-19 10:26:00,13308.59,CASH_DEPOSIT,FI,CP-5082,ONLINE
TXN100180,CUS10004,2026-08-19 10:50:00,68733.41,WIRE_IN,VN,CP-9204,API
TXN103202,CUS10091,2026-08-19 11:02:00,99552.04,CASH_DEPOSIT,CH,CP-9438,API
TXN101963,CUS10058,2026-08-19 11:22:00,13963.35,CASH_WITHDRAWAL,FR,CP-8107,BRANCH
TXN101968,CUS10058,2026-08-19 11:23:00,7130.18,WIRE_IN,JP,CP-3554,BRANCH
TXN101468,CUS10043,2026-08-19 11:31:00,32013.0,WIRE_OUT,BE,CP-9644,API
TXN102179,CUS10063,2026-08-19 11:34:00,4189.39,WIRE_OUT,VN,CP-2493,API
TXN100740,CUS10022,2026-08-19 11:42:00,955.44,CASH_WITHDRAWAL,BE,CP-3740,BRANCH
TXN103817,CUS10109,2026-08-19 11:48:00,7547.98,CASH_DEPOSIT,CH,CP-1408,BRANCH
TXN104109,CUS10115,2026-08-19 11:51:00,5015.79,SEPA_OUT,ES,CP-2974,BRANCH
TXN100303,CUS10009,2026-08-19 12:11:00,33948.7,CASH_DEPOSIT,FI,CP-4588,ONLINE
TXN104717,CUS10134,2026-08-19 12:18:00,21491.74,CASH_WITHDRAWAL,FR,CP-6778,BRANCH
TXN103005,CUS10084,2026-08-19 12:19:00,715.76,CASH_WITHDRAWAL,KE,CP-1015,ONLINE
TXN106218,CUS10171,2026-08-19 12:46:00,33691.75,CASH_WITHDRAWAL,SG,CP-2179,BRANCH
TXN103144,CUS10089,2026-08-19 12:49:00,5888.06,WIRE_IN,AT,CP-4327,API
TXN104371,CUS10124,2026-08-19 12:50:00,5383.99,CASH_DEPOSIT,FR,CP-8971,ONLINE
TXN103157,CUS10090,2026-08-19 12:55:00,9095.6,WIRE_OUT,SG,CP-4003,BRANCH
TXN101992,CUS10059,2026-08-19 12:56:00,215719.58,CASH_WITHDRAWAL,ES,CP-1343,MOBILE
TXN106073,CUS10168,2026-08-19 13:32:00,11970.78,WIRE_OUT,NL,CP-7720,BRANCH
TXN102971,CUS10084,2026-08-19 13:40:00,1972.03,CASH_DEPOSIT,JP,CP-8220,BRANCH
TXN104048,CUS10114,2026-08-19 13:51:00,19164.89,SEPA_OUT,IT,CP-4500,BRANCH
TXN106519,CUS10036,2026-08-19 14:00:00,9659.65,CASH_DEPOSIT,HR,CP-1394,BRANCH
TXN105957,CUS10164,2026-08-19 14:02:00,67475.57,WIRE_OUT,JP,CP-9578,API
TXN105046,CUS10141,2026-08-19 14:06:00,7925.71,WIRE_OUT,SE,CP-7791,BRANCH
TXN103600,CUS10103,2026-08-19 14:08:00,10776.91,SEPA_OUT,PL,CP-6286,API
TXN103796,CUS10109,2026-08-19 14:08:00,7306.73,SEPA_OUT,CA,CP-7012,ONLINE
TXN100965,CUS10028,2026-08-19 14:18:00,65933.59,CASH_WITHDRAWAL,MC,CP-3525,ONLINE
TXN101228,CUS10035,2026-08-19 14:20:00,90089.6,CASH_WITHDRAWAL,NG,CP-3069,BRANCH
TXN106263,CUS10172,2026-08-19 14:23:00,2666.06,SEPA_OUT,ES,CP-9662,API
TXN100020,CUS10000,2026-08-19 14:49:00,269176.59,CASH_DEPOSIT,AT,CP-1857,API
TXN100436,CUS10013,2026-08-19 14:50:00,15333.02,CASH_DEPOSIT,US,CP-1881,ONLINE
TXN106409,CUS10177,2026-08-19 14:53:00,48196.83,WIRE_IN,AT,CP-7211,ONLINE
TXN105612,CUS10153,2026-08-19 14:55:00,47819.77,SEPA_OUT,BE,CP-1767,API
TXN102414,CUS10071,2026-08-19 14:56:00,9405.04,WIRE_IN,US,CP-7328,BRANCH
TXN100968,CUS10028,2026-08-19 15:17:00,20174.67,SEPA_OUT,MC,CP-2478,MOBILE
TXN105814,CUS10159,2026-08-19 15:27:00,11876.94,SEPA_IN,FI,CP-2633,ONLINE
TXN106110,CUS10168,2026-08-19 15:27:00,19163.87,SEPA_IN,NL,CP-5693,ONLINE
TXN100644,CUS10019,2026-08-19 15:30:00,34230.16,WIRE_OUT,BE,CP-4707,ONLINE
TXN101248,CUS10036,2026-08-19 15:41:00,50235.91,SEPA_IN,HR,CP-3051,ONLINE
TXN100402,CUS10012,2026-08-19 15:51:00,8368.36,WIRE_OUT,TR,CP-2852,BRANCH
TXN102633,CUS10075,2026-08-19 16:15:00,26725.05,CASH_DEPOSIT,AT,CP-8033,ONLINE
TXN102503,CUS10073,2026-08-19 16:20:00,51062.95,SEPA_IN,SG,CP-8991,API
TXN101888,CUS10055,2026-08-19 16:26:00,5704.14,SEPA_IN,AU,CP-3230,API
TXN103654,CUS10104,2026-08-19 16:38:00,46955.12,SEPA_IN,AT,CP-9378,MOBILE
TXN104702,CUS10133,2026-08-19 17:10:00,3550.13,WIRE_OUT,SG,CP-9209,API
TXN103617,CUS10104,2026-08-19 17:17:00,33194.27,SEPA_IN,SG,CP-6206,ONLINE
TXN103877,CUS10111,2026-08-19 17:30:00,25303.89,CASH_DEPOSIT,CH,CP-8230,API
TXN106184,CUS10170,2026-08-19 17:44:00,39679.05,WIRE_OUT,KE,CP-3910,API
TXN103198,CUS10091,2026-08-19 17:48:00,61867.4,WIRE_OUT,CH,CP-4851,BRANCH
TXN101734,CUS10050,2026-08-19 18:11:00,158032.73,SEPA_IN,NG,CP-6096,MOBILE
TXN101147,CUS10032,2026-08-19 18:11:00,1316.63,WIRE_IN,AT,CP-7447,ONLINE
TXN100627,CUS10018,2026-08-19 18:17:00,75355.66,CASH_WITHDRAWAL,IT,CP-6901,ONLINE
TXN104587,CUS10130,2026-08-19 18:25:00,17381.31,CASH_WITHDRAWAL,ES,CP-7322,ONLINE
TXN105273,CUS10146,2026-08-19 18:45:00,3644.08,CASH_DEPOSIT,GB,CP-7777,MOBILE
TXN104692,CUS10133,2026-08-19 18:49:00,4459.4,CASH_WITHDRAWAL,GB,CP-4805,API
TXN106576,CUS10032,2026-08-19 20:00:00,562564.8,WIRE_OUT,HR,CP-6023,API
TXN101445,CUS10043,2026-08-20 08:07:00,49489.63,SEPA_IN,BE,CP-8035,BRANCH
TXN106390,CUS10177,2026-08-20 08:30:00,8812.88,WIRE_OUT,CA,CP-5661,MOBILE
TXN102551,CUS10074,2026-08-20 08:35:00,4630.27,WIRE_IN,CA,CP-1728,API
TXN102561,CUS10074,2026-08-20 08:40:00,22311.54,WIRE_OUT,CA,CP-2893,BRANCH
TXN103596,CUS10103,2026-08-20 08:48:00,9562.52,CASH_DEPOSIT,PL,CP-8018,MOBILE
TXN101481,CUS10043,2026-08-20 09:14:00,61841.96,CASH_WITHDRAWAL,BE,CP-5395,MOBILE
TXN103466,CUS10099,2026-08-20 09:29:00,1498.57,CASH_DEPOSIT,IE,CP-7687,BRANCH
TXN103902,CUS10111,2026-08-20 09:30:00,79186.82,CASH_DEPOSIT,SE,CP-1983,ONLINE
TXN101236,CUS10036,2026-08-20 09:33:00,159471.0,SEPA_IN,HR,CP-4196,MOBILE
TXN104713,CUS10134,2026-08-20 09:49:00,11087.76,CASH_DEPOSIT,FR,CP-5084,ONLINE
TXN103213,CUS10091,2026-08-20 10:02:00,281868.18,CASH_DEPOSIT,CH,CP-2147,MOBILE
TXN106144,CUS10169,2026-08-20 10:03:00,3341.98,SEPA_IN,SE,CP-9343,API
TXN106197,CUS10170,2026-08-20 10:20:00,28458.83,SEPA_OUT,FI,CP-6297,API
TXN105527,CUS10152,2026-08-20 10:23:00,84207.44,WIRE_IN,HR,CP-8813,API
TXN101514,CUS10045,2026-08-20 10:25:00,77999.63,SEPA_OUT,CH,CP-9487,MOBILE
TXN106008,CUS10166,2026-08-20 10:32:00,207452.61,WIRE_OUT,AT,CP-7639,API
TXN106383,CUS10177,2026-08-20 10:45:00,37655.78,CASH_DEPOSIT,CA,CP-2053,ONLINE
TXN100839,CUS10024,2026-08-20 10:45:00,1755.54,SEPA_OUT,CA,CP-7108,ONLINE
TXN106337,CUS10175,2026-08-20 10:49:00,2919.09,CASH_DEPOSIT,NG,CP-6810,MOBILE
TXN103840,CUS10110,2026-08-20 10:57:00,50977.79,CASH_DEPOSIT,PL,CP-2485,MOBILE
TXN106102,CUS10168,2026-08-20 10:59:00,3365.33,SEPA_OUT,ZA,CP-1567,BRANCH
TXN104688,CUS10133,2026-08-20 11:03:00,656.45,CASH_DEPOSIT,SG,CP-1140,ONLINE
TXN101767,CUS10051,2026-08-20 11:13:00,18098.8,SEPA_IN,IE,CP-3926,BRANCH
TXN105778,CUS10158,2026-08-20 11:16:00,42651.13,WIRE_OUT,US,CP-7809,BRANCH
TXN102256,CUS10066,2026-08-20 11:22:00,84708.11,WIRE_IN,AT,CP-5131,MOBILE
TXN105908,CUS10162,2026-08-20 11:25:00,317325.06,CASH_DEPOSIT,PL,CP-5976,MOBILE
TXN103892,CUS10111,2026-08-20 11:26:00,10985.78,CASH_WITHDRAWAL,SE,CP-3303,MOBILE
TXN106461,CUS10179,2026-08-20 11:47:00,754.57,CASH_WITHDRAWAL,PL,CP-3816,API
TXN102497,CUS10073,2026-08-20 11:55:00,66622.38,CASH_DEPOSIT,FI,CP-2689,API
TXN102269,CUS10067,2026-08-20 12:00:00,78071.92,WIRE_IN,NL,CP-4633,MOBILE
TXN104493,CUS10128,2026-08-20 12:04:00,28869.64,CASH_DEPOSIT,BE,CP-3560,API
TXN104258,CUS10120,2026-08-20 12:13:00,38719.24,SEPA_OUT,PL,CP-6394,API
TXN103401,CUS10097,2026-08-20 12:15:00,6572.7,CASH_DEPOSIT,DK,CP-1262,ONLINE
TXN106221,CUS10172,2026-08-20 12:16:00,2030.23,WIRE_IN,ES,CP-6216,ONLINE
TXN102919,CUS10083,2026-08-20 12:19:00,117495.36,SEPA_OUT,NL,CP-9133,MOBILE
TXN105183,CUS10144,2026-08-20 12:33:00,5590.81,SEPA_OUT,PH,CP-8795,MOBILE
TXN104006,CUS10113,2026-08-20 12:33:00,478.84,WIRE_OUT,CH,CP-1480,MOBILE
TXN106128,CUS10169,2026-08-20 12:43:00,1084.42,SEPA_IN,SE,CP-3436,MOBILE
TXN100008,CUS10000,2026-08-20 12:47:00,57240.93,SEPA_IN,AT,CP-3754,ONLINE
TXN104468,CUS10127,2026-08-20 12:58:00,22703.29,SEPA_OUT,AT,CP-6378,MOBILE
TXN106545,CUS10126,2026-08-20 13:00:00,628754.48,WIRE_IN,KE,CP-9657,API
TXN103507,CUS10100,2026-08-20 13:10:00,1984.1,SEPA_IN,SE,CP-2483,MOBILE
TXN104958,CUS10139,2026-08-20 13:28:00,3998.41,SEPA_OUT,ES,CP-7474,API
TXN106148,CUS10169,2026-08-20 13:31:00,638.83,CASH_DEPOSIT,BG,CP-2581,BRANCH
TXN102404,CUS10071,2026-08-20 13:39:00,15892.99,WIRE_IN,BE,CP-2249,API
TXN102249,CUS10066,2026-08-20 13:42:00,87096.92,SEPA_OUT,AT,CP-8413,API
TXN100348,CUS10010,2026-08-20 13:44:00,4690.35,CASH_WITHDRAWAL,US,CP-8785,API
TXN100654,CUS10019,2026-08-20 14:20:00,326486.73,WIRE_OUT,BE,CP-8433,BRANCH
TXN106332,CUS10175,2026-08-20 14:34:00,2922.69,WIRE_OUT,NL,CP-1291,BRANCH
TXN100878,CUS10026,2026-08-20 14:44:00,8224.56,WIRE_IN,FR,CP-3764,ONLINE
TXN103164,CUS10090,2026-08-20 14:46:00,3309.42,CASH_DEPOSIT,JP,CP-6904,BRANCH
TXN106211,CUS10171,2026-08-20 14:56:00,46081.46,SEPA_OUT,SG,CP-9151,API
TXN102852,CUS10080,2026-08-20 14:59:00,34431.04,CASH_DEPOSIT,FI,CP-7263,ONLINE
TXN104634,CUS10132,2026-08-20 15:00:00,48398.27,CASH_DEPOSIT,FR,CP-7974,BRANCH
TXN103025,CUS10085,2026-08-20 15:06:00,30535.34,CASH_DEPOSIT,PH,CP-5992,ONLINE
TXN102246,CUS10066,2026-08-20 15:06:00,20301.08,SEPA_IN,AT,CP-9619,ONLINE
TXN102639,CUS10076,2026-08-20 15:09:00,5728.52,CASH_DEPOSIT,PH,CP-8293,ONLINE
TXN103062,CUS10086,2026-08-20 15:17:00,1933.36,SEPA_OUT,CA,CP-7567,API
TXN100877,CUS10026,2026-08-20 15:33:00,9967.14,WIRE_IN,FR,CP-2953,BRANCH
TXN102465,CUS10072,2026-08-20 15:34:00,84735.46,WIRE_OUT,ES,CP-8589,MOBILE
TXN104187,CUS10119,2026-08-20 15:34:00,46993.72,WIRE_IN,FI,CP-9346,MOBILE
TXN101319,CUS10038,2026-08-20 15:43:00,7175.6,CASH_DEPOSIT,US,CP-2228,BRANCH
TXN103591,CUS10103,2026-08-20 15:47:00,33779.39,SEPA_OUT,PL,CP-2052,BRANCH
TXN102834,CUS10080,2026-08-20 15:48:00,68589.64,SEPA_OUT,FR,CP-4831,MOBILE
TXN101883,CUS10055,2026-08-20 16:12:00,5187.71,CASH_WITHDRAWAL,YE,CP-4634,ONLINE
TXN102974,CUS10084,2026-08-20 16:18:00,4319.15,CASH_DEPOSIT,JP,CP-3415,BRANCH
TXN100037,CUS10001,2026-08-20 16:23:00,868.82,WIRE_IN,KE,CP-7142,BRANCH
TXN105249,CUS10145,2026-08-20 16:24:00,5848.75,CASH_DEPOSIT,PH,CP-4974,ONLINE
TXN105120,CUS10142,2026-08-20 16:29:00,27615.29,SEPA_OUT,PL,CP-9132,API
TXN103750,CUS10108,2026-08-20 16:41:00,13037.27,SEPA_OUT,IE,CP-2448,ONLINE
TXN102875,CUS10081,2026-08-20 16:51:00,2012.48,WIRE_IN,AT,CP-9099,BRANCH
TXN103834,CUS10110,2026-08-20 17:06:00,38349.8,SEPA_IN,AU,CP-6166,MOBILE
TXN103759,CUS10108,2026-08-20 17:16:00,20465.31,CASH_WITHDRAWAL,IE,CP-2309,ONLINE
TXN102789,CUS10079,2026-08-20 17:27:00,24087.56,CASH_DEPOSIT,BG,CP-1963,ONLINE
TXN102608,CUS10075,2026-08-20 17:33:00,42700.35,WIRE_OUT,PA,CP-2066,BRANCH
TXN100678,CUS10020,2026-08-20 17:39:00,17615.98,WIRE_OUT,KE,CP-4178,API
TXN100264,CUS10007,2026-08-20 17:40:00,68087.53,CASH_WITHDRAWAL,PA,CP-2083,API
TXN105020,CUS10140,2026-08-20 17:40:00,7956.09,WIRE_OUT,GB,CP-5885,BRANCH
TXN102627,CUS10075,2026-08-20 17:42:00,36411.22,CASH_WITHDRAWAL,SE,CP-1819,API
TXN103189,CUS10091,2026-08-20 17:46:00,360158.71,WIRE_OUT,CH,CP-6341,BRANCH
TXN100648,CUS10019,2026-08-20 17:47:00,34638.09,CASH_DEPOSIT,BE,CP-9605,ONLINE
TXN104770,CUS10135,2026-08-20 17:49:00,4217.59,SEPA_OUT,PL,CP-7214,ONLINE
TXN106054,CUS10167,2026-08-20 17:49:00,27372.17,SEPA_OUT,ES,CP-8227,API
TXN104896,CUS10137,2026-08-20 17:53:00,5396.5,WIRE_OUT,AU,CP-4940,ONLINE
TXN104051,CUS10114,2026-08-20 17:57:00,24084.18,SEPA_IN,IT,CP-8252,BRANCH
TXN102432,CUS10071,2026-08-20 18:07:00,4088.89,SEPA_OUT,US,CP-1500,MOBILE
TXN103328,CUS10095,2026-08-20 18:21:00,869.57,WIRE_OUT,AU,CP-5976,API
TXN105773,CUS10158,2026-08-20 18:22:00,21345.23,WIRE_OUT,AT,CP-2268,MOBILE
TXN101736,CUS10050,2026-08-20 18:33:00,35870.05,WIRE_IN,AU,CP-6673,ONLINE
TXN105577,CUS10153,2026-08-20 18:51:00,24319.0,CASH_WITHDRAWAL,AU,CP-3477,MOBILE
TXN106546,CUS10126,2026-08-21 05:00:00,600325.06,WIRE_OUT,HR,CP-6750,API
TXN106620,CUS10163,2026-08-21 06:00:00,315279.94,WIRE_IN,DE,CP-7304,ONLINE
TXN105122,CUS10142,2026-08-21 08:00:00,67812.89,SEPA_OUT,PL,CP-7187,BRANCH
TXN103718,CUS10107,2026-08-21 08:03:00,72073.71,WIRE_IN,GB,CP-4031,MOBILE
TXN104753,CUS10134,2026-08-21 08:05:00,6018.0,WIRE_IN,FR,CP-5287,ONLINE
TXN104377,CUS10124,2026-08-21 08:08:00,42688.06,SEPA_OUT,SG,CP-1410,MOBILE
TXN104324,CUS10121,2026-08-21 08:09:00,2263.93,CASH_DEPOSIT,BG,CP-5300,ONLINE
TXN101302,CUS10037,2026-08-21 08:17:00,36224.43,WIRE_OUT,BG,CP-7984,ONLINE
TXN101668,CUS10049,2026-08-21 08:18:00,8163.01,SEPA_IN,AT,CP-5441,API
TXN104370,CUS10124,2026-08-21 08:20:00,2067.8,CASH_WITHDRAWAL,SG,CP-4779,ONLINE
TXN101279,CUS10036,2026-08-21 08:39:00,32537.99,CASH_WITHDRAWAL,HR,CP-1119,MOBILE
TXN103419,CUS10098,2026-08-21 08:47:00,1361.02,CASH_WITHDRAWAL,NG,CP-6286,ONLINE
TXN103648,CUS10104,2026-08-21 09:09:00,77944.77,SEPA_OUT,SG,CP-2782,BRANCH
TXN105143,CUS10143,2026-08-21 09:23:00,30076.18,WIRE_IN,FR,CP-2228,ONLINE
TXN105391,CUS10148,2026-08-21 09:24:00,23710.38,CASH_DEPOSIT,JP,CP-6528,MOBILE
TXN106431,CUS10178,2026-08-21 09:29:00,2565.23,WIRE_IN,BG,CP-4379,ONLINE
TXN103077,CUS10087,2026-08-21 09:32:00,129707.34,SEPA_IN,NG,CP-2376,MOBILE
TXN100277,CUS10008,2026-08-21 09:56:00,51556.34,SEPA_IN,ES,CP-6090,API
TXN101506,CUS10045,2026-08-21 09:57:00,145468.36,SEPA_IN,CH,CP-6091,BRANCH
TXN103120,CUS10088,2026-08-21 09:57:00,14149.86,CASH_WITHDRAWAL,CH,CP-9698,MOBILE
TXN103366,CUS10096,2026-08-21 10:01:00,54715.38,SEPA_IN,HR,CP-7519,MOBILE
TXN102498,CUS10073,2026-08-21 10:16:00,156827.45,CASH_WITHDRAWAL,SG,CP-6371,BRANCH
TXN104665,CUS10133,2026-08-21 10:21:00,1836.33,CASH_WITHDRAWAL,SG,CP-4251,API
TXN103309,CUS10094,2026-08-21 10:29:00,8331.24,WIRE_OUT,IE,CP-1977,BRANCH
TXN103976,CUS10113,2026-08-21 10:37:00,6247.05,SEPA_OUT,CH,CP-8082,MOBILE
TXN100084,CUS10003,2026-08-21 10:48:00,2182.17,CASH_DEPOSIT,IT,CP-2739,API
TXN105779,CUS10158,2026-08-21 10:51:00,72826.56,SEPA_OUT,FI,CP-3981,BRANCH
TXN101101,CUS10032,2026-08-21 10:52:00,410.7,WIRE_IN,CA,CP-2208,API
TXN101994,CUS10059,2026-08-21 10:53:00,110388.64,WIRE_OUT,ES,CP-7648,MOBILE
TXN102514,CUS10073,2026-08-21 10:56:00,75375.72,SEPA_IN,SG,CP-8014,MOBILE
TXN101471,CUS10043,2026-08-21 11:04:00,51163.29,WIRE_OUT,BE,CP-6032,ONLINE
TXN101943,CUS10057,2026-08-21 11:14:00,6332.59,CASH_WITHDRAWAL,LU,CP-2336,API
TXN101152,CUS10033,2026-08-21 11:25:00,12495.7,SEPA_IN,PA,CP-2878,BRANCH
TXN105985,CUS10165,2026-08-21 11:34:00,26426.91,CASH_WITHDRAWAL,IE,CP-4318,BRANCH
TXN103764,CUS10108,2026-08-21 11:36:00,24957.23,CASH_WITHDRAWAL,IE,CP-1555,ONLINE
TXN105258,CUS10146,2026-08-21 11:47:00,566.86,WIRE_OUT,HR,CP-1129,BRANCH
TXN101771,CUS10051,2026-08-21 12:00:00,80849.96,SEPA_IN,AE,CP-8602,BRANCH
TXN103043,CUS10085,2026-08-21 12:04:00,49852.8,CASH_DEPOSIT,ES,CP-9258,API
TXN100537,CUS10015,2026-08-21 12:28:00,30632.36,WIRE_OUT,PL,CP-4744,ONLINE
TXN103595,CUS10103,2026-08-21 12:29:00,52128.25,CASH_DEPOSIT,PL,CP-9789,API
TXN104369,CUS10124,2026-08-21 12:39:00,9963.02,SEPA_IN,SG,CP-2788,ONLINE
TXN103139,CUS10089,2026-08-21 12:44:00,3363.57,CASH_WITHDRAWAL,BG,CP-1058,BRANCH
TXN102046,CUS10060,2026-08-21 13:00:00,8334.71,CASH_WITHDRAWAL,GB,CP-3830,BRANCH
TXN105824,CUS10159,2026-08-21 13:15:00,51693.54,SEPA_IN,FI,CP-5000,MOBILE
TXN101422,CUS10042,2026-08-21 13:33:00,3111.65,WIRE_OUT,YE,CP-2631,BRANCH
TXN102644,CUS10076,2026-08-21 13:49:00,1742.66,WIRE_OUT,DE,CP-6903,API
TXN103245,CUS10092,2026-08-21 14:16:00,38632.36,SEPA_IN,DE,CP-2611,ONLINE
TXN101189,CUS10034,2026-08-21 14:25:00,960.11,SEPA_OUT,CA,CP-9020,API
TXN104969,CUS10139,2026-08-21 14:38:00,13320.72,WIRE_OUT,ES,CP-9070,MOBILE
TXN103652,CUS10104,2026-08-21 14:45:00,59472.89,CASH_DEPOSIT,MC,CP-1600,ONLINE
TXN102240,CUS10065,2026-08-21 14:54:00,90700.62,WIRE_OUT,JP,CP-3701,API
TXN103723,CUS10107,2026-08-21 14:57:00,19960.36,CASH_WITHDRAWAL,GB,CP-9508,BRANCH
TXN104080,CUS10114,2026-08-21 14:59:00,34587.18,WIRE_OUT,FI,CP-1413,API
TXN106547,CUS10133,2026-08-21 15:00:00,193627.21,WIRE_IN,HR,CP-3326,API
TXN104294,CUS10121,2026-08-21 15:06:00,10939.75,SEPA_IN,US,CP-5465,MOBILE
TXN102889,CUS10082,2026-08-21 15:12:00,11320.95,SEPA_IN,IE,CP-3146,BRANCH
TXN105927,CUS10163,2026-08-21 15:32:00,23804.6,WIRE_OUT,DE,CP-6973,BRANCH
TXN100989,CUS10029,2026-08-21 15:32:00,2128.63,CASH_DEPOSIT,NL,CP-8993,BRANCH
TXN102583,CUS10074,2026-08-21 15:36:00,55445.99,SEPA_OUT,PA,CP-7038,MOBILE
TXN104125,CUS10116,2026-08-21 16:04:00,3468.94,WIRE_OUT,JP,CP-4535,MOBILE
TXN106134,CUS10169,2026-08-21 16:07:00,1096.59,CASH_DEPOSIT,SE,CP-5091,ONLINE
TXN105511,CUS10151,2026-08-21 16:08:00,14925.61,CASH_DEPOSIT,NL,CP-7041,ONLINE
TXN101768,CUS10051,2026-08-21 16:26:00,22991.35,WIRE_OUT,AE,CP-7851,API
TXN106424,CUS10177,2026-08-21 16:55:00,26822.25,SEPA_OUT,CA,CP-2734,API
TXN102144,CUS10062,2026-08-21 16:58:00,69706.03,WIRE_OUT,IT,CP-2982,ONLINE
TXN103909,CUS10111,2026-08-21 16:59:00,11555.23,SEPA_IN,SE,CP-8329,ONLINE
TXN101550,CUS10046,2026-08-21 17:03:00,38458.44,WIRE_IN,TR,CP-8716,API
TXN105171,CUS10144,2026-08-21 17:12:00,1504.18,CASH_DEPOSIT,PH,CP-2980,BRANCH
TXN101843,CUS10053,2026-08-21 17:18:00,89758.66,SEPA_OUT,CH,CP-1309,ONLINE
TXN104256,CUS10120,2026-08-21 17:21:00,21345.73,CASH_DEPOSIT,PL,CP-1381,API
TXN100708,CUS10021,2026-08-21 17:26:00,393.93,WIRE_OUT,LU,CP-9977,BRANCH
TXN103045,CUS10086,2026-08-21 17:34:00,404.14,SEPA_OUT,NL,CP-5799,ONLINE
TXN100511,CUS10015,2026-08-21 17:41:00,40025.27,CASH_WITHDRAWAL,PL,CP-1941,BRANCH
TXN102425,CUS10071,2026-08-21 17:45:00,6287.23,CASH_WITHDRAWAL,US,CP-7893,MOBILE
TXN104884,CUS10137,2026-08-21 17:55:00,34553.8,SEPA_OUT,JP,CP-5023,BRANCH
TXN102491,CUS10072,2026-08-21 18:11:00,23996.77,WIRE_OUT,ES,CP-7040,ONLINE
TXN104336,CUS10122,2026-08-21 18:15:00,5516.19,WIRE_OUT,CH,CP-8019,MOBILE
TXN102869,CUS10081,2026-08-21 18:20:00,11137.31,WIRE_OUT,AT,CP-8668,ONLINE
TXN105128,CUS10142,2026-08-21 18:25:00,93927.86,SEPA_IN,PL,CP-9897,API
TXN106367,CUS10176,2026-08-21 18:27:00,660.96,CASH_DEPOSIT,PA,CP-4428,BRANCH
TXN104531,CUS10128,2026-08-21 18:29:00,88754.19,CASH_DEPOSIT,BE,CP-8836,BRANCH
TXN104831,CUS10136,2026-08-21 18:29:00,16129.22,SEPA_OUT,PL,CP-6624,MOBILE
TXN103240,CUS10092,2026-08-21 18:44:00,21042.7,SEPA_IN,KP,CP-2440,ONLINE
TXN101908,CUS10056,2026-08-21 18:47:00,8015.8,WIRE_IN,AE,CP-4539,BRANCH
TXN105036,CUS10140,2026-08-21 18:50:00,47862.84,WIRE_IN,GB,CP-6836,API
TXN105610,CUS10153,2026-08-21 18:52:00,35310.47,SEPA_IN,BE,CP-8211,MOBILE
TXN105936,CUS10163,2026-08-21 18:54:00,55599.93,SEPA_IN,DE,CP-4175,MOBILE
TXN106626,CUS10163,2026-08-21 23:00:00,185862.12,WIRE_OUT,BE,CP-3238,ONLINE
TXN102421,CUS10071,2026-08-22 08:13:00,10620.52,SEPA_IN,US,CP-3033,ONLINE
TXN102333,CUS10069,2026-08-22 08:13:00,6262.88,CASH_DEPOSIT,IT,CP-2189,ONLINE
TXN100233,CUS10006,2026-08-22 08:17:00,1237.0,CASH_WITHDRAWAL,BE,CP-3174,BRANCH
TXN100675,CUS10020,2026-08-22 08:21:00,4472.78,CASH_WITHDRAWAL,DE,CP-4478,ONLINE
TXN100414,CUS10012,2026-08-22 08:35:00,10871.17,WIRE_IN,TR,CP-5990,BRANCH
TXN106285,CUS10173,2026-08-22 08:36:00,25451.81,CASH_DEPOSIT,CH,CP-9168,API
TXN102305,CUS10068,2026-08-22 08:43:00,400000.0,SEPA_IN,AU,CP-4072,MOBILE
TXN105930,CUS10163,2026-08-22 08:45:00,9613.73,CASH_DEPOSIT,DE,CP-1681,MOBILE
TXN105058,CUS10141,2026-08-22 08:56:00,37296.21,WIRE_IN,SE,CP-9184,ONLINE
TXN100645,CUS10019,2026-08-22 08:59:00,33499.23,SEPA_OUT,BE,CP-4646,BRANCH
TXN101198,CUS10034,2026-08-22 09:06:00,2492.04,SEPA_IN,SE,CP-3338,API
TXN103580,CUS10103,2026-08-22 09:18:00,114019.72,SEPA_IN,PL,CP-6161,MOBILE
TXN100544,CUS10015,2026-08-22 09:22:00,5768.35,CASH_DEPOSIT,MC,CP-4259,BRANCH
TXN103747,CUS10108,2026-08-22 09:25:00,24030.78,WIRE_OUT,IE,CP-5850,MOBILE
TXN102970,CUS10084,2026-08-22 09:39:00,451.2,WIRE_OUT,PL,CP-5320,ONLINE
TXN102757,CUS10079,2026-08-22 09:39:00,11358.07,WIRE_OUT,DK,CP-8768,BRANCH
TXN106210,CUS10171,2026-08-22 09:42:00,91540.67,WIRE_IN,PL,CP-8886,API
TXN106186,CUS10170,2026-08-22 09:54:00,58156.79,CASH_WITHDRAWAL,FI,CP-8769,API
TXN101289,CUS10036,2026-08-22 09:58:00,7443.86,WIRE_OUT,HR,CP-5098,BRANCH
TXN100550,CUS10016,2026-08-22 10:11:00,8931.06,CASH_WITHDRAWAL,BE,CP-4844,API
TXN105062,CUS10141,2026-08-22 10:44:00,31864.93,SEPA_IN,CH,CP-7526,MOBILE
TXN100167,CUS10004,2026-08-22 10:53:00,190021.24,WIRE_IN,KE,CP-3474,ONLINE
TXN102449,CUS10072,2026-08-22 10:55:00,23981.16,WIRE_OUT,ES,CP-8263,MOBILE
TXN106276,CUS10172,2026-08-22 10:55:00,4315.19,SEPA_OUT,ES,CP-2689,BRANCH
TXN104148,CUS10117,2026-08-22 11:12:00,55203.29,CASH_DEPOSIT,AE,CP-9827,BRANCH
TXN103974,CUS10113,2026-08-22 11:27:00,5538.1,CASH_WITHDRAWAL,CH,CP-6857,ONLINE
TXN103647,CUS10104,2026-08-22 11:33:00,49397.18,WIRE_OUT,SG,CP-1276,MOBILE
TXN105643,CUS10155,2026-08-22 11:40:00,24720.06,WIRE_OUT,PL,CP-6780,ONLINE
TXN102950,CUS10083,2026-08-22 11:41:00,109343.8,SEPA_IN,NL,CP-4800,MOBILE
TXN106012,CUS10166,2026-08-22 11:49:00,97762.1,WIRE_OUT,SG,CP-3354,API
TXN101707,CUS10050,2026-08-22 11:53:00,380982.78,WIRE_OUT,NG,CP-3901,API
TXN106548,CUS10133,2026-08-22 12:00:00,185846.45,WIRE_OUT,YE,CP-6181,API
TXN102933,CUS10083,2026-08-22 12:01:00,89473.45,CASH_WITHDRAWAL,NL,CP-3807,BRANCH
TXN104658,CUS10133,2026-08-22 12:09:00,2536.63,SEPA_OUT,SG,CP-3784,ONLINE
TXN102197,CUS10064,2026-08-22 12:10:00,21154.92,WIRE_OUT,SE,CP-2511,ONLINE
TXN103215,CUS10091,2026-08-22 12:10:00,346640.34,SEPA_IN,AT,CP-8445,ONLINE
TXN100149,CUS10004,2026-08-22 12:17:00,52841.09,CASH_DEPOSIT,KE,CP-3869,MOBILE
TXN106245,CUS10172,2026-08-22 12:43:00,3102.47,WIRE_IN,ES,CP-8452,BRANCH
TXN104219,CUS10119,2026-08-22 12:59:00,19683.06,SEPA_OUT,SE,CP-5955,ONLINE
TXN101600,CUS10047,2026-08-22 13:05:00,1799.76,CASH_DEPOSIT,PH,CP-2252,API
TXN102756,CUS10079,2026-08-22 13:08:00,24351.03,SEPA_IN,JP,CP-8736,ONLINE
TXN105921,CUS10162,2026-08-22 13:28:00,94811.27,SEPA_IN,PL,CP-3255,BRANCH
TXN102003,CUS10059,2026-08-22 13:29:00,65136.13,CASH_WITHDRAWAL,ES,CP-3139,MOBILE
TXN105176,CUS10144,2026-08-22 13:33:00,1470.86,CASH_DEPOSIT,PH,CP-8404,MOBILE
TXN100523,CUS10015,2026-08-22 13:33:00,65771.09,CASH_WITHDRAWAL,PL,CP-5314,BRANCH
TXN100917,CUS10027,2026-08-22 13:42:00,24187.64,WIRE_IN,IE,CP-7502,BRANCH
TXN101409,CUS10042,2026-08-22 14:22:00,3409.11,CASH_DEPOSIT,YE,CP-7977,API
TXN105745,CUS10157,2026-08-22 15:28:00,5587.4,SEPA_OUT,NG,CP-9260,API
TXN106187,CUS10170,2026-08-22 15:41:00,105995.65,CASH_WITHDRAWAL,FI,CP-2118,MOBILE
TXN104299,CUS10121,2026-08-22 15:47:00,2210.23,CASH_WITHDRAWAL,AE,CP-3515,API
TXN100323,CUS10009,2026-08-22 15:56:00,111103.71,CASH_DEPOSIT,FI,CP-7149,ONLINE
TXN103415,CUS10098,2026-08-22 15:58:00,1852.15,SEPA_IN,PA,CP-2331,ONLINE
TXN106304,CUS10174,2026-08-22 16:16:00,17548.61,CASH_DEPOSIT,FI,CP-4345,MOBILE
TXN103746,CUS10108,2026-08-22 16:21:00,3650.64,SEPA_OUT,IE,CP-5036,ONLINE
TXN100727,CUS10022,2026-08-22 16:36:00,5502.39,WIRE_IN,BE,CP-8917,API
TXN103165,CUS10090,2026-08-22 16:37:00,2051.97,SEPA_IN,JP,CP-8616,MOBILE
TXN100329,CUS10009,2026-08-22 16:46:00,34440.41,SEPA_IN,FI,CP-5612,API
TXN100505,CUS10014,2026-08-22 16:50:00,56438.32,WIRE_OUT,NL,CP-7065,MOBILE
TXN104175,CUS10118,2026-08-22 16:55:00,30869.2,SEPA_OUT,ES,CP-4209,API
TXN100072,CUS10002,2026-08-22 17:04:00,8097.88,SEPA_IN,FI,CP-2215,MOBILE
TXN103880,CUS10111,2026-08-22 17:08:00,26520.4,SEPA_IN,SG,CP-7276,API
TXN100493,CUS10014,2026-08-22 17:09:00,41838.68,WIRE_OUT,KE,CP-9369,API
TXN104313,CUS10121,2026-08-22 17:11:00,5662.49,WIRE_IN,VN,CP-5352,ONLINE
TXN101810,CUS10053,2026-08-22 17:17:00,56622.12,WIRE_OUT,CH,CP-6384,MOBILE
TXN100823,CUS10024,2026-08-22 17:21:00,1558.46,SEPA_IN,CA,CP-8965,MOBILE
TXN105172,CUS10144,2026-08-22 17:24:00,2990.42,CASH_WITHDRAWAL,PH,CP-9599,ONLINE
TXN105627,CUS10154,2026-08-22 17:29:00,8927.17,SEPA_OUT,CA,CP-9573,BRANCH
TXN102431,CUS10071,2026-08-22 17:44:00,1842.98,CASH_DEPOSIT,US,CP-8749,BRANCH
TXN104169,CUS10118,2026-08-22 17:50:00,11786.75,SEPA_IN,SE,CP-6093,ONLINE
TXN102376,CUS10070,2026-08-22 17:54:00,15622.92,SEPA_OUT,DK,CP-6817,ONLINE
TXN105228,CUS10145,2026-08-22 17:59:00,6734.79,SEPA_IN,CA,CP-4446,API
TXN102436,CUS10071,2026-08-22 18:07:00,3750.68,CASH_WITHDRAWAL,HR,CP-8113,API
TXN103730,CUS10107,2026-08-22 18:18:00,165547.8,WIRE_OUT,GB,CP-5985,BRANCH
TXN100223,CUS10006,2026-08-22 18:31:00,573.38,SEPA_OUT,CA,CP-9006,BRANCH
TXN104060,CUS10114,2026-08-22 18:44:00,37957.78,SEPA_IN,IT,CP-5875,ONLINE
TXN106090,CUS10168,2026-08-22 18:52:00,15128.07,SEPA_OUT,CH,CP-7000,MOBILE
TXN100463,CUS10014,2026-08-22 18:54:00,98892.42,WIRE_OUT,NL,CP-4014,BRANCH
TXN104130,CUS10116,2026-08-22 18:58:00,6860.73,CASH_WITHDRAWAL,JP,CP-4845,MOBILE
TXN100844,CUS10025,2026-08-22 18:58:00,2380.07,WIRE_OUT,IE,CP-8571,BRANCH
TXN106259,CUS10172,2026-08-23 08:39:00,1598.21,CASH_WITHDRAWAL,ES,CP-7997,BRANCH
TXN104794,CUS10135,2026-08-23 08:44:00,3695.16,CASH_DEPOSIT,SG,CP-8126,BRANCH
TXN102261,CUS10067,2026-08-23 08:49:00,115155.62,SEPA_IN,NL,CP-6619,API
TXN105387,CUS10148,2026-08-23 08:50:00,6212.3,CASH_DEPOSIT,BG,CP-9609,ONLINE
TXN106105,CUS10168,2026-08-23 08:52:00,19502.57,SEPA_OUT,NL,CP-9394,BRANCH
TXN102045,CUS10060,2026-08-23 08:55:00,20431.71,SEPA_IN,GB,CP-7249,BRANCH
TXN103160,CUS10090,2026-08-23 09:06:00,5129.77,CASH_DEPOSIT,JP,CP-1845,ONLINE
TXN100958,CUS10028,2026-08-23 09:15:00,32863.68,WIRE_IN,AE,CP-6384,ONLINE
TXN104546,CUS10129,2026-08-23 09:20:00,1922.43,SEPA_OUT,AU,CP-6291,API
TXN103772,CUS10108,2026-08-23 09:25:00,11144.56,CASH_WITHDRAWAL,FR,CP-2185,ONLINE
TXN103261,CUS10093,2026-08-23 09:27:00,8645.73,CASH_WITHDRAWAL,SE,CP-9388,ONLINE
TXN100392,CUS10011,2026-08-23 09:32:00,7245.41,WIRE_IN,IE,CP-5631,ONLINE
TXN102115,CUS10061,2026-08-23 09:32:00,13818.16,CASH_DEPOSIT,PL,CP-2700,ONLINE
TXN102401,CUS10071,2026-08-23 09:35:00,4799.79,CASH_DEPOSIT,US,CP-9583,ONLINE
TXN102158,CUS10062,2026-08-23 09:35:00,232331.14,WIRE_OUT,IT,CP-1654,API
TXN102300,CUS10068,2026-08-23 09:42:00,96665.79,CASH_WITHDRAWAL,AU,CP-1852,BRANCH
TXN103085,CUS10087,2026-08-23 09:55:00,106788.24,WIRE_OUT,TR,CP-4926,BRANCH
TXN100610,CUS10017,2026-08-23 09:55:00,140659.37,CASH_WITHDRAWAL,VN,CP-1187,MOBILE
TXN102992,CUS10084,2026-08-23 09:56:00,2206.92,CASH_DEPOSIT,JP,CP-2371,BRANCH
TXN104241,CUS10120,2026-08-23 09:58:00,85059.88,SEPA_OUT,PL,CP-7234,ONLINE
TXN106381,CUS10177,2026-08-23 10:04:00,13183.59,SEPA_IN,CA,CP-1543,ONLINE
TXN101672,CUS10049,2026-08-23 10:09:00,3045.64,WIRE_IN,AT,CP-6109,BRANCH
TXN100344,CUS10010,2026-08-23 10:09:00,5716.94,CASH_DEPOSIT,US,CP-2641,ONLINE
TXN103509,CUS10100,2026-08-23 10:12:00,1359.46,WIRE_OUT,SE,CP-8674,API
TXN100942,CUS10028,2026-08-23 10:26:00,35047.88,SEPA_IN,DE,CP-5289,BRANCH
TXN105634,CUS10154,2026-08-23 10:37:00,2227.85,CASH_WITHDRAWAL,MM,CP-9792,API
TXN104435,CUS10127,2026-08-23 10:55:00,36351.86,CASH_WITHDRAWAL,AT,CP-1293,ONLINE
TXN100118,CUS10003,2026-08-23 10:59:00,10395.52,SEPA_OUT,KE,CP-9116,BRANCH
TXN105885,CUS10162,2026-08-23 11:11:00,317558.28,SEPA_IN,PL,CP-2222,BRANCH
TXN106415,CUS10177,2026-08-23 11:23:00,24180.89,WIRE_IN,CA,CP-8730,MOBILE
TXN104303,CUS10121,2026-08-23 12:13:00,7314.5,SEPA_OUT,CA,CP-8826,API
TXN100977,CUS10028,2026-08-23 12:20:00,2996.52,SEPA_OUT,MC,CP-8371,API
TXN101632,CUS10048,2026-08-23 12:39:00,12449.92,CASH_DEPOSIT,NL,CP-4845,API
TXN100570,CUS10016,2026-08-23 12:50:00,8457.03,SEPA_OUT,CA,CP-1519,API
TXN106385,CUS10177,2026-08-23 13:03:00,114900.88,SEPA_OUT,ES,CP-2522,MOBILE
TXN100487,CUS10014,2026-08-23 13:46:00,35079.27,CASH_WITHDRAWAL,NL,CP-8844,MOBILE
TXN104255,CUS10120,2026-08-23 13:54:00,95397.86,SEPA_OUT,PL,CP-5317,MOBILE
TXN102825,CUS10080,2026-08-23 13:56:00,325750.92,SEPA_IN,FI,CP-7485,BRANCH
TXN101293,CUS10037,2026-08-23 13:57:00,81491.12,CASH_WITHDRAWAL,IE,CP-4260,MOBILE
TXN105621,CUS10154,2026-08-23 14:12:00,1003.6,WIRE_OUT,MM,CP-3657,ONLINE
TXN103297,CUS10094,2026-08-23 14:16:00,3911.25,SEPA_OUT,IE,CP-7180,BRANCH
TXN104738,CUS10134,2026-08-23 14:23:00,2796.16,SEPA_IN,FR,CP-3250,API
TXN100369,CUS10011,2026-08-23 14:24:00,11225.03,CASH_DEPOSIT,IE,CP-4111,API
TXN101131,CUS10032,2026-08-23 14:43:00,5839.55,CASH_WITHDRAWAL,PH,CP-9808,API
TXN105935,CUS10163,2026-08-23 15:00:00,29664.52,WIRE_IN,DE,CP-1041,API
TXN105477,CUS10151,2026-08-23 15:00:00,8202.41,WIRE_IN,NL,CP-8671,ONLINE
TXN103882,CUS10111,2026-08-23 15:11:00,4766.06,WIRE_OUT,SE,CP-6235,ONLINE
TXN102623,CUS10075,2026-08-23 15:20:00,64387.63,WIRE_IN,AT,CP-3946,BRANCH
TXN103656,CUS10105,2026-08-23 15:20:00,2095.33,CASH_DEPOSIT,ES,CP-7779,BRANCH
TXN101400,CUS10042,2026-08-23 15:30:00,1803.24,WIRE_OUT,YE,CP-8156,API
TXN101995,CUS10059,2026-08-23 15:46:00,196167.49,SEPA_OUT,ES,CP-8594,API
TXN102267,CUS10067,2026-08-23 15:58:00,107616.08,WIRE_OUT,IE,CP-6163,BRANCH
TXN100859,CUS10025,2026-08-23 15:58:00,3456.7,WIRE_OUT,IE,CP-1284,MOBILE
TXN102762,CUS10079,2026-08-23 16:03:00,42641.95,SEPA_IN,JP,CP-9940,MOBILE
TXN105245,CUS10145,2026-08-23 16:03:00,4122.55,CASH_DEPOSIT,CA,CP-6834,ONLINE
TXN102725,CUS10078,2026-08-23 16:12:00,4179.0,WIRE_OUT,IT,CP-7191,MOBILE
TXN101398,CUS10042,2026-08-23 16:13:00,10885.67,SEPA_IN,YE,CP-4015,ONLINE
TXN100153,CUS10004,2026-08-23 16:33:00,50174.37,WIRE_OUT,KE,CP-5177,BRANCH
TXN101925,CUS10057,2026-08-23 16:35:00,3993.85,SEPA_OUT,ES,CP-4048,MOBILE
TXN101315,CUS10038,2026-08-23 16:45:00,2917.7,CASH_DEPOSIT,US,CP-6690,API
TXN101317,CUS10038,2026-08-23 16:59:00,6527.89,WIRE_IN,NG,CP-3735,API
TXN105024,CUS10140,2026-08-23 17:18:00,51518.08,WIRE_IN,GB,CP-5909,ONLINE
TXN102236,CUS10065,2026-08-23 17:21:00,84290.32,WIRE_OUT,JP,CP-3661,MOBILE
TXN106032,CUS10167,2026-08-23 17:27:00,31141.9,WIRE_IN,ES,CP-6367,ONLINE
TXN100425,CUS10013,2026-08-23 17:58:00,12453.75,WIRE_OUT,JP,CP-5482,MOBILE
TXN100821,CUS10024,2026-08-23 18:34:00,6433.04,SEPA_IN,SE,CP-7883,MOBILE
TXN100547,CUS10015,2026-08-23 18:39:00,35419.59,WIRE_IN,PL,CP-2296,BRANCH
TXN100985,CUS10029,2026-08-24 08:07:00,824.71,WIRE_OUT,NL,CP-8295,MOBILE
TXN105856,CUS10161,2026-08-24 08:24:00,7034.61,CASH_WITHDRAWAL,LU,CP-2738,API
TXN102320,CUS10068,2026-08-24 08:30:00,59222.55,WIRE_IN,DK,CP-8445,API
TXN104720,CUS10134,2026-08-24 08:31:00,18652.67,CASH_DEPOSIT,FR,CP-6105,BRANCH
TXN103086,CUS10087,2026-08-24 08:32:00,79644.89,CASH_DEPOSIT,NG,CP-3868,ONLINE
TXN100431,CUS10013,2026-08-24 08:33:00,815.24,SEPA_OUT,JP,CP-3381,ONLINE
TXN102874,CUS10081,2026-08-24 08:38:00,4064.41,CASH_DEPOSIT,AT,CP-3022,BRANCH
TXN102640,CUS10076,2026-08-24 08:39:00,17717.65,SEPA_IN,LU,CP-2210,BRANCH
TXN106341,CUS10175,2026-08-24 08:57:00,3804.49,SEPA_OUT,GB,CP-2351,API
TXN100399,CUS10012,2026-08-24 09:06:00,22432.63,WIRE_IN,HR,CP-1158,BRANCH
TXN101164,CUS10033,2026-08-24 09:14:00,47210.23,SEPA_IN,PA,CP-6298,BRANCH
TXN102602,CUS10075,2026-08-24 09:19:00,12531.74,CASH_DEPOSIT,PA,CP-1408,ONLINE
TXN105454,CUS10150,2026-08-24 09:27:00,45485.19,SEPA_OUT,PL,CP-9731,MOBILE
TXN102883,CUS10081,2026-08-24 09:32:00,6009.04,WIRE_IN,AT,CP-8692,MOBILE
TXN103709,CUS10107,2026-08-24 09:32:00,86005.07,CASH_WITHDRAWAL,GB,CP-9656,API
TXN102440,CUS10071,2026-08-24 09:43:00,16891.04,WIRE_OUT,HR,CP-4117,API
TXN100469,CUS10014,2026-08-24 10:00:00,52572.55,WIRE_OUT,NL,CP-8145,API
TXN101528,CUS10045,2026-08-24 10:01:00,56360.53,WIRE_IN,CH,CP-7380,ONLINE
TXN105359,CUS10148,2026-08-24 10:03:00,16721.21,CASH_WITHDRAWAL,JP,CP-5534,MOBILE
TXN103065,CUS10086,2026-08-24 10:11:00,2694.58,WIRE_IN,IT,CP-1129,API
TXN104648,CUS10133,2026-08-24 10:13:00,571.55,WIRE_IN,SG,CP-4437,MOBILE
TXN106373,CUS10176,2026-08-24 10:34:00,11549.7,WIRE_IN,MC,CP-4638,API
TXN102351,CUS10069,2026-08-24 10:39:00,13651.76,SEPA_IN,AU,CP-6172,API
TXN103136,CUS10089,2026-08-24 10:59:00,8920.54,WIRE_IN,ZA,CP-5313,API
TXN103783,CUS10109,2026-08-24 11:38:00,3262.44,CASH_DEPOSIT,CH,CP-2305,ONLINE
TXN104084,CUS10115,2026-08-24 11:46:00,11894.19,SEPA_IN,US,CP-2809,ONLINE
TXN106435,CUS10178,2026-08-24 12:00:00,16047.73,CASH_DEPOSIT,BG,CP-2045,API
TXN102721,CUS10078,2026-08-24 12:05:00,2780.19,CASH_WITHDRAWAL,IT,CP-7438,API
TXN103715,CUS10107,2026-08-24 12:08:00,73429.48,SEPA_OUT,GB,CP-1866,MOBILE
TXN104283,CUS10121,2026-08-24 12:21:00,9075.67,CASH_DEPOSIT,AE,CP-7656,API
TXN103350,CUS10096,2026-08-24 12:30:00,54999.91,CASH_WITHDRAWAL,HR,CP-9334,MOBILE
TXN101721,CUS10050,2026-08-24 12:36:00,67708.47,WIRE_IN,NG,CP-3687,BRANCH
TXN100652,CUS10019,2026-08-24 12:39:00,33602.16,CASH_DEPOSIT,TR,CP-3330,MOBILE
TXN102329,CUS10069,2026-08-24 12:44:00,16437.17,WIRE_OUT,IE,CP-7585,API
TXN101197,CUS10034,2026-08-24 12:44:00,3241.26,CASH_DEPOSIT,SE,CP-7271,API
TXN104211,CUS10119,2026-08-24 12:54:00,54185.34,SEPA_IN,FI,CP-8883,BRANCH
TXN104928,CUS10138,2026-08-24 12:58:00,7419.45,CASH_DEPOSIT,ZA,CP-8969,ONLINE
TXN101096,CUS10031,2026-08-24 13:12:00,44372.04,WIRE_OUT,PA,CP-2120,API
TXN105048,CUS10141,2026-08-24 13:31:00,102226.47,WIRE_OUT,SE,CP-2804,ONLINE
TXN106306,CUS10174,2026-08-24 13:42:00,43572.48,SEPA_OUT,FI,CP-8779,MOBILE
TXN106202,CUS10171,2026-08-24 13:45:00,260663.54,CASH_DEPOSIT,SG,CP-5872,BRANCH
TXN103395,CUS10097,2026-08-24 13:50:00,1374.82,SEPA_OUT,DK,CP-5186,MOBILE
TXN100253,CUS10007,2026-08-24 13:50:00,190341.69,SEPA_IN,AT,CP-2380,BRANCH
TXN105942,CUS10163,2026-08-24 14:08:00,20851.84,SEPA_OUT,DE,CP-9329,ONLINE
TXN106026,CUS10167,2026-08-24 14:28:00,49095.48,CASH_DEPOSIT,ES,CP-6567,BRANCH
TXN103921,CUS10112,2026-08-24 14:35:00,49853.53,WIRE_OUT,LU,CP-1070,BRANCH
TXN103792,CUS10109,2026-08-24 14:38:00,10237.14,CASH_DEPOSIT,CH,CP-4619,ONLINE
TXN106170,CUS10170,2026-08-24 14:40:00,20542.63,CASH_WITHDRAWAL,FI,CP-5210,MOBILE
TXN104883,CUS10137,2026-08-24 14:55:00,30473.17,WIRE_IN,AU,CP-6658,API
TXN100880,CUS10026,2026-08-24 15:17:00,62916.56,CASH_DEPOSIT,PH,CP-5472,MOBILE
TXN100381,CUS10011,2026-08-24 15:24:00,12897.59,CASH_DEPOSIT,IE,CP-4267,API
TXN101020,CUS10029,2026-08-24 16:07:00,3165.27,SEPA_IN,NL,CP-5255,API
TXN104615,CUS10132,2026-08-24 16:12:00,65048.22,CASH_WITHDRAWAL,FR,CP-2083,MOBILE
TXN103692,CUS10106,2026-08-24 16:14:00,110416.24,SEPA_IN,SE,CP-1264,ONLINE
TXN103668,CUS10105,2026-08-24 16:18:00,1859.4,SEPA_OUT,ES,CP-5807,ONLINE
TXN103913,CUS10111,2026-08-24 16:27:00,10597.32,CASH_DEPOSIT,SE,CP-8700,MOBILE
TXN104757,CUS10135,2026-08-24 16:37:00,11610.01,SEPA_OUT,SG,CP-7214,MOBILE
TXN105244,CUS10145,2026-08-24 16:42:00,9068.09,SEPA_IN,CA,CP-8924,MOBILE
TXN104275,CUS10121,2026-08-24 16:46:00,3842.38,SEPA_OUT,AE,CP-8945,MOBILE
TXN103112,CUS10088,2026-08-24 17:13:00,16376.81,SEPA_IN,CH,CP-2465,API
TXN104709,CUS10134,2026-08-24 17:21:00,8079.01,WIRE_OUT,IE,CP-6848,API
TXN102125,CUS10062,2026-08-24 17:37:00,129094.4,CASH_DEPOSIT,PA,CP-1686,MOBILE
TXN106070,CUS10168,2026-08-24 17:40:00,13215.95,WIRE_OUT,NL,CP-1519,MOBILE
TXN101577,CUS10047,2026-08-24 17:46:00,5289.7,CASH_DEPOSIT,PH,CP-5261,BRANCH
TXN103481,CUS10099,2026-08-24 17:51:00,259.62,SEPA_IN,BE,CP-7564,BRANCH
TXN100245,CUS10007,2026-08-24 18:05:00,63767.75,WIRE_IN,AT,CP-4496,MOBILE
TXN106380,CUS10177,2026-08-24 18:06:00,216145.2,WIRE_OUT,PH,CP-6527,ONLINE
TXN101278,CUS10036,2026-08-24 18:32:00,48586.26,SEPA_OUT,BE,CP-9156,ONLINE
TXN105428,CUS10149,2026-08-24 18:37:00,1124.13,CASH_WITHDRAWAL,CA,CP-2325,BRANCH
TXN105343,CUS10147,2026-08-24 18:41:00,13296.27,SEPA_OUT,PL,CP-6012,MOBILE
TXN100864,CUS10025,2026-08-25 08:12:00,1276.01,CASH_WITHDRAWAL,IE,CP-9412,ONLINE
TXN101011,CUS10029,2026-08-25 08:25:00,2440.12,CASH_WITHDRAWAL,AE,CP-3473,ONLINE
TXN101743,CUS10050,2026-08-25 08:29:00,211104.08,WIRE_IN,NG,CP-9021,MOBILE
TXN102412,CUS10071,2026-08-25 08:33:00,1697.37,WIRE_IN,US,CP-3110,MOBILE
TXN105009,CUS10140,2026-08-25 08:50:00,7441.26,WIRE_IN,AE,CP-4241,MOBILE
TXN105564,CUS10153,2026-08-25 08:56:00,21364.86,WIRE_IN,BE,CP-8616,API
TXN100204,CUS10006,2026-08-25 09:00:00,692.0,WIRE_OUT,CA,CP-9366,BRANCH
TXN101510,CUS10045,2026-08-25 09:08:00,33431.46,CASH_WITHDRAWAL,CH,CP-6132,API
TXN106351,CUS10175,2026-08-25 09:12:00,1816.16,SEPA_IN,GB,CP-3538,API
TXN100000,CUS10000,2026-08-25 09:18:00,123992.36,CASH_DEPOSIT,AT,CP-8972,API
TXN106113,CUS10169,2026-08-25 09:29:00,1036.22,WIRE_IN,SE,CP-6991,ONLINE
TXN100266,CUS10007,2026-08-25 09:29:00,307593.06,WIRE_IN,AT,CP-6067,BRANCH
TXN101631,CUS10048,2026-08-25 09:31:00,10585.33,WIRE_OUT,NL,CP-3918,ONLINE
TXN104102,CUS10115,2026-08-25 09:31:00,12280.03,CASH_WITHDRAWAL,US,CP-6134,MOBILE
TXN101201,CUS10034,2026-08-25 10:11:00,1477.64,CASH_WITHDRAWAL,SE,CP-3200,BRANCH
TXN104259,CUS10120,2026-08-25 10:14:00,20480.76,SEPA_OUT,PL,CP-9697,MOBILE
TXN100890,CUS10026,2026-08-25 10:19:00,16065.1,SEPA_OUT,FR,CP-2792,MOBILE
TXN100952,CUS10028,2026-08-25 10:20:00,7654.72,SEPA_OUT,MC,CP-3478,MOBILE
TXN102238,CUS10065,2026-08-25 10:26:00,60172.75,WIRE_IN,JP,CP-6468,API
TXN102050,CUS10060,2026-08-25 10:31:00,16124.54,SEPA_IN,FR,CP-2736,ONLINE
TXN100091,CUS10003,2026-08-25 10:56:00,9043.37,SEPA_IN,IT,CP-7606,API
TXN103670,CUS10105,2026-08-25 11:08:00,4747.11,SEPA_OUT,ES,CP-4582,MOBILE
TXN103375,CUS10096,2026-08-25 11:11:00,36731.17,SEPA_IN,HR,CP-1644,ONLINE
TXN102996,CUS10084,2026-08-25 11:29:00,2560.42,WIRE_OUT,JP,CP-7694,BRANCH
TXN100902,CUS10027,2026-08-25 11:31:00,21317.96,WIRE_IN,IE,CP-9779,BRANCH
TXN102853,CUS10080,2026-08-25 11:57:00,99412.89,WIRE_IN,FI,CP-3901,API
TXN103188,CUS10091,2026-08-25 12:02:00,170240.43,CASH_DEPOSIT,CH,CP-9668,BRANCH
TXN103810,CUS10109,2026-08-25 12:07:00,3762.84,CASH_WITHDRAWAL,CH,CP-6888,MOBILE
TXN105260,CUS10146,2026-08-25 12:30:00,5674.61,CASH_WITHDRAWAL,GB,CP-7767,API
TXN105866,CUS10161,2026-08-25 12:49:00,24630.7,WIRE_OUT,LU,CP-1096,ONLINE
TXN103551,CUS10101,2026-08-25 12:54:00,23773.25,CASH_DEPOSIT,AE,CP-4519,MOBILE
TXN105131,CUS10143,2026-08-25 13:06:00,81840.57,SEPA_IN,FR,CP-3970,ONLINE
TXN105395,CUS10148,2026-08-25 13:35:00,39609.86,CASH_WITHDRAWAL,JP,CP-2620,API
TXN103982,CUS10113,2026-08-25 13:38:00,40000.0,SEPA_IN,JP,CP-1408,BRANCH
TXN105198,CUS10144,2026-08-25 13:42:00,2116.93,CASH_WITHDRAWAL,PH,CP-1118,API
TXN103741,CUS10108,2026-08-25 13:42:00,31613.31,WIRE_OUT,IE,CP-7680,BRANCH
TXN103288,CUS10094,2026-08-25 13:49:00,5043.38,SEPA_OUT,IE,CP-8676,BRANCH
TXN106635,CUS10119,2026-08-25 14:00:00,903519.84,WIRE_IN,CH,CP-7179,ONLINE
TXN101076,CUS10031,2026-08-25 14:17:00,11994.35,CASH_DEPOSIT,FI,CP-8644,MOBILE
TXN100911,CUS10027,2026-08-25 14:20:00,24825.58,WIRE_IN,BG,CP-4335,MOBILE
TXN101623,CUS10048,2026-08-25 15:16:00,12207.36,WIRE_OUT,NL,CP-5562,ONLINE
TXN101298,CUS10037,2026-08-25 15:18:00,51604.83,WIRE_IN,IE,CP-8027,BRANCH
TXN101556,CUS10046,2026-08-25 15:19:00,86536.75,WIRE_OUT,HR,CP-1351,ONLINE
TXN104480,CUS10128,2026-08-25 15:23:00,16023.93,CASH_DEPOSIT,CH,CP-4680,BRANCH
TXN105636,CUS10155,2026-08-25 15:36:00,44169.47,CASH_DEPOSIT,CA,CP-1796,ONLINE
TXN105746,CUS10157,2026-08-25 15:39:00,3064.9,CASH_WITHDRAWAL,NG,CP-1113,BRANCH
TXN103782,CUS10109,2026-08-25 15:54:00,3619.01,SEPA_OUT,CH,CP-7235,API
TXN105142,CUS10143,2026-08-25 15:54:00,95278.7,WIRE_OUT,FR,CP-1212,MOBILE
TXN103969,CUS10113,2026-08-25 15:59:00,11700.5,SEPA_OUT,CH,CP-9254,API
TXN100979,CUS10028,2026-08-25 16:01:00,38278.41,WIRE_IN,MC,CP-1217,BRANCH
TXN102332,CUS10069,2026-08-25 16:01:00,2474.32,WIRE_IN,IT,CP-3244,BRANCH
TXN103003,CUS10084,2026-08-25 16:26:00,9432.11,SEPA_OUT,JP,CP-5881,ONLINE
TXN101542,CUS10046,2026-08-25 16:51:00,157387.17,CASH_DEPOSIT,LU,CP-1397,ONLINE
TXN100074,CUS10002,2026-08-25 16:58:00,1024.77,WIRE_IN,KE,CP-9488,BRANCH
TXN106618,CUS10163,2026-08-25 17:00:00,242429.51,WIRE_IN,HR,CP-8121,ONLINE
TXN104811,CUS10136,2026-08-25 17:02:00,9011.07,CASH_DEPOSIT,US,CP-5464,MOBILE
TXN102417,CUS10071,2026-08-25 17:06:00,5471.69,SEPA_OUT,US,CP-7954,BRANCH
TXN105726,CUS10157,2026-08-25 17:07:00,712.12,CASH_WITHDRAWAL,NG,CP-1959,MOBILE
TXN100802,CUS10024,2026-08-25 17:14:00,2249.86,WIRE_OUT,IE,CP-1083,MOBILE
TXN104150,CUS10117,2026-08-25 17:16:00,79402.17,CASH_DEPOSIT,JP,CP-8121,API
TXN104045,CUS10114,2026-08-25 17:23:00,14946.45,WIRE_IN,IT,CP-1624,BRANCH
TXN106159,CUS10169,2026-08-25 17:24:00,595.87,CASH_DEPOSIT,SE,CP-4213,BRANCH
TXN102908,CUS10083,2026-08-25 17:25:00,29069.55,CASH_DEPOSIT,NL,CP-8436,MOBILE
TXN100719,CUS10022,2026-08-25 17:25:00,3981.11,CASH_WITHDRAWAL,BE,CP-7271,MOBILE
TXN106454,CUS10179,2026-08-25 17:30:00,624.22,CASH_WITHDRAWAL,SG,CP-7988,API
TXN105012,CUS10140,2026-08-25 17:53:00,8392.1,SEPA_OUT,GB,CP-4496,BRANCH
TXN100385,CUS10011,2026-08-25 18:08:00,23496.92,SEPA_OUT,IE,CP-6885,BRANCH
TXN102438,CUS10071,2026-08-25 18:17:00,2937.93,CASH_DEPOSIT,US,CP-7265,MOBILE
TXN104291,CUS10121,2026-08-25 18:44:00,2953.14,WIRE_IN,AE,CP-9292,ONLINE
TXN105322,CUS10147,2026-08-26 08:07:00,49596.13,CASH_WITHDRAWAL,US,CP-3779,BRANCH
TXN103573,CUS10102,2026-08-26 08:13:00,2433.21,WIRE_IN,BG,CP-4900,MOBILE
TXN104332,CUS10122,2026-08-26 08:24:00,38104.82,CASH_WITHDRAWAL,CH,CP-5418,ONLINE
TXN102622,CUS10075,2026-08-26 08:34:00,22278.35,WIRE_IN,AT,CP-5251,ONLINE
TXN101158,CUS10033,2026-08-26 08:53:00,45693.98,CASH_DEPOSIT,PA,CP-2684,MOBILE
TXN100620,CUS10018,2026-08-26 08:59:00,44277.16,CASH_WITHDRAWAL,ES,CP-7124,BRANCH
TXN104754,CUS10135,2026-08-26 08:59:00,2716.41,SEPA_OUT,SG,CP-1019,MOBILE
TXN102678,CUS10076,2026-08-26 08:59:00,4496.92,WIRE_OUT,AU,CP-7693,API
TXN102807,CUS10080,2026-08-26 09:05:00,42794.25,WIRE_OUT,KE,CP-4697,ONLINE
TXN103520,CUS10100,2026-08-26 09:18:00,3114.8,WIRE_IN,SE,CP-6553,BRANCH
TXN105800,CUS10159,2026-08-26 09:22:00,105534.16,WIRE_IN,FI,CP-2760,BRANCH
TXN102579,CUS10074,2026-08-26 09:27:00,85067.98,CASH_DEPOSIT,CA,CP-1366,MOBILE
TXN104820,CUS10136,2026-08-26 09:47:00,36710.29,WIRE_OUT,PL,CP-9797,BRANCH
TXN105548,CUS10152,2026-08-26 10:04:00,56220.59,CASH_WITHDRAWAL,HR,CP-5118,MOBILE
TXN106403,CUS10177,2026-08-26 10:06:00,62372.1,WIRE_IN,CA,CP-4719,API
TXN103809,CUS10109,2026-08-26 10:10:00,15941.13,CASH_DEPOSIT,DK,CP-3150,ONLINE
TXN101949,CUS10058,2026-08-26 10:32:00,7997.66,SEPA_OUT,GB,CP-1497,ONLINE
TXN102033,CUS10059,2026-08-26 10:32:00,124863.95,WIRE_OUT,ES,CP-4239,API
TXN104268,CUS10120,2026-08-26 10:35:00,16991.39,SEPA_IN,PL,CP-2523,MOBILE
TXN103321,CUS10095,2026-08-26 10:36:00,1010.77,SEPA_OUT,AU,CP-8098,BRANCH
TXN101894,CUS10055,2026-08-26 10:43:00,7764.59,SEPA_IN,YE,CP-1176,ONLINE
TXN104964,CUS10139,2026-08-26 11:15:00,2465.92,CASH_WITHDRAWAL,ES,CP-1540,MOBILE
TXN103633,CUS10104,2026-08-26 11:44:00,75569.29,SEPA_OUT,SG,CP-3978,BRANCH
TXN102801,CUS10080,2026-08-26 11:50:00,718578.94,WIRE_IN,FI,CP-5613,API
TXN100352,CUS10010,2026-08-26 11:58:00,16550.08,SEPA_OUT,VN,CP-9462,API
TXN100780,CUS10023,2026-08-26 11:59:00,4803.17,WIRE_OUT,ES,CP-2637,MOBILE
TXN102779,CUS10079,2026-08-26 12:02:00,30572.7,WIRE_IN,SE,CP-8257,BRANCH
TXN104768,CUS10135,2026-08-26 12:02:00,9493.87,CASH_WITHDRAWAL,NG,CP-7002,ONLINE
TXN104115,CUS10116,2026-08-26 12:04:00,6184.98,CASH_WITHDRAWAL,TR,CP-4018,API
TXN104776,CUS10135,2026-08-26 12:16:00,4086.67,CASH_DEPOSIT,SG,CP-8155,BRANCH
TXN104029,CUS10114,2026-08-26 12:24:00,39577.35,WIRE_OUT,IT,CP-2423,API
TXN102761,CUS10079,2026-08-26 12:33:00,10947.4,WIRE_OUT,KE,CP-6527,BRANCH
TXN105973,CUS10165,2026-08-26 12:51:00,7438.86,CASH_DEPOSIT,IE,CP-9713,BRANCH
TXN103856,CUS10110,2026-08-26 12:53:00,27281.73,WIRE_IN,AU,CP-2937,API
TXN106629,CUS10163,2026-08-26 13:00:00,238702.86,WIRE_IN,HR,CP-6000,ONLINE
TXN103914,CUS10111,2026-08-26 13:37:00,6279.82,CASH_DEPOSIT,SE,CP-4308,BRANCH
TXN100955,CUS10028,2026-08-26 13:45:00,50926.88,SEPA_OUT,MC,CP-9077,ONLINE
TXN105465,CUS10150,2026-08-26 13:55:00,20482.25,CASH_DEPOSIT,PL,CP-8870,MOBILE
TXN100926,CUS10027,2026-08-26 14:00:00,13322.0,SEPA_IN,JP,CP-5929,ONLINE
TXN105654,CUS10155,2026-08-26 14:04:00,4135.42,SEPA_OUT,CA,CP-6848,MOBILE
TXN106099,CUS10168,2026-08-26 14:13:00,4691.78,SEPA_IN,NL,CP-1151,MOBILE
TXN103226,CUS10092,2026-08-26 14:14:00,10581.14,SEPA_OUT,GB,CP-1412,ONLINE
TXN100921,CUS10027,2026-08-26 14:16:00,9164.54,SEPA_OUT,FR,CP-9740,API
TXN102837,CUS10080,2026-08-26 14:25:00,306009.38,SEPA_IN,AE,CP-4089,BRANCH
TXN104421,CUS10126,2026-08-26 14:48:00,3495.3,SEPA_IN,BE,CP-6456,ONLINE
TXN100841,CUS10025,2026-08-26 14:51:00,3574.5,WIRE_OUT,IE,CP-7944,MOBILE
TXN100242,CUS10007,2026-08-26 15:00:00,124815.73,WIRE_OUT,SG,CP-3161,API
TXN105965,CUS10165,2026-08-26 15:25:00,46082.01,WIRE_IN,SE,CP-3237,BRANCH
TXN103111,CUS10088,2026-08-26 15:36:00,16610.63,SEPA_IN,CH,CP-3421,MOBILE
TXN104578,CUS10129,2026-08-26 15:48:00,1324.26,SEPA_OUT,PA,CP-6131,API
TXN101783,CUS10052,2026-08-26 15:52:00,38267.43,SEPA_IN,AT,CP-7527,ONLINE
TXN101129,CUS10032,2026-08-26 15:54:00,5420.17,SEPA_IN,AT,CP-3276,BRANCH
TXN102871,CUS10081,2026-08-26 16:04:00,6012.41,SEPA_IN,AT,CP-6332,ONLINE
TXN101622,CUS10048,2026-08-26 16:08:00,43464.19,WIRE_IN,GB,CP-2965,MOBILE
TXN100227,CUS10006,2026-08-26 16:13:00,879.65,CASH_WITHDRAWAL,NL,CP-5055,API
TXN101320,CUS10038,2026-08-26 16:24:00,8719.69,SEPA_OUT,US,CP-7567,API
TXN100019,CUS10000,2026-08-26 16:33:00,26923.67,SEPA_IN,AT,CP-7108,API
TXN103977,CUS10113,2026-08-26 16:53:00,13262.77,WIRE_IN,CH,CP-4190,MOBILE
TXN103548,CUS10101,2026-08-26 17:16:00,34246.5,SEPA_OUT,AE,CP-5328,API
TXN105756,CUS10158,2026-08-26 17:27:00,65761.75,SEPA_OUT,FI,CP-4198,ONLINE
TXN101979,CUS10058,2026-08-26 17:49:00,11540.99,CASH_DEPOSIT,GB,CP-4096,BRANCH
TXN100694,CUS10021,2026-08-26 18:07:00,3348.29,WIRE_OUT,LU,CP-5483,ONLINE
TXN102911,CUS10083,2026-08-26 18:24:00,55504.51,WIRE_IN,NL,CP-8542,API
TXN104184,CUS10119,2026-08-26 18:26:00,56817.35,CASH_WITHDRAWAL,FI,CP-1783,MOBILE
TXN103890,CUS10111,2026-08-26 18:46:00,36264.54,WIRE_IN,TR,CP-5419,API
TXN101204,CUS10034,2026-08-26 18:58:00,2166.38,CASH_WITHDRAWAL,SE,CP-3721,ONLINE
TXN100335,CUS10009,2026-08-27 08:16:00,18521.06,SEPA_IN,FI,CP-4706,API
TXN101911,CUS10056,2026-08-27 08:20:00,124162.9,CASH_WITHDRAWAL,BG,CP-5311,BRANCH
TXN102190,CUS10063,2026-08-27 08:24:00,1160.23,SEPA_IN,VN,CP-7241,ONLINE
TXN103330,CUS10095,2026-08-27 08:32:00,4327.48,SEPA_IN,SG,CP-1045,MOBILE
TXN103306,CUS10094,2026-08-27 08:47:00,12754.3,CASH_DEPOSIT,IE,CP-8591,MOBILE
TXN102739,CUS10078,2026-08-27 08:51:00,8250.69,SEPA_IN,IT,CP-7003,API
TXN106265,CUS10172,2026-08-27 09:15:00,2329.59,CASH_WITHDRAWAL,ES,CP-9769,API
TXN102593,CUS10075,2026-08-27 09:15:00,21823.17,CASH_WITHDRAWAL,AT,CP-4755,API
TXN104909,CUS10138,2026-08-27 09:17:00,10780.36,SEPA_IN,ES,CP-5467,API
TXN100434,CUS10013,2026-08-27 09:39:00,13859.93,CASH_DEPOSIT,VN,CP-4675,MOBILE
TXN101953,CUS10058,2026-08-27 09:42:00,4939.43,SEPA_IN,GB,CP-5034,API
TXN102253,CUS10066,2026-08-27 10:09:00,41265.64,SEPA_IN,AT,CP-6451,API
TXN100478,CUS10014,2026-08-27 10:11:00,800000.0,CASH_DEPOSIT,NL,CP-3395,MOBILE
TXN102196,CUS10063,2026-08-27 10:18:00,5858.1,SEPA_OUT,VN,CP-5563,BRANCH
TXN101379,CUS10041,2026-08-27 10:21:00,35911.99,CASH_DEPOSIT,IT,CP-8059,ONLINE
TXN103296,CUS10094,2026-08-27 10:35:00,31860.85,SEPA_IN,IE,CP-1748,MOBILE
TXN103672,CUS10105,2026-08-27 10:38:00,834.9,WIRE_OUT,AE,CP-8195,BRANCH
TXN104514,CUS10128,2026-08-27 10:40:00,36138.8,WIRE_OUT,BE,CP-6762,MOBILE
TXN100439,CUS10013,2026-08-27 10:43:00,3985.56,WIRE_OUT,JP,CP-9418,ONLINE
TXN102350,CUS10069,2026-08-27 10:53:00,19457.11,CASH_WITHDRAWAL,FI,CP-4532,MOBILE
TXN101834,CUS10053,2026-08-27 11:11:00,51054.76,WIRE_OUT,CH,CP-8549,API
TXN103037,CUS10085,2026-08-27 11:19:00,47754.46,CASH_DEPOSIT,PH,CP-3662,API
TXN103644,CUS10104,2026-08-27 11:29:00,21778.01,SEPA_IN,SG,CP-2061,API
TXN100031,CUS10000,2026-08-27 11:34:00,366746.61,SEPA_OUT,AT,CP-4178,API
TXN105362,CUS10148,2026-08-27 11:36:00,21890.68,WIRE_OUT,NG,CP-3251,BRANCH
TXN101331,CUS10039,2026-08-27 11:46:00,5523.32,SEPA_IN,MC,CP-3430,MOBILE
TXN104455,CUS10127,2026-08-27 11:48:00,26246.61,CASH_WITHDRAWAL,SG,CP-8554,MOBILE
TXN103684,CUS10106,2026-08-27 12:01:00,67503.35,WIRE_OUT,IT,CP-3054,MOBILE
TXN104471,CUS10127,2026-08-27 12:10:00,58183.85,CASH_DEPOSIT,AT,CP-4970,API
TXN100287,CUS10008,2026-08-27 12:14:00,133420.05,WIRE_OUT,ES,CP-3230,ONLINE
TXN102268,CUS10067,2026-08-27 12:19:00,55673.53,WIRE_IN,ZA,CP-4759,API
TXN104787,CUS10135,2026-08-27 12:24:00,2475.86,WIRE_OUT,SG,CP-5061,MOBILE
TXN104204,CUS10119,2026-08-27 12:25:00,91037.99,SEPA_IN,FI,CP-6020,MOBILE
TXN104633,CUS10132,2026-08-27 12:43:00,162887.54,WIRE_IN,FR,CP-8855,BRANCH
TXN105683,CUS10156,2026-08-27 13:09:00,86583.47,SEPA_OUT,NL,CP-5457,API
TXN105378,CUS10148,2026-08-27 13:13:00,33904.33,CASH_DEPOSIT,JP,CP-2270,ONLINE
TXN104570,CUS10129,2026-08-27 13:14:00,1292.84,CASH_WITHDRAWAL,TR,CP-1745,API
TXN103208,CUS10091,2026-08-27 13:24:00,171257.37,CASH_DEPOSIT,PL,CP-5102,API
TXN100205,CUS10006,2026-08-27 13:25:00,983.84,CASH_WITHDRAWAL,CA,CP-9199,BRANCH
TXN104693,CUS10133,2026-08-27 13:36:00,3175.57,SEPA_OUT,SG,CP-1507,API
TXN103794,CUS10109,2026-08-27 13:42:00,8386.03,SEPA_IN,ES,CP-6964,API
TXN103053,CUS10086,2026-08-27 13:58:00,1112.9,WIRE_IN,CA,CP-4487,ONLINE
TXN104931,CUS10138,2026-08-27 14:04:00,3609.43,WIRE_OUT,ZA,CP-1670,API
TXN102589,CUS10074,2026-08-27 14:17:00,19801.04,SEPA_OUT,LU,CP-3652,MOBILE
TXN102486,CUS10072,2026-08-27 14:30:00,30569.32,CASH_WITHDRAWAL,ES,CP-4059,ONLINE
TXN103021,CUS10085,2026-08-27 14:34:00,28765.37,WIRE_OUT,PH,CP-8493,MOBILE
TXN104791,CUS10135,2026-08-27 14:39:00,3025.92,CASH_WITHDRAWAL,DK,CP-8454,MOBILE
TXN102597,CUS10075,2026-08-27 14:45:00,24669.83,SEPA_IN,AT,CP-9129,ONLINE
TXN103454,CUS10099,2026-08-27 14:52:00,199.97,WIRE_IN,TR,CP-5094,MOBILE
TXN104205,CUS10119,2026-08-27 14:59:00,50491.07,CASH_WITHDRAWAL,FI,CP-7690,MOBILE
TXN102688,CUS10077,2026-08-27 15:57:00,3816.75,WIRE_OUT,PH,CP-4979,API
TXN106587,CUS10120,2026-08-27 16:00:00,250000.0,WIRE_OUT,KP,CP-6983,ONLINE
TXN102723,CUS10078,2026-08-27 16:20:00,13632.37,CASH_DEPOSIT,IT,CP-5405,MOBILE
TXN103889,CUS10111,2026-08-27 16:43:00,41109.69,WIRE_OUT,MC,CP-4981,BRANCH
TXN100040,CUS10001,2026-08-27 17:00:00,7522.43,SEPA_IN,DE,CP-4533,BRANCH
TXN104960,CUS10139,2026-08-27 17:17:00,3228.82,CASH_DEPOSIT,ES,CP-6734,ONLINE
TXN103853,CUS10110,2026-08-27 17:39:00,34367.91,WIRE_OUT,BE,CP-1007,API
TXN101213,CUS10034,2026-08-27 17:43:00,4262.73,SEPA_OUT,SE,CP-9436,MOBILE
TXN104675,CUS10133,2026-08-27 17:51:00,964.49,WIRE_IN,SG,CP-6004,API
TXN103542,CUS10101,2026-08-27 18:09:00,168406.76,SEPA_OUT,HR,CP-1262,BRANCH
TXN105231,CUS10145,2026-08-27 18:31:00,6246.63,SEPA_IN,CH,CP-3947,API
TXN101316,CUS10038,2026-08-27 18:45:00,3554.35,SEPA_OUT,US,CP-2109,MOBILE
TXN102526,CUS10073,2026-08-27 18:50:00,116620.4,SEPA_IN,SG,CP-7771,BRANCH
TXN101855,CUS10054,2026-08-28 08:00:00,2436.64,SEPA_OUT,DE,CP-7558,ONLINE
TXN100481,CUS10014,2026-08-28 08:02:00,38799.85,WIRE_IN,US,CP-9542,API
TXN104843,CUS10136,2026-08-28 08:08:00,37202.75,SEPA_OUT,PL,CP-9044,BRANCH
TXN103405,CUS10097,2026-08-28 08:25:00,549.54,WIRE_IN,DK,CP-9883,MOBILE
TXN104161,CUS10118,2026-08-28 08:26:00,30582.13,SEPA_OUT,ES,CP-1364,MOBILE
TXN106625,CUS10163,2026-08-28 09:00:00,275561.66,WIRE_OUT,AE,CP-4991,ONLINE
TXN103221,CUS10092,2026-08-28 09:01:00,38189.11,CASH_WITHDRAWAL,KP,CP-3879,BRANCH
TXN101002,CUS10029,2026-08-28 09:06:00,2185.13,WIRE_IN,PL,CP-1687,ONLINE
TXN100193,CUS10005,2026-08-28 09:08:00,769.03,SEPA_OUT,FI,CP-6443,MOBILE
TXN105916,CUS10162,2026-08-28 09:08:00,157768.57,SEPA_OUT,PL,CP-6402,BRANCH
TXN101025,CUS10029,2026-08-28 09:09:00,2953.61,SEPA_OUT,NL,CP-2342,ONLINE
TXN100655,CUS10019,2026-08-28 09:16:00,43688.12,CASH_WITHDRAWAL,BE,CP-3686,ONLINE
TXN105299,CUS10146,2026-08-28 09:18:00,2603.9,WIRE_OUT,AT,CP-1716,API
TXN100574,CUS10016,2026-08-28 09:33:00,16180.2,WIRE_OUT,NL,CP-8746,MOBILE
TXN103550,CUS10101,2026-08-28 09:36:00,54471.9,CASH_WITHDRAWAL,LU,CP-9596,MOBILE
TXN102967,CUS10083,2026-08-28 10:10:00,26401.49,WIRE_OUT,NL,CP-5795,ONLINE
TXN106479,CUS10179,2026-08-28 10:14:00,2637.27,CASH_WITHDRAWAL,SG,CP-2630,MOBILE
TXN101473,CUS10043,2026-08-28 10:17:00,84318.32,CASH_WITHDRAWAL,BE,CP-9698,MOBILE
TXN103833,CUS10110,2026-08-28 10:19:00,26694.8,SEPA_IN,AU,CP-6603,BRANCH
TXN103441,CUS10098,2026-08-28 10:25:00,1274.65,WIRE_OUT,PA,CP-7793,BRANCH
TXN102361,CUS10070,2026-08-28 10:43:00,7059.81,SEPA_IN,DK,CP-1490,ONLINE
TXN101357,CUS10041,2026-08-28 10:53:00,11401.06,SEPA_OUT,BG,CP-4973,BRANCH
TXN102846,CUS10080,2026-08-28 10:56:00,52026.6,WIRE_IN,FI,CP-6974,BRANCH
TXN102839,CUS10080,2026-08-28 11:08:00,73377.14,WIRE_OUT,JP,CP-8108,ONLINE
TXN103825,CUS10109,2026-08-28 11:14:00,21277.24,SEPA_IN,CH,CP-7082,MOBILE
TXN100647,CUS10019,2026-08-28 11:27:00,39895.58,WIRE_IN,BE,CP-7232,API
TXN103196,CUS10091,2026-08-28 11:37:00,147380.58,WIRE_IN,CH,CP-1055,ONLINE
TXN103186,CUS10091,2026-08-28 12:01:00,31989.82,WIRE_OUT,CH,CP-8181,ONLINE
TXN103173,CUS10090,2026-08-28 12:19:00,15503.81,WIRE_IN,JP,CP-3370,BRANCH
TXN103269,CUS10093,2026-08-28 12:25:00,13977.59,WIRE_IN,SE,CP-7372,MOBILE
TXN100824,CUS10024,2026-08-28 12:36:00,1458.73,SEPA_IN,CA,CP-3813,API
TXN100702,CUS10021,2026-08-28 12:43:00,1185.89,SEPA_OUT,LU,CP-8709,BRANCH
TXN103815,CUS10109,2026-08-28 12:46:00,1985.32,CASH_DEPOSIT,BE,CP-1596,BRANCH
TXN106063,CUS10168,2026-08-28 13:17:00,56296.8,WIRE_OUT,NL,CP-8365,MOBILE
TXN104804,CUS10136,2026-08-28 13:26:00,33767.68,WIRE_IN,PL,CP-2722,BRANCH
TXN103626,CUS10104,2026-08-28 13:39:00,21375.45,WIRE_IN,SG,CP-6058,ONLINE
TXN105811,CUS10159,2026-08-28 13:42:00,264119.74,SEPA_OUT,FI,CP-4495,MOBILE
TXN104226,CUS10120,2026-08-28 13:48:00,185815.77,WIRE_OUT,PL,CP-9815,BRANCH
TXN102802,CUS10080,2026-08-28 13:48:00,110243.18,CASH_DEPOSIT,IE,CP-9897,MOBILE
TXN101724,CUS10050,2026-08-28 14:10:00,39428.85,CASH_WITHDRAWAL,NG,CP-3416,BRANCH
TXN106081,CUS10168,2026-08-28 14:13:00,10766.47,SEPA_IN,NL,CP-7036,MOBILE
TXN105977,CUS10165,2026-08-28 14:18:00,68591.69,SEPA_OUT,IE,CP-1607,API
TXN103936,CUS10112,2026-08-28 14:18:00,113216.89,CASH_DEPOSIT,LU,CP-7187,BRANCH
TXN101088,CUS10031,2026-08-28 14:29:00,33867.9,CASH_DEPOSIT,HR,CP-2659,API
TXN105067,CUS10141,2026-08-28 14:48:00,150771.3,WIRE_IN,SE,CP-6658,BRANCH
TXN104085,CUS10115,2026-08-28 14:49:00,3482.19,SEPA_IN,US,CP-3852,ONLINE
TXN103632,CUS10104,2026-08-28 14:53:00,34498.83,CASH_DEPOSIT,SG,CP-4437,ONLINE
TXN105116,CUS10142,2026-08-28 14:58:00,317837.35,WIRE_OUT,PL,CP-9045,API
TXN102827,CUS10080,2026-08-28 15:22:00,79300.58,CASH_DEPOSIT,FI,CP-2572,BRANCH
TXN104306,CUS10121,2026-08-28 15:23:00,2517.07,WIRE_OUT,AE,CP-5543,API
TXN105848,CUS10160,2026-08-28 15:29:00,3987.25,SEPA_OUT,KP,CP-6604,MOBILE
TXN104124,CUS10116,2026-08-28 15:40:00,10659.0,SEPA_IN,ES,CP-2522,MOBILE
TXN105481,CUS10151,2026-08-28 15:44:00,11950.27,CASH_DEPOSIT,ZA,CP-9815,BRANCH
TXN102473,CUS10072,2026-08-28 15:44:00,13802.72,SEPA_OUT,ES,CP-4865,MOBILE
TXN104390,CUS10125,2026-08-28 15:55:00,6290.39,WIRE_IN,IE,CP-1153,MOBILE
TXN106065,CUS10168,2026-08-28 16:04:00,6698.72,SEPA_IN,NL,CP-7379,API
TXN100271,CUS10007,2026-08-28 16:23:00,26420.99,CASH_DEPOSIT,AT,CP-3734,API
TXN103033,CUS10085,2026-08-28 16:44:00,18989.12,CASH_DEPOSIT,PH,CP-7864,BRANCH
TXN101009,CUS10029,2026-08-28 16:50:00,1357.68,WIRE_IN,NL,CP-8251,BRANCH
TXN102181,CUS10063,2026-08-28 17:10:00,3130.4,WIRE_OUT,BG,CP-5578,ONLINE
TXN100217,CUS10006,2026-08-28 17:11:00,1723.77,SEPA_IN,TR,CP-2388,BRANCH
TXN103939,CUS10112,2026-08-28 17:12:00,22457.99,WIRE_OUT,IT,CP-2445,ONLINE
TXN105825,CUS10159,2026-08-28 17:21:00,21829.74,SEPA_OUT,FI,CP-7837,API
TXN101931,CUS10057,2026-08-28 17:28:00,12399.09,SEPA_OUT,LU,CP-2059,BRANCH
TXN104267,CUS10120,2026-08-28 17:46:00,8442.48,SEPA_IN,PL,CP-4823,API
TXN101498,CUS10045,2026-08-28 17:50:00,189066.47,WIRE_IN,GB,CP-1136,MOBILE
TXN105828,CUS10159,2026-08-28 17:54:00,94757.42,WIRE_IN,FI,CP-9057,API
TXN106014,CUS10166,2026-08-28 17:58:00,122247.92,SEPA_OUT,MC,CP-3494,BRANCH
TXN100724,CUS10022,2026-08-28 17:59:00,4776.98,WIRE_OUT,BE,CP-8444,MOBILE
TXN104829,CUS10136,2026-08-28 18:02:00,17978.97,WIRE_IN,PL,CP-7808,MOBILE
TXN101335,CUS10039,2026-08-28 18:25:00,1590.9,CASH_DEPOSIT,MC,CP-3249,ONLINE
TXN105066,CUS10141,2026-08-28 18:28:00,42726.45,SEPA_IN,IT,CP-4121,API
TXN100422,CUS10013,2026-08-28 18:37:00,3414.21,SEPA_OUT,BE,CP-1071,ONLINE
TXN105467,CUS10151,2026-08-28 18:40:00,10173.62,SEPA_IN,FR,CP-9301,MOBILE
TXN103734,CUS10108,2026-08-28 18:42:00,39294.9,WIRE_OUT,IE,CP-5533,API
TXN100238,CUS10006,2026-08-28 18:42:00,1226.96,WIRE_IN,CA,CP-9756,MOBILE
TXN104344,CUS10123,2026-08-28 18:46:00,2469.46,SEPA_IN,VN,CP-8159,API
TXN105292,CUS10146,2026-08-28 18:49:00,629.42,CASH_DEPOSIT,GB,CP-7658,API
TXN106600,CUS10115,2026-08-29 07:00:00,46389.93,WIRE_OUT,AU,CP-9852,ONLINE
TXN101151,CUS10032,2026-08-29 08:04:00,744.09,CASH_WITHDRAWAL,AT,CP-8567,MOBILE
TXN105855,CUS10161,2026-08-29 08:09:00,9886.1,WIRE_IN,LU,CP-8080,BRANCH
TXN105280,CUS10146,2026-08-29 08:23:00,1247.45,SEPA_IN,GB,CP-8117,API
TXN102091,CUS10061,2026-08-29 08:41:00,26494.41,CASH_DEPOSIT,PL,CP-5134,BRANCH
TXN104800,CUS10135,2026-08-29 08:42:00,6250.94,CASH_DEPOSIT,SG,CP-5134,ONLINE
TXN104407,CUS10126,2026-08-29 08:48:00,6124.57,CASH_DEPOSIT,FI,CP-7656,BRANCH
TXN103105,CUS10088,2026-08-29 08:59:00,27818.13,CASH_DEPOSIT,CH,CP-9669,API
TXN104518,CUS10128,2026-08-29 09:16:00,55057.32,SEPA_IN,BE,CP-1578,MOBILE
TXN103082,CUS10087,2026-08-29 09:22:00,17273.83,CASH_WITHDRAWAL,NG,CP-8527,BRANCH
TXN100873,CUS10026,2026-08-29 09:33:00,4643.74,SEPA_IN,FR,CP-5723,ONLINE
TXN101806,CUS10052,2026-08-29 09:34:00,25796.93,SEPA_IN,FR,CP-2196,BRANCH
TXN103234,CUS10092,2026-08-29 09:42:00,7479.68,WIRE_IN,KP,CP-4402,API
TXN104628,CUS10132,2026-08-29 10:07:00,200277.63,CASH_WITHDRAWAL,FR,CP-7501,MOBILE
TXN102215,CUS10064,2026-08-29 10:26:00,25771.18,WIRE_OUT,AT,CP-2659,API
TXN105405,CUS10149,2026-08-29 10:51:00,2093.81,WIRE_OUT,CA,CP-7317,MOBILE
TXN100808,CUS10024,2026-08-29 10:55:00,5689.23,WIRE_OUT,CA,CP-7068,MOBILE
TXN105272,CUS10146,2026-08-29 11:14:00,797.87,CASH_DEPOSIT,GB,CP-5421,ONLINE
TXN100886,CUS10026,2026-08-29 11:18:00,13295.24,SEPA_OUT,FR,CP-9270,API
TXN103618,CUS10104,2026-08-29 11:22:00,108365.71,CASH_WITHDRAWAL,JP,CP-9063,API
TXN104549,CUS10129,2026-08-29 11:29:00,1731.72,SEPA_IN,AU,CP-1680,BRANCH
TXN102205,CUS10064,2026-08-29 11:29:00,30401.12,WIRE_IN,SE,CP-5066,BRANCH
TXN103624,CUS10104,2026-08-29 11:54:00,190169.36,WIRE_IN,SG,CP-4725,ONLINE
TXN104375,CUS10124,2026-08-29 12:11:00,13972.18,SEPA_IN,SG,CP-5040,ONLINE
TXN103980,CUS10113,2026-08-29 12:37:00,12393.43,SEPA_IN,CH,CP-9772,ONLINE
TXN101511,CUS10045,2026-08-29 13:27:00,71373.1,SEPA_OUT,CH,CP-8557,ONLINE
TXN102110,CUS10061,2026-08-29 13:49:00,13480.75,CASH_WITHDRAWAL,PL,CP-9102,MOBILE
TXN105790,CUS10158,2026-08-29 13:51:00,11350.55,SEPA_IN,AT,CP-2233,BRANCH
TXN104700,CUS10133,2026-08-29 14:06:00,941.46,CASH_WITHDRAWAL,AE,CP-4167,API
TXN104676,CUS10133,2026-08-29 14:09:00,3626.2,SEPA_IN,SG,CP-6327,ONLINE
TXN104186,CUS10119,2026-08-29 14:11:00,545721.77,WIRE_OUT,FI,CP-7359,BRANCH
TXN106283,CUS10173,2026-08-29 14:15:00,94145.37,SEPA_OUT,CH,CP-8465,BRANCH
TXN104616,CUS10132,2026-08-29 14:17:00,208444.06,WIRE_OUT,FR,CP-3414,BRANCH
TXN100742,CUS10022,2026-08-29 14:30:00,2527.58,CASH_WITHDRAWAL,BE,CP-9724,BRANCH
TXN104864,CUS10137,2026-08-29 14:34:00,19606.42,WIRE_OUT,AU,CP-9086,BRANCH
TXN102927,CUS10083,2026-08-29 14:43:00,49475.22,SEPA_IN,NL,CP-4846,ONLINE
TXN105723,CUS10157,2026-08-29 14:55:00,2570.36,WIRE_OUT,NG,CP-3853,API
TXN102961,CUS10083,2026-08-29 15:04:00,25606.08,WIRE_IN,NL,CP-8008,MOBILE
TXN101390,CUS10042,2026-08-29 15:41:00,6020.04,SEPA_OUT,YE,CP-2787,ONLINE
TXN103388,CUS10097,2026-08-29 15:42:00,8301.41,SEPA_IN,DK,CP-8808,MOBILE
TXN100729,CUS10022,2026-08-29 16:05:00,2235.52,CASH_DEPOSIT,BE,CP-2449,BRANCH
TXN104930,CUS10138,2026-08-29 16:06:00,50088.53,CASH_WITHDRAWAL,ZA,CP-5650,API
TXN102682,CUS10076,2026-08-29 16:22:00,3201.3,WIRE_OUT,PA,CP-7037,API
TXN103635,CUS10104,2026-08-29 16:32:00,51581.14,WIRE_OUT,SG,CP-7250,API
TXN100476,CUS10014,2026-08-29 16:32:00,132170.69,SEPA_IN,NL,CP-9227,ONLINE
TXN103818,CUS10109,2026-08-29 16:37:00,6062.48,WIRE_OUT,AE,CP-2594,BRANCH
TXN103363,CUS10096,2026-08-29 16:42:00,28176.57,SEPA_OUT,HR,CP-5504,ONLINE
TXN105096,CUS10142,2026-08-29 16:43:00,169723.68,WIRE_OUT,PL,CP-1413,API
TXN103855,CUS10110,2026-08-29 16:49:00,73833.26,SEPA_IN,AU,CP-7174,API
TXN100556,CUS10016,2026-08-29 16:59:00,5641.66,SEPA_OUT,NL,CP-3213,BRANCH
TXN100701,CUS10021,2026-08-29 17:08:00,4821.94,CASH_WITHDRAWAL,LU,CP-8672,ONLINE
TXN101714,CUS10050,2026-08-29 17:20:00,54303.36,SEPA_OUT,NG,CP-1554,API
TXN102609,CUS10075,2026-08-29 17:28:00,57769.12,SEPA_OUT,AT,CP-7262,API
TXN104751,CUS10134,2026-08-29 17:33:00,6788.56,WIRE_IN,FR,CP-3854,API
TXN102167,CUS10063,2026-08-29 17:33:00,1523.57,CASH_WITHDRAWAL,VN,CP-5775,BRANCH
TXN100016,CUS10000,2026-08-29 17:35:00,37061.69,WIRE_IN,VN,CP-8368,BRANCH
TXN103462,CUS10099,2026-08-29 17:49:00,2361.56,CASH_DEPOSIT,BE,CP-7680,API
TXN101448,CUS10043,2026-08-29 17:50:00,224410.08,WIRE_OUT,BE,CP-2085,MOBILE
TXN101286,CUS10036,2026-08-29 17:54:00,9590.16,SEPA_IN,HR,CP-1096,MOBILE
TXN100594,CUS10017,2026-08-29 18:03:00,191116.0,CASH_WITHDRAWAL,KE,CP-7814,API
TXN103911,CUS10111,2026-08-29 18:06:00,24813.34,CASH_DEPOSIT,SE,CP-9636,BRANCH
TXN102563,CUS10074,2026-08-29 18:08:00,25555.72,CASH_DEPOSIT,CA,CP-2462,ONLINE
TXN105670,CUS10156,2026-08-29 18:09:00,614482.67,SEPA_OUT,NL,CP-7520,BRANCH
TXN100073,CUS10002,2026-08-29 18:33:00,29136.11,CASH_DEPOSIT,FI,CP-3981,BRANCH
TXN100787,CUS10024,2026-08-29 18:42:00,3008.11,WIRE_IN,CA,CP-4173,ONLINE
TXN106601,CUS10115,2026-08-29 20:00:00,37496.02,WIRE_OUT,LU,CP-6017,ONLINE
TXN106608,CUS10115,2026-08-29 21:00:00,48829.45,WIRE_IN,MC,CP-3882,ONLINE
TXN106603,CUS10115,2026-08-30 01:00:00,68420.22,WIRE_OUT,AU,CP-2681,ONLINE
TXN104430,CUS10126,2026-08-30 08:01:00,2004.38,CASH_WITHDRAWAL,FI,CP-1677,BRANCH
TXN103501,CUS10099,2026-08-30 08:03:00,1261.27,CASH_DEPOSIT,BE,CP-5027,ONLINE
TXN106430,CUS10178,2026-08-30 08:12:00,12599.01,WIRE_IN,BG,CP-2487,MOBILE
TXN103844,CUS10110,2026-08-30 08:25:00,301832.83,WIRE_OUT,AU,CP-6815,ONLINE
TXN104072,CUS10114,2026-08-30 08:29:00,6089.02,WIRE_OUT,IT,CP-5407,API
TXN105000,CUS10140,2026-08-30 08:32:00,5937.31,WIRE_IN,GB,CP-1877,BRANCH
TXN100047,CUS10001,2026-08-30 08:40:00,9706.68,SEPA_IN,KE,CP-5155,ONLINE
TXN101031,CUS10029,2026-08-30 08:47:00,548.32,CASH_DEPOSIT,NL,CP-7051,ONLINE
TXN100986,CUS10029,2026-08-30 08:55:00,6935.74,WIRE_OUT,NL,CP-4298,API
TXN103744,CUS10108,2026-08-30 09:10:00,9397.42,CASH_WITHDRAWAL,IE,CP-7854,BRANCH
TXN104863,CUS10137,2026-08-30 09:12:00,7071.76,CASH_WITHDRAWAL,AU,CP-8084,BRANCH
TXN101416,CUS10042,2026-08-30 09:22:00,4361.11,SEPA_OUT,BG,CP-7765,MOBILE
TXN101999,CUS10059,2026-08-30 09:34:00,45921.18,SEPA_IN,ES,CP-7752,ONLINE
TXN103414,CUS10098,2026-08-30 09:35:00,1341.62,CASH_WITHDRAWAL,IT,CP-4004,MOBILE
TXN100865,CUS10025,2026-08-30 09:58:00,1527.77,WIRE_IN,IE,CP-5942,ONLINE
TXN102100,CUS10061,2026-08-30 10:00:00,28153.79,CASH_WITHDRAWAL,PL,CP-4847,MOBILE
TXN100669,CUS10020,2026-08-30 10:07:00,19954.79,SEPA_IN,DE,CP-6393,MOBILE
TXN101629,CUS10048,2026-08-30 10:31:00,41213.8,SEPA_OUT,VN,CP-5630,BRANCH
TXN101394,CUS10042,2026-08-30 10:40:00,3110.74,CASH_DEPOSIT,YE,CP-1513,MOBILE
TXN100361,CUS10010,2026-08-30 10:41:00,28401.86,WIRE_IN,US,CP-4666,API
TXN103260,CUS10092,2026-08-30 10:49:00,17219.9,WIRE_IN,KP,CP-4714,MOBILE
TXN103752,CUS10108,2026-08-30 10:49:00,56759.8,WIRE_IN,DE,CP-5487,MOBILE
TXN106212,CUS10171,2026-08-30 10:50:00,28458.88,CASH_WITHDRAWAL,BG,CP-2476,MOBILE
TXN102204,CUS10064,2026-08-30 10:54:00,9693.01,CASH_DEPOSIT,SE,CP-7016,API
TXN101830,CUS10053,2026-08-30 10:56:00,146851.25,SEPA_IN,CH,CP-7779,BRANCH
TXN102923,CUS10083,2026-08-30 11:02:00,39581.07,SEPA_OUT,NL,CP-5462,MOBILE
TXN104689,CUS10133,2026-08-30 11:31:00,1415.72,CASH_DEPOSIT,SG,CP-5869,API
TXN101314,CUS10038,2026-08-30 11:34:00,8402.64,WIRE_IN,US,CP-3094,BRANCH
TXN103283,CUS10094,2026-08-30 11:35:00,16800.83,CASH_WITHDRAWAL,IE,CP-2821,BRANCH
TXN104269,CUS10120,2026-08-30 11:40:00,87639.29,CASH_DEPOSIT,PL,CP-6429,BRANCH
TXN102304,CUS10068,2026-08-30 11:46:00,205662.29,WIRE_OUT,AU,CP-9350,BRANCH
TXN103080,CUS10087,2026-08-30 11:48:00,217733.96,WIRE_OUT,NG,CP-6842,BRANCH
TXN105976,CUS10165,2026-08-30 11:50:00,156389.42,SEPA_IN,IE,CP-2221,API
TXN106021,CUS10167,2026-08-30 11:54:00,28672.45,WIRE_IN,BG,CP-8054,API
TXN104487,CUS10128,2026-08-30 12:01:00,26242.1,CASH_DEPOSIT,BE,CP-7132,BRANCH
TXN106428,CUS10178,2026-08-30 12:05:00,61485.09,WIRE_IN,BG,CP-7715,MOBILE
TXN100833,CUS10024,2026-08-30 12:48:00,1127.19,CASH_WITHDRAWAL,IE,CP-3409,MOBILE
TXN104924,CUS10138,2026-08-30 13:10:00,29798.84,WIRE_IN,ZA,CP-2839,MOBILE
TXN104792,CUS10135,2026-08-30 13:18:00,3801.53,CASH_DEPOSIT,SG,CP-5226,MOBILE
TXN101716,CUS10050,2026-08-30 13:21:00,108682.73,WIRE_IN,NG,CP-4065,API
TXN100525,CUS10015,2026-08-30 13:22:00,9833.51,CASH_DEPOSIT,PL,CP-5408,BRANCH
TXN104030,CUS10114,2026-08-30 13:27:00,41526.55,CASH_WITHDRAWAL,IT,CP-3732,MOBILE
TXN104007,CUS10113,2026-08-30 13:33:00,2517.35,CASH_DEPOSIT,CH,CP-5763,BRANCH
TXN102991,CUS10084,2026-08-30 13:50:00,3372.53,SEPA_IN,JP,CP-3516,ONLINE
TXN106439,CUS10178,2026-08-30 13:56:00,31779.64,SEPA_OUT,BG,CP-8151,BRANCH
TXN102346,CUS10069,2026-08-30 14:00:00,5681.38,WIRE_IN,IT,CP-9733,BRANCH
TXN102389,CUS10070,2026-08-30 14:19:00,47691.53,SEPA_IN,DK,CP-5761,ONLINE
TXN101290,CUS10036,2026-08-30 14:23:00,56858.42,SEPA_OUT,HR,CP-3984,API
TXN105099,CUS10142,2026-08-30 14:24:00,87997.33,WIRE_IN,TR,CP-9720,BRANCH
TXN104191,CUS10119,2026-08-30 14:29:00,102892.97,SEPA_OUT,FI,CP-5610,ONLINE
TXN102012,CUS10059,2026-08-30 14:30:00,45039.27,WIRE_IN,ES,CP-6937,MOBILE
TXN101977,CUS10058,2026-08-30 15:06:00,17783.74,WIRE_IN,GB,CP-7358,BRANCH
TXN101526,CUS10045,2026-08-30 15:18:00,376349.29,WIRE_IN,CH,CP-9076,API
TXN101867,CUS10054,2026-08-30 15:26:00,10262.34,SEPA_OUT,FI,CP-3202,ONLINE
TXN103928,CUS10112,2026-08-30 15:29:00,16219.37,WIRE_IN,MC,CP-2980,API
TXN104525,CUS10128,2026-08-30 15:30:00,104077.51,CASH_WITHDRAWAL,DE,CP-4277,ONLINE
TXN103693,CUS10106,2026-08-30 15:39:00,97085.89,WIRE_OUT,IT,CP-5987,API
TXN101760,CUS10051,2026-08-30 16:00:00,77364.34,SEPA_IN,AE,CP-6674,MOBILE
TXN100552,CUS10016,2026-08-30 16:03:00,21210.35,SEPA_OUT,NL,CP-9584,ONLINE
TXN102509,CUS10073,2026-08-30 16:06:00,28930.09,SEPA_OUT,SG,CP-8329,API
TXN102108,CUS10061,2026-08-30 16:10:00,16017.14,SEPA_IN,PL,CP-9859,BRANCH
TXN105396,CUS10148,2026-08-30 16:10:00,25235.61,CASH_WITHDRAWAL,JP,CP-6393,BRANCH
TXN102696,CUS10077,2026-08-30 16:18:00,4949.98,WIRE_IN,SY,CP-7962,API
TXN105114,CUS10142,2026-08-30 16:25:00,74851.37,CASH_WITHDRAWAL,PL,CP-3143,ONLINE
TXN104945,CUS10138,2026-08-30 16:35:00,47875.49,WIRE_OUT,PA,CP-6580,BRANCH
TXN104171,CUS10118,2026-08-30 16:37:00,18321.03,SEPA_IN,ES,CP-8302,ONLINE
TXN100817,CUS10024,2026-08-30 16:43:00,4244.71,SEPA_IN,HR,CP-8405,API
TXN105990,CUS10165,2026-08-30 16:48:00,64066.14,CASH_WITHDRAWAL,IE,CP-4037,MOBILE
TXN105553,CUS10152,2026-08-30 17:13:00,138905.01,SEPA_OUT,AU,CP-4731,ONLINE
TXN104121,CUS10116,2026-08-30 17:25:00,7466.41,CASH_WITHDRAWAL,JP,CP-6532,ONLINE
TXN103013,CUS10085,2026-08-30 17:28:00,13626.37,SEPA_OUT,PH,CP-5549,ONLINE
TXN102699,CUS10077,2026-08-30 17:39:00,6032.22,CASH_WITHDRAWAL,SY,CP-2755,ONLINE
TXN104461,CUS10127,2026-08-30 17:55:00,91473.01,WIRE_IN,AT,CP-1500,ONLINE
TXN101728,CUS10050,2026-08-30 18:24:00,111796.3,WIRE_OUT,TR,CP-2569,MOBILE
TXN106349,CUS10175,2026-08-30 18:26:00,2340.44,SEPA_OUT,GB,CP-5609,ONLINE
TXN101126,CUS10032,2026-08-30 18:32:00,5308.05,WIRE_OUT,MC,CP-7512,BRANCH
TXN100730,CUS10022,2026-08-30 18:47:00,4873.4,CASH_WITHDRAWAL,BE,CP-2279,API
TXN106398,CUS10177,2026-08-30 18:53:00,84247.11,CASH_WITHDRAWAL,IT,CP-5417,MOBILE
TXN106612,CUS10115,2026-08-31 06:00:00,38630.36,WIRE_OUT,SE,CP-1301,ONLINE
TXN104417,CUS10126,2026-08-31 08:02:00,1751.75,SEPA_IN,ZA,CP-5158,API
TXN104397,CUS10125,2026-08-31 08:29:00,1926.6,CASH_DEPOSIT,IE,CP-6896,API
TXN105039,CUS10140,2026-08-31 08:34:00,11322.57,SEPA_IN,GB,CP-3418,BRANCH
TXN102918,CUS10083,2026-08-31 08:45:00,45067.23,WIRE_OUT,NL,CP-7895,MOBILE
TXN101185,CUS10033,2026-08-31 08:48:00,44219.74,WIRE_IN,PA,CP-5918,BRANCH
TXN105873,CUS10161,2026-08-31 08:53:00,20109.36,WIRE_OUT,LU,CP-5421,MOBILE
TXN104732,CUS10134,2026-08-31 09:10:00,3608.77,SEPA_OUT,FR,CP-1690,ONLINE
TXN102704,CUS10077,2026-08-31 09:17:00,2543.18,WIRE_OUT,AE,CP-5158,MOBILE
TXN103912,CUS10111,2026-08-31 09:27:00,46718.1,SEPA_IN,SE,CP-9453,MOBILE
TXN101807,CUS10052,2026-08-31 09:28:00,31297.38,WIRE_OUT,AT,CP-2636,BRANCH
TXN103777,CUS10109,2026-08-31 09:54:00,3118.99,WIRE_IN,CH,CP-9118,ONLINE
TXN102817,CUS10080,2026-08-31 10:00:00,111925.69,CASH_DEPOSIT,FI,CP-4502,API
TXN106555,CUS10133,2026-08-31 10:00:00,738635.47,WIRE_IN,PH,CP-2165,API
TXN106586,CUS10120,2026-08-31 10:00:00,750000.0,WIRE_OUT,IR,CP-6823,ONLINE
TXN104608,CUS10131,2026-08-31 10:12:00,14430.53,WIRE_OUT,US,CP-2205,ONLINE
TXN106076,CUS10168,2026-08-31 10:35:00,2996.91,WIRE_OUT,FI,CP-2927,BRANCH
TXN101611,CUS10048,2026-08-31 10:46:00,5965.55,CASH_DEPOSIT,NL,CP-9345,ONLINE
TXN101891,CUS10055,2026-08-31 10:48:00,8376.26,WIRE_OUT,MC,CP-7410,BRANCH
TXN101523,CUS10045,2026-08-31 10:52:00,38679.02,CASH_DEPOSIT,CH,CP-5264,MOBILE
TXN100112,CUS10003,2026-08-31 11:12:00,4372.35,CASH_DEPOSIT,CH,CP-5450,BRANCH
TXN105149,CUS10143,2026-08-31 11:33:00,54063.74,WIRE_IN,FR,CP-7249,MOBILE
TXN102578,CUS10074,2026-08-31 11:35:00,26077.25,WIRE_IN,CA,CP-3725,ONLINE
TXN106033,CUS10167,2026-08-31 11:45:00,10216.0,CASH_WITHDRAWAL,ES,CP-2038,BRANCH
TXN104899,CUS10137,2026-08-31 12:06:00,33770.47,SEPA_OUT,AU,CP-2447,BRANCH
TXN103518,CUS10100,2026-08-31 12:23:00,5798.41,SEPA_IN,SE,CP-8868,ONLINE
TXN106355,CUS10176,2026-08-31 13:00:00,3451.8,CASH_DEPOSIT,MC,CP-9246,ONLINE
TXN104967,CUS10139,2026-08-31 13:07:00,10201.27,CASH_WITHDRAWAL,ES,CP-4278,MOBILE
TXN100109,CUS10003,2026-08-31 13:35:00,3925.76,CASH_WITHDRAWAL,NG,CP-5480,API
TXN101368,CUS10041,2026-08-31 13:41:00,5845.3,SEPA_OUT,IT,CP-3700,ONLINE
TXN104097,CUS10115,2026-08-31 13:43:00,2599.19,CASH_DEPOSIT,US,CP-9530,API
TXN104279,CUS10121,2026-08-31 13:57:00,5575.0,CASH_WITHDRAWAL,AE,CP-6402,BRANCH
TXN101797,CUS10052,2026-08-31 14:00:00,11020.24,WIRE_IN,AT,CP-6609,BRANCH
TXN100709,CUS10021,2026-08-31 14:04:00,8094.09,CASH_WITHDRAWAL,LU,CP-8063,MOBILE
TXN105933,CUS10163,2026-08-31 14:14:00,3271.73,WIRE_IN,DE,CP-4266,MOBILE
TXN100762,CUS10023,2026-08-31 14:25:00,32303.77,WIRE_IN,PH,CP-9849,BRANCH
TXN104980,CUS10139,2026-08-31 14:36:00,1597.98,CASH_DEPOSIT,ES,CP-1271,MOBILE
TXN104365,CUS10123,2026-08-31 14:41:00,22319.66,WIRE_IN,VN,CP-7816,BRANCH
TXN104398,CUS10125,2026-08-31 14:53:00,9886.41,WIRE_IN,IE,CP-1839,MOBILE
TXN103973,CUS10113,2026-08-31 14:55:00,4465.92,CASH_DEPOSIT,AE,CP-9891,BRANCH
TXN106549,CUS10133,2026-08-31 15:00:00,223573.55,WIRE_IN,VN,CP-9689,API
TXN106577,CUS10032,2026-08-31 15:00:00,760846.57,WIRE_IN,KE,CP-7964,API
TXN102151,CUS10062,2026-08-31 15:13:00,314827.47,SEPA_OUT,IT,CP-9870,ONLINE
TXN106268,CUS10172,2026-08-31 15:17:00,4516.38,CASH_WITHDRAWAL,ES,CP-3585,ONLINE
TXN102677,CUS10076,2026-08-31 15:35:00,1191.57,WIRE_IN,JP,CP-3832,API
TXN106369,CUS10176,2026-08-31 15:38:00,2961.43,WIRE_OUT,MC,CP-5954,ONLINE
TXN103263,CUS10093,2026-08-31 15:49:00,21294.93,WIRE_OUT,SE,CP-8948,API
TXN105182,CUS10144,2026-08-31 16:07:00,3548.78,CASH_DEPOSIT,PH,CP-6372,ONLINE
TXN100616,CUS10018,2026-08-31 16:12:00,90954.96,CASH_WITHDRAWAL,IT,CP-4212,BRANCH
TXN102791,CUS10079,2026-08-31 16:17:00,13337.98,WIRE_OUT,JP,CP-4568,BRANCH
TXN104626,CUS10132,2026-08-31 16:30:00,48866.76,WIRE_OUT,FR,CP-6838,ONLINE
TXN102094,CUS10061,2026-08-31 16:38:00,47839.12,CASH_WITHDRAWAL,PL,CP-5071,ONLINE
TXN101633,CUS10048,2026-08-31 16:42:00,47490.18,SEPA_IN,HR,CP-4799,API
TXN105125,CUS10142,2026-08-31 16:50:00,48228.07,SEPA_OUT,PL,CP-3189,MOBILE
TXN104422,CUS10126,2026-08-31 16:55:00,22750.48,CASH_DEPOSIT,SG,CP-9684,MOBILE
TXN103753,CUS10108,2026-08-31 16:57:00,14555.58,CASH_DEPOSIT,IE,CP-3292,MOBILE
TXN104438,CUS10127,2026-08-31 16:58:00,15864.36,CASH_WITHDRAWAL,GB,CP-9894,BRANCH
TXN101271,CUS10036,2026-08-31 17:08:00,67830.5,CASH_WITHDRAWAL,HR,CP-9414,BRANCH
TXN106488,CUS10179,2026-08-31 17:10:00,2874.23,WIRE_IN,SG,CP-7950,BRANCH
TXN100324,CUS10009,2026-08-31 17:41:00,9316.07,WIRE_OUT,AT,CP-8393,ONLINE
TXN102156,CUS10062,2026-08-31 17:50:00,61725.15,SEPA_OUT,IT,CP-3576,BRANCH
TXN100671,CUS10020,2026-08-31 17:59:00,1586.53,SEPA_IN,TR,CP-7996,API
TXN100116,CUS10003,2026-08-31 18:12:00,4052.55,SEPA_IN,GB,CP-5676,ONLINE
TXN104127,CUS10116,2026-08-31 18:14:00,35136.61,WIRE_IN,JP,CP-3953,API
TXN102284,CUS10067,2026-08-31 18:22:00,57473.57,SEPA_OUT,NL,CP-8084,ONLINE
TXN106171,CUS10170,2026-08-31 18:40:00,46325.81,WIRE_IN,FI,CP-2598,ONLINE
TXN105741,CUS10157,2026-08-31 18:51:00,1883.35,WIRE_OUT,US,CP-1379,API
TXN104026,CUS10114,2026-08-31 18:57:00,11152.11,SEPA_IN,CA,CP-6122,BRANCH
TXN106550,CUS10133,2026-08-31 20:00:00,217947.1,WIRE_OUT,PH,CP-2296,API
TXN106645,CUS10119,2026-09-01 02:00:00,1250090.0,WIRE_OUT,AE,CP-1758,ONLINE
TXN100916,CUS10027,2026-09-01 08:03:00,33881.58,SEPA_IN,LU,CP-5882,ONLINE
TXN100450,CUS10013,2026-09-01 08:18:00,3962.89,SEPA_IN,ES,CP-9419,ONLINE
TXN102741,CUS10078,2026-09-01 08:20:00,6036.03,CASH_DEPOSIT,IT,CP-3071,ONLINE
TXN102833,CUS10080,2026-09-01 08:32:00,66930.46,SEPA_OUT,FI,CP-7038,MOBILE
TXN106324,CUS10175,2026-09-01 08:33:00,2811.92,WIRE_OUT,GB,CP-6725,ONLINE
TXN101034,CUS10029,2026-09-01 08:50:00,1415.41,CASH_DEPOSIT,NL,CP-7910,ONLINE
TXN102180,CUS10063,2026-09-01 09:06:00,3579.01,SEPA_OUT,VN,CP-4620,BRANCH
TXN100380,CUS10011,2026-09-01 09:08:00,10641.66,CASH_WITHDRAWAL,IE,CP-8035,MOBILE
TXN104755,CUS10135,2026-09-01 09:23:00,5275.61,SEPA_OUT,SG,CP-8656,ONLINE
TXN103425,CUS10098,2026-09-01 09:35:00,4879.89,CASH_WITHDRAWAL,PA,CP-6289,BRANCH
TXN105041,CUS10140,2026-09-01 09:38:00,2152.11,WIRE_OUT,GB,CP-4604,BRANCH
TXN103947,CUS10112,2026-09-01 09:38:00,58688.89,SEPA_IN,LU,CP-7601,MOBILE
TXN100405,CUS10012,2026-09-01 09:56:00,13715.73,WIRE_IN,TR,CP-2037,API
TXN105689,CUS10156,2026-09-01 10:11:00,72838.26,WIRE_OUT,NL,CP-2996,ONLINE
TXN105809,CUS10159,2026-09-01 10:15:00,69291.3,CASH_DEPOSIT,FI,CP-7932,ONLINE
TXN106244,CUS10172,2026-09-01 10:26:00,1284.08,SEPA_IN,ES,CP-9172,API
TXN101202,CUS10034,2026-09-01 10:32:00,2297.47,CASH_DEPOSIT,AU,CP-4482,BRANCH
TXN105871,CUS10161,2026-09-01 10:48:00,49222.92,SEPA_IN,LU,CP-1728,BRANCH
TXN105219,CUS10145,2026-09-01 10:55:00,1596.73,CASH_DEPOSIT,CA,CP-3262,MOBILE
TXN103135,CUS10089,2026-09-01 11:00:00,5938.87,SEPA_OUT,AT,CP-7876,BRANCH
TXN106642,CUS10119,2026-09-01 11:00:00,854280.13,WIRE_IN,AT,CP-4432,ONLINE
TXN102359,CUS10069,2026-09-01 11:08:00,11555.78,CASH_WITHDRAWAL,AT,CP-2464,BRANCH
TXN106216,CUS10171,2026-09-01 11:20:00,42076.12,SEPA_OUT,SG,CP-2533,ONLINE
TXN100581,CUS10016,2026-09-01 11:20:00,5977.68,CASH_WITHDRAWAL,NG,CP-6690,MOBILE
TXN102975,CUS10084,2026-09-01 11:40:00,2267.26,CASH_DEPOSIT,JP,CP-2250,BRANCH
TXN102611,CUS10075,2026-09-01 12:03:00,8384.68,CASH_DEPOSIT,AT,CP-5360,BRANCH
TXN100221,CUS10006,2026-09-01 12:08:00,467.74,SEPA_OUT,CA,CP-1878,API
TXN102317,CUS10068,2026-09-01 12:27:00,25429.22,WIRE_IN,AU,CP-8099,MOBILE
TXN106452,CUS10179,2026-09-01 12:53:00,865.23,WIRE_OUT,SG,CP-5382,BRANCH
TXN104296,CUS10121,2026-09-01 12:59:00,1791.48,SEPA_OUT,AE,CP-3257,MOBILE
TXN106365,CUS10176,2026-09-01 13:40:00,17409.11,CASH_WITHDRAWAL,IT,CP-7607,MOBILE
TXN102018,CUS10059,2026-09-01 13:57:00,138543.32,CASH_WITHDRAWAL,ES,CP-4912,API
TXN104739,CUS10134,2026-09-01 14:00:00,14606.39,CASH_WITHDRAWAL,SG,CP-1318,MOBILE
TXN105894,CUS10162,2026-09-01 14:13:00,119536.14,CASH_DEPOSIT,PH,CP-2482,MOBILE
TXN104571,CUS10129,2026-09-01 14:15:00,1639.88,WIRE_IN,AU,CP-2330,ONLINE
TXN105573,CUS10153,2026-09-01 14:16:00,15439.47,SEPA_IN,BE,CP-4296,API
TXN105138,CUS10143,2026-09-01 14:29:00,23946.47,SEPA_OUT,FR,CP-8802,MOBILE
TXN104314,CUS10121,2026-09-01 14:44:00,3003.17,WIRE_IN,AE,CP-6665,BRANCH
TXN102191,CUS10063,2026-09-01 14:46:00,6030.65,SEPA_OUT,VN,CP-2465,MOBILE
TXN100631,CUS10019,2026-09-01 14:47:00,141647.52,SEPA_IN,BE,CP-6765,API
TXN106581,CUS10032,2026-09-01 15:00:00,802563.31,WIRE_IN,ZA,CP-1253,API
TXN105937,CUS10163,2026-09-01 15:02:00,5883.03,SEPA_OUT,DE,CP-8382,BRANCH
TXN102910,CUS10083,2026-09-01 15:14:00,27151.53,CASH_DEPOSIT,NL,CP-4037,BRANCH
TXN105350,CUS10148,2026-09-01 15:16:00,34041.18,SEPA_IN,JP,CP-9177,MOBILE
TXN102735,CUS10078,2026-09-01 15:18:00,2724.65,CASH_WITHDRAWAL,IT,CP-3260,MOBILE
TXN105898,CUS10162,2026-09-01 15:23:00,85874.09,CASH_WITHDRAWAL,PL,CP-5740,BRANCH
TXN103910,CUS10111,2026-09-01 15:35:00,6714.98,WIRE_IN,SE,CP-1609,BRANCH
TXN106556,CUS10133,2026-09-01 16:00:00,719569.91,WIRE_OUT,BG,CP-8933,API
TXN100914,CUS10027,2026-09-01 16:27:00,19304.11,WIRE_IN,IE,CP-4309,BRANCH
TXN104333,CUS10122,2026-09-01 16:27:00,24436.88,WIRE_OUT,CH,CP-9667,API
TXN101879,CUS10055,2026-09-01 16:29:00,4373.52,CASH_WITHDRAWAL,YE,CP-6609,API
TXN104507,CUS10128,2026-09-01 16:33:00,51531.59,WIRE_IN,BE,CP-9813,BRANCH
TXN103084,CUS10087,2026-09-01 16:34:00,71820.65,WIRE_OUT,NG,CP-3044,BRANCH
TXN106077,CUS10168,2026-09-01 16:39:00,4071.13,CASH_DEPOSIT,NL,CP-9337,API
TXN105194,CUS10144,2026-09-01 17:04:00,951.09,SEPA_OUT,PA,CP-6953,ONLINE
TXN101638,CUS10048,2026-09-01 17:26:00,108480.91,WIRE_IN,NL,CP-5766,API
TXN106192,CUS10170,2026-09-01 17:27:00,24304.69,CASH_WITHDRAWAL,FI,CP-4222,MOBILE
TXN102059,CUS10060,2026-09-01 17:30:00,9729.24,CASH_DEPOSIT,US,CP-2566,MOBILE
TXN100629,CUS10019,2026-09-01 17:34:00,99988.45,WIRE_OUT,BE,CP-9202,MOBILE
TXN102467,CUS10072,2026-09-01 17:34:00,42950.65,CASH_WITHDRAWAL,NL,CP-4168,API
TXN101520,CUS10045,2026-09-01 17:44:00,221334.6,WIRE_IN,CH,CP-1000,BRANCH
TXN100608,CUS10017,2026-09-01 17:52:00,20082.97,CASH_WITHDRAWAL,PL,CP-5921,ONLINE
TXN106619,CUS10163,2026-09-01 18:00:00,219775.69,WIRE_IN,GB,CP-3377,ONLINE
TXN103380,CUS10096,2026-09-01 18:02:00,471016.67,SEPA_IN,HR,CP-7557,ONLINE
TXN105075,CUS10141,2026-09-01 18:18:00,45165.54,WIRE_IN,SE,CP-6962,MOBILE
TXN100723,CUS10022,2026-09-01 18:27:00,7551.36,WIRE_IN,BE,CP-3248,MOBILE
TXN105611,CUS10153,2026-09-01 18:28:00,85606.71,SEPA_IN,JP,CP-8763,MOBILE
TXN104545,CUS10129,2026-09-01 18:39:00,3324.84,CASH_DEPOSIT,AU,CP-7252,BRANCH
TXN106578,CUS10032,2026-09-01 19:00:00,743862.55,WIRE_OUT,MM,CP-2974,API
TXN106623,CUS10163,2026-09-01 21:00:00,299170.4,WIRE_OUT,FI,CP-3605,ONLINE
TXN106628,CUS10163,2026-09-02 05:00:00,221550.0,WIRE_OUT,DE,CP-4241,ONLINE
TXN106611,CUS10115,2026-09-02 06:00:00,32138.83,WIRE_IN,PA,CP-9583,ONLINE
TXN106613,CUS10115,2026-09-02 06:00:00,67877.67,WIRE_OUT,BG,CP-4796,ONLINE
TXN105341,CUS10147,2026-09-02 08:05:00,29335.72,CASH_DEPOSIT,VN,CP-8604,BRANCH
TXN106118,CUS10169,2026-09-02 08:23:00,3239.89,CASH_DEPOSIT,IT,CP-7119,ONLINE
TXN105594,CUS10153,2026-09-02 08:27:00,51238.97,SEPA_OUT,BE,CP-5462,MOBILE
TXN106082,CUS10168,2026-09-02 08:31:00,22138.09,CASH_DEPOSIT,SG,CP-5185,API
TXN105234,CUS10145,2026-09-02 08:45:00,5330.17,SEPA_IN,CA,CP-6966,API
TXN102490,CUS10072,2026-09-02 08:50:00,41207.95,SEPA_IN,ES,CP-9591,ONLINE
TXN105484,CUS10151,2026-09-02 09:07:00,1237.16,SEPA_OUT,GB,CP-2730,MOBILE
TXN100919,CUS10027,2026-09-02 09:15:00,24332.83,SEPA_IN,IE,CP-6395,MOBILE
TXN104078,CUS10114,2026-09-02 09:15:00,15269.8,CASH_WITHDRAWAL,IT,CP-2905,MOBILE
TXN104877,CUS10137,2026-09-02 09:16:00,29439.21,SEPA_OUT,SE,CP-6651,ONLINE
TXN103172,CUS10090,2026-09-02 09:36:00,2905.36,WIRE_IN,JP,CP-8765,ONLINE
TXN103092,CUS10087,2026-09-02 09:47:00,77268.14,CASH_WITHDRAWAL,NG,CP-7207,BRANCH
TXN104772,CUS10135,2026-09-02 09:51:00,6983.75,CASH_DEPOSIT,GB,CP-1760,API
TXN103998,CUS10113,2026-09-02 09:51:00,15515.18,SEPA_IN,CH,CP-5998,MOBILE
TXN104498,CUS10128,2026-09-02 09:57:00,7344.56,WIRE_OUT,SG,CP-3845,BRANCH
TXN104366,CUS10124,2026-09-02 10:02:00,5472.63,CASH_DEPOSIT,SG,CP-9456,MOBILE
TXN100410,CUS10012,2026-09-02 10:04:00,14725.13,WIRE_OUT,US,CP-6421,API
TXN105749,CUS10157,2026-09-02 10:28:00,1907.89,CASH_WITHDRAWAL,NG,CP-8253,BRANCH
TXN103107,CUS10088,2026-09-02 10:33:00,32932.71,WIRE_IN,DK,CP-2359,BRANCH
TXN101667,CUS10049,2026-09-02 10:40:00,2782.35,WIRE_OUT,SE,CP-9963,MOBILE
TXN100820,CUS10024,2026-09-02 10:55:00,1377.32,CASH_WITHDRAWAL,CA,CP-1371,API
TXN100673,CUS10020,2026-09-02 10:56:00,6191.09,CASH_WITHDRAWAL,DE,CP-5759,BRANCH
TXN101733,CUS10050,2026-09-02 11:02:00,65385.78,SEPA_OUT,NG,CP-2521,API
TXN104833,CUS10136,2026-09-02 11:13:00,68408.18,WIRE_OUT,PL,CP-2155,BRANCH
TXN103590,CUS10103,2026-09-02 12:11:00,48972.44,CASH_WITHDRAWAL,BG,CP-3647,API
TXN100997,CUS10029,2026-09-02 12:15:00,3478.65,WIRE_IN,NL,CP-1297,API
TXN101960,CUS10058,2026-09-02 12:49:00,7975.29,WIRE_IN,GB,CP-9643,ONLINE
TXN104188,CUS10119,2026-09-02 12:50:00,59712.92,SEPA_IN,FI,CP-5466,API
TXN104394,CUS10125,2026-09-02 12:55:00,8156.76,WIRE_IN,IE,CP-5951,API
TXN104846,CUS10136,2026-09-02 13:36:00,7294.59,CASH_DEPOSIT,PL,CP-7076,API
TXN103821,CUS10109,2026-09-02 13:37:00,10336.69,CASH_WITHDRAWAL,CH,CP-1341,API
TXN103331,CUS10095,2026-09-02 13:48:00,604.95,WIRE_IN,AU,CP-3779,ONLINE
TXN102141,CUS10062,2026-09-02 13:50:00,86795.85,WIRE_IN,IT,CP-9604,API
TXN102850,CUS10080,2026-09-02 13:50:00,53744.08,CASH_DEPOSIT,FI,CP-5395,API
TXN102664,CUS10076,2026-09-02 14:03:00,6035.64,SEPA_OUT,JP,CP-5294,BRANCH
TXN101283,CUS10036,2026-09-02 14:10:00,89573.84,WIRE_IN,HR,CP-6537,BRANCH
TXN100003,CUS10000,2026-09-02 14:11:00,281821.11,CASH_DEPOSIT,AT,CP-4770,API
TXN105920,CUS10162,2026-09-02 14:17:00,226937.71,WIRE_OUT,PL,CP-7552,ONLINE
TXN103858,CUS10110,2026-09-02 14:26:00,46695.9,SEPA_IN,AU,CP-1957,API
TXN105760,CUS10158,2026-09-02 14:29:00,42659.33,WIRE_IN,AT,CP-6543,BRANCH
TXN105695,CUS10156,2026-09-02 14:29:00,126724.7,WIRE_IN,NL,CP-1824,MOBILE
TXN101352,CUS10040,2026-09-02 14:30:00,12851.16,SEPA_OUT,VN,CP-6463,BRANCH
TXN101439,CUS10043,2026-09-02 14:32:00,150017.34,WIRE_OUT,BG,CP-5097,BRANCH
TXN102077,CUS10060,2026-09-02 14:34:00,21831.88,SEPA_OUT,GB,CP-7487,BRANCH
TXN102093,CUS10061,2026-09-02 14:46:00,8376.98,SEPA_OUT,PL,CP-3707,MOBILE
TXN101149,CUS10032,2026-09-02 14:48:00,2116.04,SEPA_IN,AT,CP-2253,ONLINE
TXN100300,CUS10009,2026-09-02 14:56:00,10733.38,WIRE_IN,FI,CP-2437,API
TXN106402,CUS10177,2026-09-02 15:02:00,31098.51,WIRE_IN,CA,CP-4084,ONLINE
TXN106206,CUS10171,2026-09-02 15:13:00,30269.15,CASH_WITHDRAWAL,SG,CP-3131,MOBILE
TXN100055,CUS10002,2026-09-02 15:23:00,17554.1,SEPA_IN,DK,CP-2353,MOBILE
TXN103571,CUS10102,2026-09-02 15:29:00,5950.98,WIRE_OUT,BG,CP-2235,MOBILE
TXN106597,CUS10115,2026-09-02 16:00:00,55001.1,WIRE_IN,BE,CP-7374,ONLINE
TXN105868,CUS10161,2026-09-02 16:23:00,24703.16,SEPA_OUT,LU,CP-1152,ONLINE
TXN100901,CUS10027,2026-09-02 16:51:00,15208.94,WIRE_OUT,US,CP-5907,API
TXN104742,CUS10134,2026-09-02 16:57:00,8344.13,WIRE_IN,FR,CP-8233,ONLINE
TXN103645,CUS10104,2026-09-02 17:03:00,17089.5,SEPA_IN,SG,CP-7055,MOBILE
TXN101071,CUS10031,2026-09-02 17:13:00,61028.08,CASH_WITHDRAWAL,FI,CP-7489,ONLINE
TXN102272,CUS10067,2026-09-02 17:13:00,48534.85,CASH_DEPOSIT,NL,CP-5711,ONLINE
TXN102488,CUS10072,2026-09-02 17:34:00,42521.6,CASH_DEPOSIT,ES,CP-3456,MOBILE
TXN100988,CUS10029,2026-09-02 17:38:00,1745.77,SEPA_IN,NL,CP-1606,MOBILE
TXN103392,CUS10097,2026-09-02 17:39:00,3927.24,WIRE_OUT,DK,CP-5911,BRANCH
TXN105262,CUS10146,2026-09-02 17:52:00,2590.64,WIRE_OUT,GB,CP-8247,API
TXN103897,CUS10111,2026-09-02 18:05:00,36781.45,SEPA_OUT,SE,CP-1142,API
TXN104341,CUS10123,2026-09-02 18:19:00,4858.04,SEPA_OUT,AT,CP-7638,BRANCH
TXN101537,CUS10045,2026-09-02 18:30:00,54417.62,WIRE_OUT,CH,CP-4876,ONLINE
TXN105516,CUS10151,2026-09-02 18:32:00,12477.52,CASH_WITHDRAWAL,NL,CP-8390,BRANCH
TXN100713,CUS10022,2026-09-02 18:42:00,5734.07,WIRE_OUT,BE,CP-3276,ONLINE
TXN102770,CUS10079,2026-09-02 18:44:00,17669.97,WIRE_IN,JP,CP-2666,BRANCH
TXN104823,CUS10136,2026-09-02 18:45:00,41199.34,SEPA_IN,FR,CP-6416,BRANCH
TXN102888,CUS10082,2026-09-02 18:50:00,6124.19,CASH_WITHDRAWAL,SG,CP-5294,API
TXN106638,CUS10119,2026-09-03 00:00:00,811098.0,WIRE_IN,NL,CP-2675,ONLINE
TXN106582,CUS10032,2026-09-03 03:00:00,786253.21,WIRE_OUT,ZA,CP-8331,API
TXN106617,CUS10163,2026-09-03 08:00:00,157885.29,WIRE_IN,VN,CP-9886,ONLINE
TXN105872,CUS10161,2026-09-03 08:03:00,55589.62,CASH_WITHDRAWAL,GB,CP-2256,MOBILE
TXN103710,CUS10107,2026-09-03 08:03:00,26419.99,CASH_WITHDRAWAL,GB,CP-9780,MOBILE
TXN103908,CUS10111,2026-09-03 08:12:00,33290.69,CASH_WITHDRAWAL,SE,CP-1196,ONLINE
TXN103572,CUS10102,2026-09-03 08:25:00,2692.84,SEPA_IN,BG,CP-8833,ONLINE
TXN100892,CUS10026,2026-09-03 08:25:00,19562.28,CASH_DEPOSIT,FR,CP-7189,API
TXN104530,CUS10128,2026-09-03 08:42:00,47661.01,CASH_DEPOSIT,BE,CP-4420,MOBILE
TXN104505,CUS10128,2026-09-03 08:47:00,56442.69,WIRE_IN,FR,CP-1723,ONLINE
TXN105737,CUS10157,2026-09-03 09:07:00,12893.69,SEPA_OUT,BG,CP-9798,MOBILE
TXN105534,CUS10152,2026-09-03 09:11:00,73296.52,WIRE_OUT,HR,CP-2789,MOBILE
TXN101801,CUS10052,2026-09-03 09:17:00,19846.46,CASH_DEPOSIT,AT,CP-9810,ONLINE
TXN101181,CUS10033,2026-09-03 09:27:00,63443.9,SEPA_IN,PA,CP-3689,BRANCH
TXN102120,CUS10061,2026-09-03 09:31:00,143544.72,WIRE_IN,PL,CP-6022,BRANCH
TXN104443,CUS10127,2026-09-03 09:39:00,35900.04,WIRE_IN,AT,CP-2567,API
TXN105850,CUS10161,2026-09-03 09:39:00,50613.04,CASH_WITHDRAWAL,LU,CP-5097,BRANCH
TXN101423,CUS10042,2026-09-03 09:40:00,2129.2,SEPA_OUT,YE,CP-5263,BRANCH
TXN105090,CUS10141,2026-09-03 09:41:00,9709.39,WIRE_IN,SE,CP-7272,BRANCH
TXN104622,CUS10132,2026-09-03 09:55:00,40975.94,WIRE_IN,NL,CP-6064,BRANCH
TXN101364,CUS10041,2026-09-03 10:00:00,21704.52,SEPA_OUT,IT,CP-8443,API
TXN101376,CUS10041,2026-09-03 10:01:00,4879.32,SEPA_OUT,IT,CP-8814,ONLINE
TXN103191,CUS10091,2026-09-03 10:07:00,147334.62,CASH_DEPOSIT,CH,CP-7721,API
TXN105696,CUS10156,2026-09-03 10:19:00,60517.26,SEPA_OUT,NL,CP-7424,MOBILE
TXN105998,CUS10165,2026-09-03 10:27:00,60585.88,SEPA_IN,IE,CP-5960,ONLINE
TXN100485,CUS10014,2026-09-03 10:28:00,26710.2,WIRE_IN,NL,CP-9430,API
TXN106280,CUS10173,2026-09-03 10:46:00,45625.48,CASH_DEPOSIT,CH,CP-7608,ONLINE
TXN101699,CUS10050,2026-09-03 10:46:00,96208.15,WIRE_OUT,NG,CP-8264,ONLINE
TXN105661,CUS10155,2026-09-03 10:57:00,3984.19,SEPA_OUT,CA,CP-8752,BRANCH
TXN105979,CUS10165,2026-09-03 11:04:00,61482.31,SEPA_IN,AT,CP-8109,API
TXN100612,CUS10018,2026-09-03 11:09:00,104253.3,CASH_WITHDRAWAL,IT,CP-7436,MOBILE
TXN106156,CUS10169,2026-09-03 11:36:00,1835.17,WIRE_IN,SE,CP-9488,BRANCH
TXN101639,CUS10048,2026-09-03 11:56:00,8868.7,WIRE_IN,SG,CP-6295,API
TXN100147,CUS10004,2026-09-03 12:14:00,14488.22,CASH_DEPOSIT,VN,CP-6224,API
TXN104955,CUS10139,2026-09-03 12:38:00,1371.19,CASH_WITHDRAWAL,ES,CP-8130,MOBILE
TXN106366,CUS10176,2026-09-03 12:45:00,3421.39,WIRE_IN,MC,CP-6412,BRANCH
TXN106614,CUS10115,2026-09-03 13:00:00,52968.73,WIRE_IN,SG,CP-5566,ONLINE
TXN101625,CUS10048,2026-09-03 13:17:00,49431.74,CASH_WITHDRAWAL,NL,CP-9402,ONLINE
TXN100532,CUS10015,2026-09-03 13:25:00,39521.21,WIRE_OUT,PH,CP-8490,ONLINE
TXN101150,CUS10032,2026-09-03 13:26:00,1885.14,SEPA_IN,AT,CP-4397,ONLINE
TXN102423,CUS10071,2026-09-03 13:36:00,4024.23,WIRE_IN,US,CP-5740,API
TXN104503,CUS10128,2026-09-03 13:42:00,57980.14,CASH_DEPOSIT,BE,CP-8297,MOBILE
TXN103417,CUS10098,2026-09-03 13:43:00,2460.12,WIRE_IN,PA,CP-7344,MOBILE
TXN101740,CUS10050,2026-09-03 13:49:00,76653.04,SEPA_IN,NG,CP-9765,API
TXN102811,CUS10080,2026-09-03 14:13:00,50119.11,SEPA_IN,FI,CP-2336,API
TXN103731,CUS10107,2026-09-03 14:19:00,42960.95,CASH_DEPOSIT,GB,CP-8253,MOBILE
TXN102370,CUS10070,2026-09-03 14:29:00,18390.53,CASH_DEPOSIT,DK,CP-1800,ONLINE
TXN105739,CUS10157,2026-09-03 14:55:00,4509.85,WIRE_OUT,NG,CP-8082,MOBILE
TXN104050,CUS10114,2026-09-03 15:14:00,11543.34,WIRE_OUT,BE,CP-2604,BRANCH
TXN102866,CUS10081,2026-09-03 15:16:00,2130.27,CASH_WITHDRAWAL,AT,CP-9160,ONLINE
TXN105598,CUS10153,2026-09-03 15:27:00,22811.61,WIRE_IN,BE,CP-6861,MOBILE
TXN102489,CUS10072,2026-09-03 15:45:00,8970.69,WIRE_OUT,KE,CP-6244,BRANCH
TXN103058,CUS10086,2026-09-03 15:58:00,796.32,WIRE_IN,CA,CP-2938,MOBILE
TXN104663,CUS10133,2026-09-03 16:12:00,1428.92,SEPA_OUT,PA,CP-5983,BRANCH
TXN101322,CUS10038,2026-09-03 16:16:00,7876.35,WIRE_OUT,US,CP-5855,API
TXN100677,CUS10020,2026-09-03 16:20:00,33854.77,CASH_WITHDRAWAL,NL,CP-6460,API
TXN100098,CUS10003,2026-09-03 16:34:00,4183.75,CASH_DEPOSIT,IT,CP-5911,MOBILE
TXN100429,CUS10013,2026-09-03 16:44:00,1020.33,CASH_WITHDRAWAL,JP,CP-2890,API
TXN103113,CUS10088,2026-09-03 16:48:00,7916.69,CASH_WITHDRAWAL,CH,CP-8613,ONLINE
TXN102203,CUS10064,2026-09-03 16:57:00,7403.37,WIRE_OUT,SE,CP-3736,ONLINE
TXN105014,CUS10140,2026-09-03 17:01:00,8860.04,SEPA_OUT,GB,CP-8155,API
TXN105290,CUS10146,2026-09-03 17:04:00,7337.19,SEPA_OUT,GB,CP-1708,ONLINE
TXN105862,CUS10161,2026-09-03 17:13:00,31876.18,WIRE_IN,LU,CP-3634,API
TXN105869,CUS10161,2026-09-03 17:30:00,30583.73,CASH_WITHDRAWAL,PL,CP-6679,ONLINE
TXN104280,CUS10121,2026-09-03 17:31:00,22235.16,CASH_WITHDRAWAL,AE,CP-8493,API
TXN106150,CUS10169,2026-09-03 17:43:00,9466.15,CASH_WITHDRAWAL,GB,CP-2645,MOBILE
TXN101172,CUS10033,2026-09-03 17:45:00,22644.46,WIRE_IN,AT,CP-3032,API
TXN102369,CUS10070,2026-09-03 17:50:00,55991.71,SEPA_OUT,DK,CP-8682,ONLINE
TXN100104,CUS10003,2026-09-03 17:58:00,3662.29,CASH_WITHDRAWAL,IT,CP-2020,BRANCH
TXN103671,CUS10105,2026-09-03 18:13:00,4186.32,CASH_DEPOSIT,CA,CP-9162,API
TXN102036,CUS10059,2026-09-03 18:18:00,114066.48,SEPA_IN,ES,CP-6648,BRANCH
TXN101038,CUS10030,2026-09-03 18:29:00,4986.22,SEPA_OUT,AE,CP-3440,API
TXN106294,CUS10173,2026-09-03 18:32:00,16070.23,SEPA_OUT,CH,CP-6395,API
TXN106282,CUS10173,2026-09-03 18:55:00,86973.08,CASH_WITHDRAWAL,CH,CP-8800,BRANCH
TXN100276,CUS10008,2026-09-03 18:57:00,97719.04,WIRE_OUT,ES,CP-9450,ONLINE
TXN106621,CUS10163,2026-09-03 21:00:00,236542.66,WIRE_OUT,PH,CP-4552,ONLINE
TXN106599,CUS10115,2026-09-03 23:00:00,65256.1,WIRE_OUT,SE,CP-7604,ONLINE
TXN100273,CUS10007,2026-09-04 08:02:00,84018.34,WIRE_OUT,DE,CP-1753,MOBILE
TXN102977,CUS10084,2026-09-04 08:15:00,1058.57,CASH_WITHDRAWAL,JP,CP-7814,ONLINE
TXN102092,CUS10061,2026-09-04 08:19:00,34271.7,WIRE_OUT,PL,CP-6471,BRANCH
TXN105303,CUS10146,2026-09-04 08:26:00,3244.06,SEPA_OUT,CH,CP-6338,API
TXN103619,CUS10104,2026-09-04 08:36:00,85235.6,CASH_WITHDRAWAL,SG,CP-4649,API
TXN102223,CUS10064,2026-09-04 08:42:00,18021.67,CASH_WITHDRAWAL,VN,CP-9289,ONLINE
TXN105993,CUS10165,2026-09-04 08:55:00,63100.95,SEPA_OUT,ZA,CP-4038,API
TXN106559,CUS10102,2026-09-04 09:00:00,296756.2,WIRE_IN,PH,CP-7156,API
TXN102025,CUS10059,2026-09-04 09:01:00,96537.18,WIRE_IN,NG,CP-4980,ONLINE
TXN103965,CUS10112,2026-09-04 09:08:00,55711.91,CASH_WITHDRAWAL,AE,CP-8030,ONLINE
TXN105498,CUS10151,2026-09-04 09:10:00,1440.16,CASH_DEPOSIT,NL,CP-2321,MOBILE
TXN101532,CUS10045,2026-09-04 09:11:00,107919.2,SEPA_IN,CH,CP-6558,MOBILE
TXN101590,CUS10047,2026-09-04 09:15:00,883.61,CASH_DEPOSIT,PH,CP-7084,MOBILE
TXN101751,CUS10051,2026-09-04 09:21:00,35832.47,SEPA_IN,VN,CP-7922,MOBILE
TXN102280,CUS10067,2026-09-04 09:30:00,20951.35,SEPA_IN,NL,CP-2364,API
TXN100974,CUS10028,2026-09-04 09:32:00,14579.37,WIRE_IN,MC,CP-8612,API
TXN102855,CUS10081,2026-09-04 09:52:00,2763.67,SEPA_OUT,AT,CP-3336,API
TXN104049,CUS10114,2026-09-04 09:53:00,28536.95,CASH_WITHDRAWAL,IT,CP-2366,ONLINE
TXN103814,CUS10109,2026-09-04 09:59:00,3030.31,SEPA_IN,CH,CP-8692,MOBILE
TXN104870,CUS10137,2026-09-04 10:04:00,200000.0,WIRE_OUT,AU,CP-6258,MOBILE
TXN102683,CUS10076,2026-09-04 10:19:00,7482.84,CASH_WITHDRAWAL,JP,CP-4810,API
TXN102470,CUS10072,2026-09-04 10:34:00,98305.88,SEPA_IN,ES,CP-7691,ONLINE
TXN104638,CUS10132,2026-09-04 10:36:00,16592.94,SEPA_IN,PA,CP-3282,MOBILE
TXN104746,CUS10134,2026-09-04 10:57:00,9310.84,CASH_WITHDRAWAL,FR,CP-2166,MOBILE
TXN100069,CUS10002,2026-09-04 11:07:00,4973.72,WIRE_OUT,NG,CP-4878,MOBILE
TXN103128,CUS10089,2026-09-04 11:30:00,4416.12,SEPA_OUT,AT,CP-1461,BRANCH
TXN102220,CUS10064,2026-09-04 11:40:00,15640.79,WIRE_IN,SE,CP-8345,MOBILE
TXN104003,CUS10113,2026-09-04 11:42:00,6081.31,SEPA_IN,CH,CP-9301,BRANCH
TXN104902,CUS10137,2026-09-04 12:00:00,9158.03,WIRE_IN,AU,CP-5413,API
TXN102250,CUS10066,2026-09-04 12:18:00,37624.75,SEPA_OUT,AT,CP-7848,BRANCH
TXN102082,CUS10060,2026-09-04 12:31:00,2625.26,CASH_WITHDRAWAL,GB,CP-7798,ONLINE
TXN102233,CUS10065,2026-09-04 12:31:00,170191.88,WIRE_IN,JP,CP-5920,API
TXN104576,CUS10129,2026-09-04 12:33:00,812.53,WIRE_IN,AU,CP-5037,MOBILE
TXN100957,CUS10028,2026-09-04 12:36:00,30022.79,WIRE_OUT,IE,CP-1067,BRANCH
TXN101811,CUS10053,2026-09-04 12:41:00,93717.32,CASH_DEPOSIT,CH,CP-5079,API
TXN106356,CUS10176,2026-09-04 12:41:00,23191.28,WIRE_OUT,BG,CP-1216,MOBILE
TXN101837,CUS10053,2026-09-04 13:01:00,90894.22,WIRE_IN,CH,CP-9261,API
TXN104966,CUS10139,2026-09-04 13:09:00,1965.11,SEPA_IN,ES,CP-8618,MOBILE
TXN104176,CUS10118,2026-09-04 13:14:00,20679.1,WIRE_IN,ES,CP-1356,ONLINE
TXN100970,CUS10028,2026-09-04 13:29:00,23081.65,CASH_WITHDRAWAL,MC,CP-3540,MOBILE
TXN105008,CUS10140,2026-09-04 13:39:00,4631.48,SEPA_IN,GB,CP-2496,MOBILE
TXN101964,CUS10058,2026-09-04 13:43:00,12997.37,WIRE_OUT,GB,CP-2616,MOBILE
TXN102285,CUS10067,2026-09-04 14:13:00,120602.18,CASH_DEPOSIT,NL,CP-8920,ONLINE
TXN100219,CUS10006,2026-09-04 14:26:00,2224.36,CASH_DEPOSIT,CA,CP-7286,MOBILE
TXN103673,CUS10106,2026-09-04 14:35:00,80304.69,CASH_WITHDRAWAL,ES,CP-1618,BRANCH
TXN101305,CUS10037,2026-09-04 14:41:00,20306.22,WIRE_IN,IE,CP-5411,API
TXN103627,CUS10104,2026-09-04 14:47:00,76778.55,CASH_WITHDRAWAL,SG,CP-9563,BRANCH
TXN101113,CUS10032,2026-09-04 14:48:00,6194.5,CASH_DEPOSIT,PH,CP-7131,MOBILE
TXN104844,CUS10136,2026-09-04 15:04:00,105932.05,SEPA_OUT,BG,CP-6993,MOBILE
TXN105098,CUS10142,2026-09-04 15:10:00,45121.43,SEPA_IN,PL,CP-8231,MOBILE
TXN105358,CUS10148,2026-09-04 15:23:00,4908.27,SEPA_IN,JP,CP-6431,BRANCH
TXN101682,CUS10049,2026-09-04 15:27:00,2022.14,SEPA_IN,AT,CP-5957,ONLINE
TXN100160,CUS10004,2026-09-04 15:29:00,19105.12,CASH_WITHDRAWAL,KE,CP-8692,API
TXN103416,CUS10098,2026-09-04 15:32:00,4081.88,SEPA_OUT,PA,CP-6391,BRANCH
TXN104483,CUS10128,2026-09-04 15:35:00,64871.78,SEPA_IN,BE,CP-8482,BRANCH
TXN100732,CUS10022,2026-09-04 15:36:00,5776.04,SEPA_OUT,BE,CP-6782,API
TXN105515,CUS10151,2026-09-04 16:01:00,2472.15,SEPA_OUT,NL,CP-6179,ONLINE
TXN103459,CUS10099,2026-09-04 16:09:00,815.99,CASH_WITHDRAWAL,BE,CP-8401,MOBILE
TXN101052,CUS10030,2026-09-04 16:24:00,6186.32,WIRE_IN,CH,CP-6215,MOBILE
TXN106464,CUS10179,2026-09-04 16:47:00,792.76,WIRE_IN,SG,CP-7451,BRANCH
TXN100657,CUS10019,2026-09-04 17:10:00,40870.21,SEPA_OUT,BE,CP-1719,BRANCH
TXN101119,CUS10032,2026-09-04 17:21:00,9656.58,SEPA_OUT,AT,CP-8086,MOBILE
TXN104182,CUS10118,2026-09-04 17:24:00,10585.3,CASH_WITHDRAWAL,ES,CP-5007,BRANCH
TXN102172,CUS10063,2026-09-04 17:26:00,3225.99,WIRE_IN,VN,CP-8007,MOBILE
TXN102815,CUS10080,2026-09-04 17:30:00,159839.48,CASH_DEPOSIT,NG,CP-5523,API
TXN102986,CUS10084,2026-09-04 17:37:00,1888.54,SEPA_IN,DE,CP-8612,ONLINE
TXN106560,CUS10102,2026-09-04 18:00:00,285083.22,WIRE_OUT,TR,CP-5792,API
TXN104687,CUS10133,2026-09-04 18:06:00,974.26,SEPA_IN,SG,CP-4847,MOBILE
TXN100009,CUS10000,2026-09-04 18:07:00,128624.42,WIRE_OUT,AT,CP-6724,API
TXN100060,CUS10002,2026-09-04 18:10:00,5679.85,CASH_DEPOSIT,BE,CP-8179,ONLINE
TXN103907,CUS10111,2026-09-04 18:13:00,6760.54,SEPA_OUT,SE,CP-6238,API
TXN102460,CUS10072,2026-09-04 18:20:00,44277.01,SEPA_OUT,ES,CP-9947,API
TXN103799,CUS10109,2026-09-04 18:26:00,3697.14,WIRE_IN,CH,CP-9387,MOBILE
TXN104032,CUS10114,2026-09-04 18:28:00,8294.82,WIRE_IN,IT,CP-1970,MOBILE
TXN106019,CUS10166,2026-09-04 18:39:00,180185.88,CASH_WITHDRAWAL,SG,CP-7221,BRANCH
TXN101093,CUS10031,2026-09-04 18:48:00,43434.68,CASH_DEPOSIT,FI,CP-9866,BRANCH
TXN106643,CUS10119,2026-09-05 06:00:00,1322111.66,WIRE_IN,PA,CP-2864,ONLINE
TXN104809,CUS10136,2026-09-05 08:10:00,29789.43,CASH_DEPOSIT,PL,CP-9556,BRANCH
TXN106069,CUS10168,2026-09-05 08:18:00,5597.84,CASH_WITHDRAWAL,TR,CP-9141,API
TXN101208,CUS10034,2026-09-05 08:24:00,678.33,SEPA_IN,SE,CP-8961,MOBILE
TXN100502,CUS10014,2026-09-05 08:24:00,27221.16,CASH_WITHDRAWAL,NL,CP-6175,MOBILE
TXN105425,CUS10149,2026-09-05 08:30:00,3520.78,WIRE_IN,VN,CP-5492,BRANCH
TXN106541,CUS10126,2026-09-05 09:00:00,591056.03,WIRE_IN,PH,CP-5452,API
TXN101666,CUS10049,2026-09-05 09:10:00,1873.25,WIRE_IN,AT,CP-1639,MOBILE
TXN106305,CUS10174,2026-09-05 09:27:00,182292.93,WIRE_OUT,FI,CP-9777,MOBILE
TXN100649,CUS10019,2026-09-05 09:28:00,72723.64,WIRE_IN,BE,CP-5025,MOBILE
TXN105444,CUS10150,2026-09-05 09:28:00,38133.26,CASH_DEPOSIT,PL,CP-4769,API
TXN104101,CUS10115,2026-09-05 09:35:00,2234.57,CASH_WITHDRAWAL,US,CP-2671,ONLINE
TXN104495,CUS10128,2026-09-05 09:37:00,159429.71,WIRE_OUT,BE,CP-6656,ONLINE
TXN105263,CUS10146,2026-09-05 09:43:00,2909.38,SEPA_OUT,GB,CP-8268,API
TXN103960,CUS10112,2026-09-05 09:46:00,23205.66,SEPA_IN,LU,CP-9711,ONLINE
TXN104067,CUS10114,2026-09-05 09:46:00,26426.03,WIRE_OUT,SG,CP-7804,ONLINE
TXN104354,CUS10123,2026-09-05 09:51:00,5757.4,CASH_WITHDRAWAL,FI,CP-6613,ONLINE
TXN101033,CUS10029,2026-09-05 10:07:00,3496.37,SEPA_IN,NL,CP-5968,API
TXN105644,CUS10155,2026-09-05 10:18:00,15312.48,WIRE_OUT,CA,CP-7279,BRANCH
TXN103102,CUS10087,2026-09-05 10:33:00,311822.26,CASH_DEPOSIT,NG,CP-1841,BRANCH
TXN101518,CUS10045,2026-09-05 10:35:00,36726.52,SEPA_OUT,CH,CP-3234,BRANCH
TXN102648,CUS10076,2026-09-05 10:44:00,4219.05,CASH_DEPOSIT,JP,CP-9955,ONLINE
TXN102474,CUS10072,2026-09-05 10:55:00,53130.77,WIRE_IN,CA,CP-7162,BRANCH
TXN104405,CUS10126,2026-09-05 10:59:00,16408.0,CASH_DEPOSIT,FI,CP-8804,ONLINE
TXN101083,CUS10031,2026-09-05 11:04:00,219444.61,SEPA_OUT,PL,CP-2567,MOBILE
TXN106246,CUS10172,2026-09-05 11:06:00,3202.39,WIRE_IN,BG,CP-6790,ONLINE
TXN101024,CUS10029,2026-09-05 11:06:00,8297.91,CASH_DEPOSIT,NL,CP-4154,API
TXN101275,CUS10036,2026-09-05 11:19:00,46668.76,WIRE_IN,HR,CP-6007,MOBILE
TXN100910,CUS10027,2026-09-05 11:23:00,16286.42,WIRE_OUT,IE,CP-3465,API
TXN102531,CUS10073,2026-09-05 11:26:00,39715.59,WIRE_OUT,SG,CP-4341,MOBILE
TXN104329,CUS10122,2026-09-05 11:31:00,15106.4,CASH_WITHDRAWAL,CA,CP-7593,ONLINE
TXN100105,CUS10003,2026-09-05 11:35:00,5756.66,CASH_WITHDRAWAL,IT,CP-8837,MOBILE
TXN105546,CUS10152,2026-09-05 11:38:00,424769.83,CASH_WITHDRAWAL,HR,CP-4065,ONLINE
TXN100367,CUS10011,2026-09-05 11:57:00,21044.27,CASH_DEPOSIT,IE,CP-7620,API
TXN101790,CUS10052,2026-09-05 12:01:00,4647.9,SEPA_IN,AT,CP-6942,API
TXN101547,CUS10046,2026-09-05 12:06:00,53044.7,WIRE_OUT,TR,CP-1843,API
TXN102427,CUS10071,2026-09-05 12:09:00,3964.44,SEPA_IN,US,CP-7293,BRANCH
TXN101074,CUS10031,2026-09-05 12:12:00,92454.34,CASH_WITHDRAWAL,DE,CP-9731,API
TXN104898,CUS10137,2026-09-05 12:26:00,35633.4,SEPA_IN,AU,CP-9474,MOBILE
TXN101895,CUS10055,2026-09-05 12:33:00,6198.17,CASH_WITHDRAWAL,YE,CP-8718,BRANCH
TXN105130,CUS10143,2026-09-05 12:37:00,59057.18,WIRE_IN,FI,CP-2842,API
TXN104773,CUS10135,2026-09-05 12:39:00,4231.77,CASH_DEPOSIT,SG,CP-9341,ONLINE
TXN100076,CUS10002,2026-09-05 12:54:00,8934.33,WIRE_OUT,FI,CP-5496,BRANCH
TXN101435,CUS10043,2026-09-05 12:59:00,104471.32,CASH_DEPOSIT,BE,CP-1484,ONLINE
TXN105555,CUS10152,2026-09-05 13:03:00,26104.46,WIRE_OUT,PH,CP-8436,API
TXN105975,CUS10165,2026-09-05 13:06:00,24998.92,WIRE_IN,NL,CP-6155,MOBILE
TXN105216,CUS10145,2026-09-05 13:28:00,5258.72,CASH_DEPOSIT,SE,CP-8324,BRANCH
TXN103364,CUS10096,2026-09-05 13:40:00,47258.47,SEPA_IN,HR,CP-9639,BRANCH
TXN101478,CUS10043,2026-09-05 14:06:00,40970.61,CASH_WITHDRAWAL,BE,CP-5078,ONLINE
TXN102468,CUS10072,2026-09-05 14:10:00,71978.3,SEPA_IN,ES,CP-9049,MOBILE
TXN100973,CUS10028,2026-09-05 14:18:00,12359.87,CASH_DEPOSIT,MC,CP-2253,ONLINE
TXN100484,CUS10014,2026-09-05 14:22:00,45502.53,SEPA_OUT,CA,CP-8898,ONLINE
TXN100338,CUS10009,2026-09-05 14:34:00,28988.51,SEPA_OUT,FI,CP-4860,MOBILE
TXN105709,CUS10157,2026-09-05 14:39:00,19031.67,SEPA_OUT,NG,CP-2420,BRANCH
TXN106039,CUS10167,2026-09-05 14:40:00,40060.84,WIRE_IN,ES,CP-5710,MOBILE
TXN101114,CUS10032,2026-09-05 15:11:00,4699.48,SEPA_IN,AT,CP-9609,MOBILE
TXN103491,CUS10099,2026-09-05 15:12:00,1756.29,WIRE_IN,BE,CP-4110,API
TXN105567,CUS10153,2026-09-05 15:20:00,36228.61,CASH_DEPOSIT,BE,CP-6539,ONLINE
TXN100343,CUS10009,2026-09-05 15:58:00,13887.65,CASH_WITHDRAWAL,NG,CP-9561,MOBILE
TXN104454,CUS10127,2026-09-05 16:15:00,57436.24,WIRE_OUT,AT,CP-5921,MOBILE
TXN105707,CUS10157,2026-09-05 16:30:00,5291.78,WIRE_OUT,PL,CP-5453,API
TXN102621,CUS10075,2026-09-05 16:47:00,39165.63,SEPA_OUT,IE,CP-9304,API
TXN101436,CUS10043,2026-09-05 16:48:00,68299.04,SEPA_IN,BE,CP-2880,BRANCH
TXN102881,CUS10081,2026-09-05 17:38:00,763.8,SEPA_IN,AT,CP-6957,MOBILE
TXN105427,CUS10149,2026-09-05 17:38:00,2050.1,WIRE_OUT,CA,CP-2159,ONLINE
TXN102383,CUS10070,2026-09-05 17:41:00,20038.04,CASH_WITHDRAWAL,DK,CP-6038,MOBILE
TXN101095,CUS10031,2026-09-05 17:42:00,39061.14,WIRE_IN,FI,CP-4889,ONLINE
TXN105330,CUS10147,2026-09-05 17:45:00,13538.61,SEPA_IN,VN,CP-1707,MOBILE
TXN105559,CUS10152,2026-09-05 17:54:00,154924.94,SEPA_IN,CH,CP-3948,BRANCH
TXN100590,CUS10017,2026-09-05 18:04:00,88243.64,WIRE_OUT,KE,CP-3926,ONLINE
TXN104459,CUS10127,2026-09-05 18:41:00,35381.74,WIRE_OUT,AT,CP-1768,BRANCH
TXN103450,CUS10098,2026-09-05 18:52:00,1421.7,WIRE_IN,HR,CP-2330,BRANCH
TXN100176,CUS10004,2026-09-06 08:14:00,42102.32,CASH_WITHDRAWAL,KE,CP-8790,API
TXN105170,CUS10144,2026-09-06 08:23:00,5338.97,WIRE_OUT,PH,CP-4255,API
TXN102037,CUS10059,2026-09-06 08:41:00,55460.87,SEPA_IN,AE,CP-5611,BRANCH
TXN102820,CUS10080,2026-09-06 09:04:00,66669.12,SEPA_IN,FI,CP-4215,ONLINE
TXN106131,CUS10169,2026-09-06 09:10:00,1344.53,SEPA_OUT,SE,CP-2184,API
TXN101648,CUS10049,2026-09-06 09:32:00,10772.81,SEPA_OUT,AT,CP-1692,BRANCH
TXN105960,CUS10164,2026-09-06 09:32:00,21751.11,WIRE_OUT,AU,CP-3639,BRANCH
TXN105991,CUS10165,2026-09-06 09:36:00,53240.16,WIRE_IN,ES,CP-3539,BRANCH
TXN100786,CUS10024,2026-09-06 09:39:00,4059.69,CASH_DEPOSIT,CA,CP-9315,BRANCH
TXN100555,CUS10016,2026-09-06 10:01:00,5994.02,SEPA_IN,NL,CP-6328,MOBILE
TXN103242,CUS10092,2026-09-06 10:29:00,5483.12,CASH_WITHDRAWAL,KP,CP-8029,BRANCH
TXN105616,CUS10154,2026-09-06 10:37:00,3641.55,SEPA_OUT,MM,CP-3352,MOBILE
TXN104107,CUS10115,2026-09-06 10:44:00,12334.29,WIRE_OUT,US,CP-1212,MOBILE
TXN105901,CUS10162,2026-09-06 10:45:00,11078.72,CASH_WITHDRAWAL,PL,CP-7241,BRANCH
TXN100670,CUS10020,2026-09-06 11:44:00,22581.52,WIRE_IN,DE,CP-2790,ONLINE
TXN106236,CUS10172,2026-09-06 12:11:00,1257.15,CASH_WITHDRAWAL,ES,CP-7134,ONLINE
TXN102054,CUS10060,2026-09-06 12:21:00,2839.33,CASH_WITHDRAWAL,GB,CP-3099,API
TXN102307,CUS10068,2026-09-06 12:22:00,35986.51,CASH_DEPOSIT,AU,CP-7742,API
TXN106460,CUS10179,2026-09-06 12:28:00,1536.27,SEPA_OUT,SG,CP-7524,ONLINE
TXN104797,CUS10135,2026-09-06 12:50:00,876.01,CASH_DEPOSIT,SG,CP-4971,MOBILE
TXN104698,CUS10133,2026-09-06 12:52:00,2304.86,SEPA_IN,SG,CP-1638,MOBILE
TXN100843,CUS10025,2026-09-06 13:04:00,2828.93,SEPA_OUT,IE,CP-2449,ONLINE
TXN105699,CUS10156,2026-09-06 13:21:00,136057.99,SEPA_IN,NL,CP-7998,BRANCH
TXN101269,CUS10036,2026-09-06 13:44:00,112008.64,SEPA_IN,HR,CP-5440,ONLINE
TXN102863,CUS10081,2026-09-06 13:58:00,7186.5,WIRE_IN,AT,CP-2300,API
TXN103987,CUS10113,2026-09-06 14:02:00,2687.35,CASH_WITHDRAWAL,CH,CP-6915,ONLINE
TXN106016,CUS10166,2026-09-06 14:05:00,476133.54,CASH_WITHDRAWAL,SG,CP-7792,ONLINE
TXN102209,CUS10064,2026-09-06 14:10:00,20821.53,SEPA_OUT,SE,CP-3068,ONLINE
TXN102385,CUS10070,2026-09-06 14:13:00,11356.13,SEPA_IN,DK,CP-2346,MOBILE
TXN103839,CUS10110,2026-09-06 14:14:00,65013.99,WIRE_IN,AU,CP-3290,MOBILE
TXN106047,CUS10167,2026-09-06 14:21:00,71012.29,SEPA_OUT,ES,CP-4409,MOBILE
TXN100804,CUS10024,2026-09-06 14:30:00,1471.63,WIRE_IN,TR,CP-8412,MOBILE
TXN106169,CUS10170,2026-09-06 14:53:00,59171.0,SEPA_OUT,FI,CP-8678,ONLINE
TXN104271,CUS10121,2026-09-06 14:53:00,2740.48,CASH_WITHDRAWAL,JP,CP-3445,BRANCH
TXN102264,CUS10067,2026-09-06 14:56:00,143598.54,CASH_DEPOSIT,NL,CP-4222,MOBILE
TXN106542,CUS10126,2026-09-06 15:00:00,566212.48,WIRE_OUT,MC,CP-5216,API
TXN100310,CUS10009,2026-09-06 15:00:00,17503.65,CASH_DEPOSIT,FI,CP-4300,BRANCH
TXN104431,CUS10126,2026-09-06 15:19:00,1399.18,WIRE_IN,FI,CP-3458,ONLINE
TXN106281,CUS10173,2026-09-06 15:35:00,48345.42,CASH_WITHDRAWAL,CH,CP-6328,MOBILE
TXN102208,CUS10064,2026-09-06 15:41:00,16217.77,CASH_DEPOSIT,CA,CP-7638,API
TXN106264,CUS10172,2026-09-06 15:51:00,1288.73,CASH_WITHDRAWAL,ES,CP-6674,API
TXN106423,CUS10177,2026-09-06 15:58:00,46517.61,CASH_WITHDRAWAL,CA,CP-9586,ONLINE
TXN106624,CUS10163,2026-09-06 16:00:00,209981.92,WIRE_IN,BE,CP-8853,ONLINE
TXN106247,CUS10172,2026-09-06 16:03:00,3482.71,SEPA_IN,SE,CP-7604,API
TXN100250,CUS10007,2026-09-06 17:00:00,30390.85,WIRE_OUT,AT,CP-8210,API
TXN106602,CUS10115,2026-09-06 17:00:00,36899.17,WIRE_OUT,KE,CP-6904,ONLINE
TXN102662,CUS10076,2026-09-06 17:16:00,6718.73,SEPA_IN,JP,CP-7165,MOBILE
TXN105767,CUS10158,2026-09-06 17:35:00,39086.4,WIRE_OUT,AT,CP-6910,MOBILE
TXN100592,CUS10017,2026-09-06 17:44:00,122245.64,WIRE_IN,KE,CP-7002,BRANCH
TXN103623,CUS10104,2026-09-06 17:48:00,43260.91,CASH_DEPOSIT,SG,CP-5593,ONLINE
TXN104919,CUS10138,2026-09-06 18:16:00,58600.93,WIRE_OUT,ZA,CP-8763,MOBILE
TXN102149,CUS10062,2026-09-06 18:17:00,22382.91,WIRE_IN,IT,CP-5969,BRANCH
TXN105069,CUS10141,2026-09-06 18:25:00,52512.35,SEPA_IN,SE,CP-7149,API
TXN104953,CUS10138,2026-09-06 18:32:00,45250.31,CASH_WITHDRAWAL,SG,CP-8121,BRANCH
TXN104209,CUS10119,2026-09-06 18:39:00,33852.25,CASH_WITHDRAWAL,FI,CP-3688,BRANCH
TXN105347,CUS10148,2026-09-06 18:39:00,3580.7,WIRE_IN,JP,CP-1798,MOBILE
TXN100971,CUS10028,2026-09-06 18:41:00,12081.95,SEPA_IN,MC,CP-8671,MOBILE
TXN102728,CUS10078,2026-09-06 18:42:00,2300.51,CASH_DEPOSIT,IT,CP-2190,API
TXN100568,CUS10016,2026-09-07 08:11:00,1865.69,SEPA_IN,GB,CP-3048,MOBILE
TXN104630,CUS10132,2026-09-07 08:11:00,24213.22,SEPA_IN,FR,CP-9023,MOBILE
TXN103341,CUS10096,2026-09-07 08:22:00,68628.21,CASH_WITHDRAWAL,HR,CP-9820,BRANCH
TXN104395,CUS10125,2026-09-07 08:37:00,1406.5,SEPA_OUT,IE,CP-4558,ONLINE
TXN104790,CUS10135,2026-09-07 08:51:00,3369.06,WIRE_OUT,SG,CP-3964,MOBILE
TXN101748,CUS10051,2026-09-07 09:08:00,24245.22,CASH_WITHDRAWAL,AE,CP-9084,MOBILE
TXN101480,CUS10043,2026-09-07 09:17:00,148525.06,CASH_DEPOSIT,BE,CP-7628,MOBILE
TXN105512,CUS10151,2026-09-07 09:17:00,13878.6,CASH_WITHDRAWAL,IE,CP-6094,ONLINE
TXN103435,CUS10098,2026-09-07 09:26:00,4242.7,WIRE_IN,PA,CP-7330,MOBILE
TXN102127,CUS10062,2026-09-07 09:27:00,203223.42,CASH_DEPOSIT,IT,CP-6751,MOBILE
TXN103109,CUS10088,2026-09-07 09:49:00,4667.86,WIRE_OUT,CH,CP-9055,ONLINE
TXN101066,CUS10030,2026-09-07 09:50:00,1479.01,WIRE_IN,PA,CP-9825,ONLINE
TXN101950,CUS10058,2026-09-07 09:51:00,2017.46,SEPA_IN,BG,CP-2765,API
TXN103118,CUS10088,2026-09-07 09:54:00,48207.76,WIRE_IN,CH,CP-1699,API
TXN101597,CUS10047,2026-09-07 09:54:00,10804.53,WIRE_IN,NG,CP-8738,MOBILE
TXN104061,CUS10114,2026-09-07 10:15:00,26048.72,CASH_DEPOSIT,FI,CP-2577,ONLINE
TXN104244,CUS10120,2026-09-07 10:26:00,42515.56,WIRE_OUT,BG,CP-3489,ONLINE
TXN102818,CUS10080,2026-09-07 10:40:00,114192.6,WIRE_OUT,AT,CP-3547,ONLINE
TXN103483,CUS10099,2026-09-07 10:56:00,1979.06,SEPA_OUT,BE,CP-6971,BRANCH
TXN105410,CUS10149,2026-09-07 10:56:00,1367.17,WIRE_OUT,GB,CP-9898,API
TXN101262,CUS10036,2026-09-07 11:04:00,64116.79,SEPA_IN,HR,CP-4156,API
TXN101602,CUS10047,2026-09-07 11:49:00,1242.59,CASH_DEPOSIT,AE,CP-3263,API
TXN102356,CUS10069,2026-09-07 11:51:00,6201.81,WIRE_IN,IT,CP-9329,ONLINE
TXN100170,CUS10004,2026-09-07 12:01:00,20452.19,CASH_WITHDRAWAL,KE,CP-8054,BRANCH
TXN101975,CUS10058,2026-09-07 12:18:00,6107.08,WIRE_IN,CH,CP-2956,MOBILE
TXN100231,CUS10006,2026-09-07 12:38:00,2477.22,SEPA_IN,CA,CP-5794,API
TXN103831,CUS10110,2026-09-07 12:43:00,54609.67,CASH_WITHDRAWAL,AU,CP-3307,API
TXN100765,CUS10023,2026-09-07 13:05:00,2374.0,SEPA_IN,PH,CP-4327,BRANCH
TXN101017,CUS10029,2026-09-07 13:24:00,1414.62,CASH_WITHDRAWAL,NL,CP-3064,API
TXN105576,CUS10153,2026-09-07 13:28:00,12207.37,WIRE_IN,BE,CP-2409,ONLINE
TXN101885,CUS10055,2026-09-07 13:34:00,10426.94,CASH_DEPOSIT,YE,CP-3732,API
TXN103562,CUS10101,2026-09-07 13:41:00,14453.13,WIRE_OUT,AE,CP-4904,BRANCH
TXN102499,CUS10073,2026-09-07 13:46:00,109386.74,WIRE_OUT,SE,CP-6625,MOBILE
TXN100289,CUS10008,2026-09-07 13:49:00,50637.33,SEPA_IN,ES,CP-8591,API
TXN105414,CUS10149,2026-09-07 14:28:00,1181.07,SEPA_OUT,KE,CP-8767,MOBILE
TXN101140,CUS10032,2026-09-07 14:30:00,3284.01,SEPA_OUT,AT,CP-4382,BRANCH
TXN100504,CUS10014,2026-09-07 14:36:00,49517.92,SEPA_IN,NL,CP-7511,BRANCH
TXN102702,CUS10077,2026-09-07 14:51:00,10420.61,CASH_DEPOSIT,SY,CP-7972,BRANCH
TXN104491,CUS10128,2026-09-07 15:03:00,19368.47,SEPA_IN,MC,CP-1857,API
TXN105038,CUS10140,2026-09-07 15:05:00,30550.21,CASH_WITHDRAWAL,GB,CP-9068,ONLINE
TXN103665,CUS10105,2026-09-07 15:07:00,761.61,SEPA_OUT,ES,CP-9746,ONLINE
TXN103142,CUS10089,2026-09-07 15:08:00,3849.11,SEPA_OUT,NL,CP-5356,BRANCH
TXN101838,CUS10053,2026-09-07 15:18:00,81147.19,CASH_WITHDRAWAL,CH,CP-2099,ONLINE
TXN103703,CUS10107,2026-09-07 16:14:00,42662.15,SEPA_IN,GB,CP-8681,BRANCH
TXN101354,CUS10040,2026-09-07 16:52:00,5254.34,WIRE_IN,VN,CP-7911,BRANCH
TXN105996,CUS10165,2026-09-07 16:56:00,104775.5,WIRE_IN,AT,CP-5280,ONLINE
TXN101045,CUS10030,2026-09-07 17:20:00,8448.97,WIRE_IN,BE,CP-9052,ONLINE
TXN104572,CUS10129,2026-09-07 17:25:00,3979.29,SEPA_IN,AU,CP-7668,ONLINE
TXN102814,CUS10080,2026-09-07 17:54:00,361005.89,CASH_DEPOSIT,FI,CP-7151,BRANCH
TXN105334,CUS10147,2026-09-07 18:20:00,11236.43,CASH_WITHDRAWAL,VN,CP-3986,MOBILE
TXN103074,CUS10087,2026-09-07 18:34:00,46359.31,CASH_DEPOSIT,NG,CP-6677,API
TXN105196,CUS10144,2026-09-07 18:41:00,9494.08,CASH_DEPOSIT,PH,CP-5405,BRANCH
TXN103291,CUS10094,2026-09-07 18:48:00,1138.85,CASH_WITHDRAWAL,IE,CP-2002,BRANCH
TXN103519,CUS10100,2026-09-07 18:57:00,353.64,WIRE_OUT,SE,CP-4222,ONLINE
TXN103133,CUS10089,2026-09-07 18:58:00,13777.91,SEPA_IN,AT,CP-1702,API
TXN106631,CUS10163,2026-09-07 22:00:00,242273.4,WIRE_OUT,AT,CP-4941,ONLINE
TXN106640,CUS10119,2026-09-08 01:00:00,1390702.82,WIRE_IN,LU,CP-6970,ONLINE
TXN105557,CUS10152,2026-09-08 08:00:00,192855.26,SEPA_OUT,HR,CP-3469,BRANCH
TXN103445,CUS10098,2026-09-08 08:27:00,836.24,WIRE_IN,AE,CP-7305,ONLINE
TXN103332,CUS10095,2026-09-08 08:42:00,7432.34,WIRE_IN,AU,CP-3814,ONLINE
TXN103504,CUS10099,2026-09-08 08:43:00,1394.51,SEPA_OUT,BE,CP-7449,BRANCH
TXN105904,CUS10162,2026-09-08 08:43:00,40766.14,CASH_WITHDRAWAL,ZA,CP-6398,MOBILE
TXN100202,CUS10005,2026-09-08 08:50:00,4955.06,CASH_DEPOSIT,TR,CP-2392,ONLINE
TXN100529,CUS10015,2026-09-08 08:54:00,20211.43,CASH_DEPOSIT,PL,CP-6167,MOBILE
TXN103812,CUS10109,2026-09-08 08:54:00,4199.92,SEPA_IN,CH,CP-2676,API
TXN106622,CUS10163,2026-09-08 09:00:00,315418.39,WIRE_IN,JP,CP-8891,ONLINE
TXN101371,CUS10041,2026-09-08 09:04:00,32773.83,WIRE_IN,IT,CP-6064,BRANCH
TXN102129,CUS10062,2026-09-08 09:05:00,148027.37,CASH_WITHDRAWAL,IT,CP-2540,MOBILE
TXN106493,CUS10179,2026-09-08 09:06:00,3542.4,WIRE_OUT,SG,CP-8297,ONLINE
TXN101284,CUS10036,2026-09-08 09:18:00,22218.16,SEPA_IN,HR,CP-5337,BRANCH
TXN104396,CUS10125,2026-09-08 09:22:00,2027.05,SEPA_IN,IE,CP-5743,BRANCH
TXN106375,CUS10176,2026-09-08 09:23:00,10033.25,SEPA_IN,MC,CP-2418,API
TXN102458,CUS10072,2026-09-08 09:29:00,62143.71,WIRE_OUT,ES,CP-2665,ONLINE
TXN103201,CUS10091,2026-09-08 09:54:00,117120.64,SEPA_OUT,FI,CP-8864,API
TXN103284,CUS10094,2026-09-08 09:57:00,2389.46,SEPA_OUT,IE,CP-6398,ONLINE
TXN100636,CUS10019,2026-09-08 10:13:00,80498.45,CASH_DEPOSIT,BE,CP-9869,BRANCH
TXN102442,CUS10071,2026-09-08 10:15:00,1481.87,SEPA_IN,US,CP-9339,API
TXN103049,CUS10086,2026-09-08 10:17:00,5429.06,SEPA_IN,CA,CP-6874,ONLINE
TXN103150,CUS10090,2026-09-08 10:25:00,16343.83,SEPA_IN,JP,CP-3733,ONLINE
TXN105863,CUS10161,2026-09-08 10:34:00,9920.12,CASH_DEPOSIT,LU,CP-2386,API
TXN103365,CUS10096,2026-09-08 10:49:00,397603.76,SEPA_OUT,HR,CP-8828,BRANCH
TXN105732,CUS10157,2026-09-08 11:08:00,9444.09,SEPA_IN,NG,CP-4062,MOBILE
TXN105729,CUS10157,2026-09-08 11:18:00,3995.27,CASH_DEPOSIT,NG,CP-2868,BRANCH
TXN104934,CUS10138,2026-09-08 11:40:00,14421.82,WIRE_OUT,ZA,CP-9763,MOBILE
TXN100449,CUS10013,2026-09-08 12:01:00,1785.58,SEPA_IN,KE,CP-9426,MOBILE
TXN102406,CUS10071,2026-09-08 12:14:00,1473.22,CASH_DEPOSIT,US,CP-8820,API
TXN103034,CUS10085,2026-09-08 12:22:00,43679.93,WIRE_OUT,PH,CP-1272,BRANCH
TXN103276,CUS10093,2026-09-08 12:32:00,21251.39,WIRE_IN,SE,CP-1167,API
TXN103679,CUS10106,2026-09-08 12:41:00,38967.47,CASH_WITHDRAWAL,IT,CP-8979,API
TXN101490,CUS10044,2026-09-08 12:42:00,5359.0,SEPA_IN,CH,CP-8516,ONLINE
TXN105673,CUS10156,2026-09-08 13:13:00,798163.21,WIRE_IN,NL,CP-1710,ONLINE
TXN105672,CUS10156,2026-09-08 13:42:00,49896.82,WIRE_IN,NL,CP-4576,BRANCH
TXN100887,CUS10026,2026-09-08 13:51:00,6251.55,WIRE_IN,FI,CP-1517,MOBILE
TXN103124,CUS10088,2026-09-08 13:55:00,18634.91,SEPA_OUT,KE,CP-2480,API
TXN104423,CUS10126,2026-09-08 14:01:00,17760.19,WIRE_IN,FI,CP-4746,BRANCH
TXN105072,CUS10141,2026-09-08 14:27:00,67851.55,WIRE_OUT,SE,CP-6053,BRANCH
TXN102727,CUS10078,2026-09-08 14:35:00,12186.11,CASH_WITHDRAWAL,IT,CP-2938,MOBILE
TXN102652,CUS10076,2026-09-08 14:39:00,6269.83,CASH_DEPOSIT,JP,CP-5079,MOBILE
TXN103954,CUS10112,2026-09-08 14:42:00,26184.9,SEPA_IN,LU,CP-7176,ONLINE
TXN102790,CUS10079,2026-09-08 14:45:00,33534.6,SEPA_IN,JP,CP-1722,BRANCH
TXN100337,CUS10009,2026-09-08 14:48:00,16110.09,CASH_DEPOSIT,FI,CP-1999,MOBILE
TXN104643,CUS10132,2026-09-08 15:16:00,253171.75,SEPA_OUT,LU,CP-3624,MOBILE
TXN105601,CUS10153,2026-09-08 15:19:00,19176.48,WIRE_OUT,BE,CP-9012,API
TXN103360,CUS10096,2026-09-08 15:31:00,33121.5,SEPA_OUT,HR,CP-7262,BRANCH
TXN105417,CUS10149,2026-09-08 15:31:00,428.78,WIRE_IN,LU,CP-8353,API
TXN103233,CUS10092,2026-09-08 15:32:00,96128.86,CASH_DEPOSIT,CH,CP-5807,MOBILE
TXN104426,CUS10126,2026-09-08 15:36:00,11029.35,SEPA_OUT,FI,CP-3612,MOBILE
TXN105013,CUS10140,2026-09-08 15:49:00,6890.32,WIRE_IN,GB,CP-6334,BRANCH
TXN104749,CUS10134,2026-09-08 16:00:00,9011.61,CASH_WITHDRAWAL,LU,CP-7576,MOBILE
TXN106641,CUS10119,2026-09-08 16:00:00,1338530.19,WIRE_OUT,CH,CP-7482,ONLINE
TXN105316,CUS10147,2026-09-08 16:02:00,6224.68,WIRE_IN,NL,CP-4626,BRANCH
TXN105100,CUS10142,2026-09-08 16:31:00,189779.68,CASH_WITHDRAWAL,PL,CP-9201,MOBILE
TXN106181,CUS10170,2026-09-08 16:55:00,32633.71,WIRE_IN,FI,CP-5675,MOBILE
TXN104735,CUS10134,2026-09-08 16:56:00,17931.07,WIRE_OUT,FR,CP-9970,BRANCH
TXN102649,CUS10076,2026-09-08 16:58:00,8575.75,SEPA_OUT,JP,CP-8564,BRANCH
TXN104895,CUS10137,2026-09-08 16:58:00,20669.9,CASH_WITHDRAWAL,AU,CP-9012,BRANCH
TXN104974,CUS10139,2026-09-08 17:19:00,1283.37,WIRE_OUT,ES,CP-5112,ONLINE
TXN103129,CUS10089,2026-09-08 17:26:00,2997.93,SEPA_OUT,PA,CP-7715,ONLINE
TXN101887,CUS10055,2026-09-08 17:27:00,11699.11,WIRE_IN,CH,CP-7567,API
TXN100166,CUS10004,2026-09-08 18:03:00,80426.97,WIRE_IN,KE,CP-1794,ONLINE
TXN100259,CUS10007,2026-09-08 18:11:00,154865.33,WIRE_IN,MC,CP-1273,ONLINE
TXN101957,CUS10058,2026-09-08 18:12:00,80000.0,WIRE_OUT,GB,CP-8338,BRANCH
TXN104716,CUS10134,2026-09-08 18:15:00,56315.01,CASH_WITHDRAWAL,FR,CP-1432,API
TXN103057,CUS10086,2026-09-08 18:54:00,2453.41,SEPA_OUT,GB,CP-8353,ONLINE
TXN104411,CUS10126,2026-09-08 18:58:00,7935.95,WIRE_OUT,FI,CP-3686,BRANCH
TXN106609,CUS10115,2026-09-09 01:00:00,33964.34,WIRE_IN,DE,CP-7997,ONLINE
TXN106637,CUS10119,2026-09-09 07:00:00,659446.91,WIRE_IN,PH,CP-1299,ONLINE
TXN104254,CUS10120,2026-09-09 08:11:00,50238.41,WIRE_OUT,KE,CP-5295,ONLINE
TXN103554,CUS10101,2026-09-09 08:23:00,19120.99,WIRE_IN,AE,CP-4043,BRANCH
TXN100766,CUS10023,2026-09-09 08:24:00,4051.66,SEPA_IN,ES,CP-7391,ONLINE
TXN103861,CUS10110,2026-09-09 08:26:00,44317.42,CASH_WITHDRAWAL,AU,CP-1980,BRANCH
TXN102375,CUS10070,2026-09-09 08:40:00,66377.2,SEPA_OUT,DK,CP-4406,BRANCH
TXN103019,CUS10085,2026-09-09 08:59:00,64786.3,CASH_WITHDRAWAL,PH,CP-3651,MOBILE
TXN101323,CUS10038,2026-09-09 09:10:00,12298.35,CASH_DEPOSIT,US,CP-4902,API
TXN106083,CUS10168,2026-09-09 09:17:00,9276.0,WIRE_IN,NL,CP-1078,ONLINE
TXN101382,CUS10041,2026-09-09 09:31:00,46810.62,SEPA_IN,IT,CP-3780,API
TXN106138,CUS10169,2026-09-09 09:44:00,2157.68,WIRE_IN,SE,CP-6555,MOBILE
TXN102078,CUS10060,2026-09-09 09:52:00,7453.67,WIRE_OUT,GB,CP-2888,API
TXN101559,CUS10046,2026-09-09 10:07:00,33542.14,CASH_DEPOSIT,TR,CP-7024,API
TXN101186,CUS10033,2026-09-09 10:16:00,9493.09,SEPA_IN,PA,CP-8431,API
TXN102306,CUS10068,2026-09-09 11:03:00,67699.57,CASH_DEPOSIT,AU,CP-7364,BRANCH
TXN103569,CUS10102,2026-09-09 11:07:00,4293.85,CASH_WITHDRAWAL,BG,CP-7444,API
TXN101569,CUS10047,2026-09-09 11:07:00,1364.42,WIRE_OUT,PH,CP-1587,BRANCH
TXN104277,CUS10121,2026-09-09 11:30:00,1922.92,SEPA_IN,VN,CP-6332,MOBILE
TXN105959,CUS10164,2026-09-09 11:34:00,215455.93,SEPA_IN,AU,CP-4185,ONLINE
TXN101372,CUS10041,2026-09-09 11:40:00,2780.81,SEPA_IN,AT,CP-2393,ONLINE
TXN106319,CUS10174,2026-09-09 12:02:00,76552.45,CASH_DEPOSIT,FI,CP-3257,BRANCH
TXN102946,CUS10083,2026-09-09 12:12:00,44606.03,SEPA_IN,NL,CP-7497,MOBILE
TXN102049,CUS10060,2026-09-09 12:14:00,9434.9,CASH_DEPOSIT,GB,CP-9177,MOBILE
TXN100535,CUS10015,2026-09-09 12:15:00,43276.96,CASH_DEPOSIT,PL,CP-6621,API
TXN105235,CUS10145,2026-09-09 12:36:00,21795.36,SEPA_OUT,CA,CP-8566,API
TXN106592,CUS10022,2026-09-09 13:00:00,750000.0,WIRE_OUT,MM,CP-6518,ONLINE
TXN105286,CUS10146,2026-09-09 13:03:00,786.98,CASH_WITHDRAWAL,GB,CP-5310,BRANCH
TXN100562,CUS10016,2026-09-09 13:12:00,16729.33,CASH_DEPOSIT,NL,CP-8161,MOBILE
TXN100696,CUS10021,2026-09-09 13:17:00,2704.39,CASH_WITHDRAWAL,LU,CP-5641,BRANCH
TXN104152,CUS10118,2026-09-09 13:21:00,22319.1,SEPA_IN,ES,CP-4345,API
TXN103676,CUS10106,2026-09-09 13:40:00,44179.42,CASH_DEPOSIT,IT,CP-5054,MOBILE
TXN102201,CUS10064,2026-09-09 13:46:00,17882.65,CASH_DEPOSIT,SE,CP-4060,BRANCH
TXN104892,CUS10137,2026-09-09 13:47:00,13210.27,SEPA_IN,AU,CP-2844,BRANCH
TXN104826,CUS10136,2026-09-09 13:52:00,44580.9,WIRE_IN,AU,CP-6114,BRANCH
TXN105049,CUS10141,2026-09-09 14:03:00,35886.4,CASH_DEPOSIT,LU,CP-2341,ONLINE
TXN101053,CUS10030,2026-09-09 14:04:00,5132.82,SEPA_OUT,BE,CP-4829,ONLINE
TXN104799,CUS10135,2026-09-09 14:08:00,7526.73,CASH_WITHDRAWAL,SG,CP-4932,ONLINE
TXN104225,CUS10120,2026-09-09 14:21:00,63156.97,CASH_DEPOSIT,PL,CP-2812,MOBILE
TXN101235,CUS10036,2026-09-09 14:21:00,154623.77,SEPA_OUT,HR,CP-6706,MOBILE
TXN101998,CUS10059,2026-09-09 14:23:00,73141.44,WIRE_OUT,ES,CP-7436,BRANCH
TXN103299,CUS10094,2026-09-09 14:30:00,20699.62,WIRE_OUT,IE,CP-6867,BRANCH
TXN105113,CUS10142,2026-09-09 14:40:00,27097.92,CASH_DEPOSIT,PL,CP-9576,ONLINE
TXN100423,CUS10013,2026-09-09 14:53:00,9064.57,CASH_DEPOSIT,JP,CP-3903,BRANCH
TXN104022,CUS10113,2026-09-09 14:53:00,947.09,WIRE_OUT,CH,CP-6635,ONLINE
TXN102864,CUS10081,2026-09-09 15:05:00,5777.68,SEPA_IN,FI,CP-6215,BRANCH
TXN106153,CUS10169,2026-09-09 15:24:00,1038.09,WIRE_OUT,SE,CP-7770,ONLINE
TXN100725,CUS10022,2026-09-09 15:24:00,3596.39,WIRE_OUT,BE,CP-7959,ONLINE
TXN102199,CUS10064,2026-09-09 15:27:00,30779.6,WIRE_IN,AT,CP-4201,ONLINE
TXN102380,CUS10070,2026-09-09 15:31:00,9636.4,CASH_DEPOSIT,AT,CP-4176,MOBILE
TXN102552,CUS10074,2026-09-09 15:38:00,93067.63,SEPA_OUT,AE,CP-9497,MOBILE
TXN100624,CUS10018,2026-09-09 15:39:00,298090.74,WIRE_OUT,IT,CP-1301,MOBILE
TXN103650,CUS10104,2026-09-09 16:06:00,57751.18,CASH_DEPOSIT,SG,CP-9847,MOBILE
TXN100461,CUS10014,2026-09-09 16:09:00,85717.71,WIRE_IN,NL,CP-7456,ONLINE
TXN100068,CUS10002,2026-09-09 16:18:00,11129.2,WIRE_OUT,ZA,CP-3852,API
TXN105203,CUS10144,2026-09-09 16:42:00,7719.24,SEPA_IN,PH,CP-4532,ONLINE
TXN106634,CUS10119,2026-09-09 17:00:00,906839.91,WIRE_IN,AE,CP-5826,ONLINE
TXN100240,CUS10007,2026-09-09 17:08:00,44204.74,SEPA_OUT,AT,CP-6631,ONLINE
TXN103985,CUS10113,2026-09-09 17:12:00,787.76,WIRE_OUT,CH,CP-6775,MOBILE
TXN100041,CUS10001,2026-09-09 17:33:00,4778.9,SEPA_IN,KE,CP-4893,API
TXN100254,CUS10007,2026-09-09 17:38:00,24713.57,SEPA_IN,AT,CP-1439,API
TXN104215,CUS10119,2026-09-09 17:53:00,130258.09,SEPA_OUT,FI,CP-9197,API
TXN101154,CUS10033,2026-09-09 18:15:00,77491.36,SEPA_OUT,PA,CP-3297,MOBILE
TXN102299,CUS10068,2026-09-09 18:19:00,12518.87,SEPA_OUT,AU,CP-1667,API
TXN105818,CUS10159,2026-09-09 18:26:00,30661.03,SEPA_OUT,FI,CP-7971,ONLINE
TXN106379,CUS10177,2026-09-09 18:38:00,44146.03,SEPA_IN,CA,CP-2716,BRANCH
TXN103979,CUS10113,2026-09-09 18:38:00,1799.29,CASH_WITHDRAWAL,CH,CP-9810,ONLINE
TXN100164,CUS10004,2026-09-09 18:43:00,90053.36,SEPA_OUT,KE,CP-9037,MOBILE
TXN104978,CUS10139,2026-09-09 18:59:00,5690.51,SEPA_OUT,ES,CP-4590,MOBILE
TXN106616,CUS10163,2026-09-09 19:00:00,173564.59,WIRE_IN,AT,CP-5923,ONLINE
TXN106607,CUS10115,2026-09-10 06:00:00,67793.76,WIRE_OUT,AT,CP-6466,ONLINE
TXN100630,CUS10019,2026-09-10 08:02:00,10758.86,CASH_DEPOSIT,BE,CP-5995,API
TXN104015,CUS10113,2026-09-10 08:04:00,2621.68,SEPA_IN,CH,CP-6753,ONLINE
TXN106346,CUS10175,2026-09-10 08:16:00,2948.45,SEPA_OUT,GB,CP-8021,BRANCH
TXN103322,CUS10095,2026-09-10 08:34:00,603.39,CASH_DEPOSIT,AU,CP-1532,MOBILE
TXN100948,CUS10028,2026-09-10 08:37:00,20087.25,WIRE_OUT,MC,CP-9253,MOBILE
TXN103811,CUS10109,2026-09-10 08:38:00,11662.95,WIRE_OUT,DK,CP-1478,BRANCH
TXN104367,CUS10124,2026-09-10 08:42:00,8552.21,CASH_DEPOSIT,SG,CP-7388,BRANCH
TXN101512,CUS10045,2026-09-10 08:49:00,46964.44,WIRE_OUT,CH,CP-5954,BRANCH
TXN100065,CUS10002,2026-09-10 09:16:00,24661.8,SEPA_OUT,TR,CP-4515,API
TXN104116,CUS10116,2026-09-10 09:40:00,6862.72,SEPA_IN,JP,CP-9086,MOBILE
TXN102341,CUS10069,2026-09-10 10:01:00,11670.24,CASH_WITHDRAWAL,IT,CP-1349,API
TXN104345,CUS10123,2026-09-10 10:24:00,4258.71,WIRE_OUT,DK,CP-6614,BRANCH
TXN104733,CUS10134,2026-09-10 10:56:00,12170.19,WIRE_OUT,FR,CP-8590,MOBILE
TXN104871,CUS10137,2026-09-10 11:06:00,61845.97,WIRE_OUT,AU,CP-4825,MOBILE
TXN106036,CUS10167,2026-09-10 11:32:00,41537.19,WIRE_IN,GB,CP-4800,MOBILE
TXN104301,CUS10121,2026-09-10 11:55:00,1397.41,SEPA_OUT,AE,CP-8438,API
TXN105693,CUS10156,2026-09-10 12:01:00,36057.78,SEPA_OUT,NL,CP-6380,BRANCH
TXN102544,CUS10073,2026-09-10 12:17:00,580692.77,SEPA_OUT,SG,CP-8586,MOBILE
TXN102146,CUS10062,2026-09-10 12:30:00,23153.03,CASH_WITHDRAWAL,IT,CP-4039,MOBILE
TXN102897,CUS10082,2026-09-10 12:49:00,33116.14,CASH_DEPOSIT,IE,CP-6307,BRANCH
TXN104605,CUS10131,2026-09-10 12:50:00,6802.72,CASH_WITHDRAWAL,US,CP-9425,ONLINE
TXN101254,CUS10036,2026-09-10 12:54:00,111256.31,WIRE_IN,LU,CP-9292,API
TXN106633,CUS10119,2026-09-10 13:00:00,953954.67,WIRE_OUT,BE,CP-5212,ONLINE
TXN101763,CUS10051,2026-09-10 13:05:00,5783.34,CASH_DEPOSIT,AE,CP-7048,API
TXN106094,CUS10168,2026-09-10 13:12:00,8828.51,WIRE_IN,NL,CP-2750,MOBILE
TXN105045,CUS10141,2026-09-10 13:24:00,98156.77,SEPA_OUT,SE,CP-5176,ONLINE
TXN102086,CUS10061,2026-09-10 13:32:00,13874.35,WIRE_OUT,PL,CP-5198,API
TXN103498,CUS10099,2026-09-10 13:32:00,1799.39,SEPA_IN,BE,CP-9922,ONLINE
TXN102057,CUS10060,2026-09-10 13:36:00,16773.07,WIRE_OUT,TR,CP-3082,API
TXN103983,CUS10113,2026-09-10 13:47:00,1696.08,SEPA_IN,CH,CP-1480,ONLINE
TXN106038,CUS10167,2026-09-10 13:47:00,40154.73,WIRE_OUT,ES,CP-4682,ONLINE
TXN104520,CUS10128,2026-09-10 13:48:00,28206.07,WIRE_IN,BE,CP-2376,MOBILE
TXN102143,CUS10062,2026-09-10 14:04:00,101292.38,SEPA_IN,IT,CP-6859,MOBILE
TXN103088,CUS10087,2026-09-10 14:11:00,17495.91,WIRE_IN,NG,CP-6135,BRANCH
TXN102502,CUS10073,2026-09-10 14:23:00,63930.84,CASH_WITHDRAWAL,SG,CP-9022,API
TXN106075,CUS10168,2026-09-10 14:28:00,4497.89,WIRE_OUT,NL,CP-7308,API
TXN105878,CUS10161,2026-09-10 14:31:00,21666.67,CASH_DEPOSIT,LU,CP-6545,ONLINE
TXN106119,CUS10169,2026-09-10 14:34:00,1582.0,SEPA_IN,SE,CP-5739,ONLINE
TXN105888,CUS10162,2026-09-10 14:37:00,13599.15,SEPA_IN,PL,CP-9611,MOBILE
TXN100024,CUS10000,2026-09-10 14:41:00,53911.43,WIRE_OUT,KE,CP-9624,ONLINE
TXN101057,CUS10030,2026-09-10 15:02:00,10647.23,SEPA_OUT,BE,CP-5739,BRANCH
TXN100150,CUS10004,2026-09-10 15:03:00,50911.85,CASH_WITHDRAWAL,MC,CP-7244,API
TXN101356,CUS10040,2026-09-10 15:08:00,5383.12,SEPA_IN,FR,CP-6912,BRANCH
TXN105552,CUS10152,2026-09-10 15:14:00,72584.06,CASH_DEPOSIT,HR,CP-6920,ONLINE
TXN103989,CUS10113,2026-09-10 15:22:00,2242.13,WIRE_IN,CH,CP-4816,ONLINE
TXN104806,CUS10136,2026-09-10 15:34:00,23068.74,SEPA_OUT,FR,CP-7818,ONLINE
TXN105357,CUS10148,2026-09-10 15:35:00,10100.61,SEPA_IN,JP,CP-7444,BRANCH
TXN104057,CUS10114,2026-09-10 15:35:00,29828.46,WIRE_OUT,IT,CP-6073,API
TXN100430,CUS10013,2026-09-10 15:37:00,1616.9,CASH_WITHDRAWAL,JP,CP-7839,API
TXN102813,CUS10080,2026-09-10 16:02:00,64447.72,SEPA_IN,FI,CP-4872,MOBILE
TXN101918,CUS10056,2026-09-10 16:11:00,18211.24,CASH_WITHDRAWAL,BG,CP-2244,BRANCH
TXN100293,CUS10008,2026-09-10 16:15:00,164437.46,WIRE_IN,ES,CP-3290,ONLINE
TXN102010,CUS10059,2026-09-10 16:40:00,23030.07,SEPA_IN,ES,CP-5086,ONLINE
TXN104868,CUS10137,2026-09-10 16:41:00,23432.0,WIRE_IN,AU,CP-7223,MOBILE
TXN104556,CUS10129,2026-09-10 16:42:00,931.92,WIRE_IN,GB,CP-1741,BRANCH
TXN106087,CUS10168,2026-09-10 16:42:00,2415.78,SEPA_IN,VN,CP-3520,MOBILE
TXN100639,CUS10019,2026-09-10 16:46:00,14785.37,SEPA_IN,BE,CP-3384,ONLINE
TXN102379,CUS10070,2026-09-10 16:47:00,25656.03,CASH_WITHDRAWAL,DK,CP-5237,BRANCH
TXN104830,CUS10136,2026-09-10 16:54:00,83489.38,CASH_DEPOSIT,CA,CP-7903,API
TXN100541,CUS10015,2026-09-10 17:03:00,16876.73,CASH_WITHDRAWAL,PL,CP-3676,ONLINE
TXN100409,CUS10012,2026-09-10 17:03:00,12576.31,WIRE_OUT,TR,CP-9283,MOBILE
TXN102957,CUS10083,2026-09-10 17:17:00,34482.68,SEPA_IN,NL,CP-3968,MOBILE
TXN100416,CUS10013,2026-09-10 17:38:00,14411.66,CASH_WITHDRAWAL,JP,CP-6952,MOBILE
TXN105277,CUS10146,2026-09-10 18:00:00,758.63,SEPA_IN,GB,CP-6526,ONLINE
TXN106091,CUS10168,2026-09-10 18:46:00,8980.74,CASH_WITHDRAWAL,NL,CP-8935,ONLINE
TXN104944,CUS10138,2026-09-10 18:53:00,84357.52,SEPA_OUT,SE,CP-1077,ONLINE
TXN102892,CUS10082,2026-09-10 18:54:00,15407.11,WIRE_OUT,IE,CP-4016,BRANCH
TXN106386,CUS10177,2026-09-10 18:59:00,40861.27,SEPA_IN,CA,CP-1687,MOBILE
TXN106627,CUS10163,2026-09-11 02:00:00,349088.69,WIRE_IN,SE,CP-2222,ONLINE
TXN101859,CUS10054,2026-09-11 08:08:00,5131.38,WIRE_OUT,DE,CP-8697,ONLINE
TXN100336,CUS10009,2026-09-11 08:09:00,10763.45,WIRE_IN,AE,CP-2404,API
TXN103396,CUS10097,2026-09-11 08:10:00,6243.79,SEPA_IN,DK,CP-9782,API
TXN105660,CUS10155,2026-09-11 08:27:00,7976.03,CASH_DEPOSIT,CA,CP-9840,API
TXN104013,CUS10113,2026-09-11 08:44:00,4884.47,WIRE_OUT,CH,CP-9028,BRANCH
TXN103578,CUS10102,2026-09-11 08:53:00,1085.1,WIRE_OUT,KE,CP-1225,ONLINE
TXN106606,CUS10115,2026-09-11 09:00:00,52570.05,WIRE_IN,AT,CP-2830,ONLINE
TXN102326,CUS10069,2026-09-11 09:15:00,3479.55,WIRE_OUT,CH,CP-9682,BRANCH
TXN103674,CUS10106,2026-09-11 09:21:00,39565.22,CASH_WITHDRAWAL,IT,CP-5985,BRANCH
TXN105366,CUS10148,2026-09-11 09:29:00,62000.19,WIRE_IN,JP,CP-3056,API
TXN101839,CUS10053,2026-09-11 09:35:00,70552.36,WIRE_OUT,FI,CP-9413,ONLINE
TXN106275,CUS10172,2026-09-11 09:36:00,2229.08,SEPA_IN,ES,CP-4029,API
TXN103187,CUS10091,2026-09-11 09:36:00,170341.76,SEPA_IN,CH,CP-3140,ONLINE
TXN106194,CUS10170,2026-09-11 09:45:00,4756.97,CASH_WITHDRAWAL,FI,CP-3518,BRANCH
TXN100345,CUS10010,2026-09-11 09:50:00,10033.24,CASH_DEPOSIT,US,CP-6633,MOBILE
TXN103948,CUS10112,2026-09-11 09:52:00,33304.98,WIRE_OUT,LU,CP-9279,MOBILE
TXN101191,CUS10034,2026-09-11 10:12:00,716.59,SEPA_IN,MC,CP-6711,MOBILE
TXN102153,CUS10062,2026-09-11 10:15:00,100224.17,SEPA_OUT,IT,CP-6926,BRANCH
TXN100584,CUS10017,2026-09-11 10:34:00,96384.14,CASH_WITHDRAWAL,KE,CP-8674,API
TXN105762,CUS10158,2026-09-11 10:50:00,19003.83,SEPA_OUT,AT,CP-6020,API
TXN106604,CUS10115,2026-09-11 11:00:00,38957.37,WIRE_OUT,DK,CP-8651,ONLINE
TXN103154,CUS10090,2026-09-11 11:10:00,3630.71,WIRE_OUT,JP,CP-2233,ONLINE
TXN105882,CUS10162,2026-09-11 11:26:00,142691.27,SEPA_OUT,AT,CP-5110,MOBILE
TXN100173,CUS10004,2026-09-11 11:44:00,54741.55,CASH_WITHDRAWAL,KE,CP-2320,ONLINE
TXN100607,CUS10017,2026-09-11 11:46:00,30788.0,SEPA_IN,KE,CP-8905,BRANCH
TXN104462,CUS10127,2026-09-11 12:00:00,40896.26,SEPA_OUT,AT,CP-6805,MOBILE
TXN102792,CUS10079,2026-09-11 12:19:00,14971.61,SEPA_IN,JP,CP-4686,ONLINE
TXN102953,CUS10083,2026-09-11 12:24:00,140682.62,WIRE_IN,MC,CP-3506,ONLINE
TXN106141,CUS10169,2026-09-11 12:26:00,2008.17,WIRE_OUT,SE,CP-2230,BRANCH
TXN104932,CUS10138,2026-09-11 12:35:00,71103.74,CASH_WITHDRAWAL,ZA,CP-5725,BRANCH
TXN104414,CUS10126,2026-09-11 12:45:00,9782.85,WIRE_IN,FI,CP-7534,API
TXN104589,CUS10130,2026-09-11 12:48:00,3512.72,WIRE_OUT,BE,CP-5473,MOBILE
TXN102090,CUS10061,2026-09-11 12:53:00,27057.12,WIRE_OUT,PL,CP-5970,API
TXN102328,CUS10069,2026-09-11 13:00:00,14536.95,WIRE_OUT,IT,CP-2777,API
TXN105060,CUS10141,2026-09-11 13:16:00,32640.39,SEPA_IN,SE,CP-1488,MOBILE
TXN105664,CUS10156,2026-09-11 13:20:00,56415.38,WIRE_IN,NL,CP-5715,BRANCH
TXN100987,CUS10029,2026-09-11 14:03:00,4203.25,WIRE_IN,NL,CP-8074,MOBILE
TXN103327,CUS10095,2026-09-11 14:03:00,1300.24,SEPA_OUT,AU,CP-7877,MOBILE
TXN102925,CUS10083,2026-09-11 14:14:00,50983.08,WIRE_IN,NL,CP-7077,MOBILE
TXN105519,CUS10151,2026-09-11 14:16:00,2504.19,WIRE_IN,AT,CP-6015,MOBILE
TXN103559,CUS10101,2026-09-11 14:18:00,29473.03,WIRE_OUT,AE,CP-3185,API
TXN102838,CUS10080,2026-09-11 14:22:00,491701.99,CASH_WITHDRAWAL,FI,CP-7175,BRANCH
TXN102647,CUS10076,2026-09-11 14:25:00,1353.46,CASH_WITHDRAWAL,SE,CP-8933,ONLINE
TXN101055,CUS10030,2026-09-11 14:28:00,2434.69,CASH_WITHDRAWAL,BE,CP-9199,BRANCH
TXN102479,CUS10072,2026-09-11 14:29:00,72532.62,WIRE_IN,MC,CP-9753,API
TXN101507,CUS10045,2026-09-11 14:43:00,178947.56,CASH_DEPOSIT,NG,CP-3280,BRANCH
TXN104723,CUS10134,2026-09-11 14:46:00,6536.57,WIRE_OUT,FR,CP-7948,ONLINE
TXN101822,CUS10053,2026-09-11 14:48:00,69613.87,SEPA_OUT,CH,CP-1906,MOBILE
TXN104155,CUS10118,2026-09-11 14:51:00,17511.35,SEPA_OUT,ZA,CP-5642,API
TXN100850,CUS10025,2026-09-11 14:55:00,1265.49,CASH_WITHDRAWAL,IE,CP-8799,ONLINE
TXN101385,CUS10041,2026-09-11 15:02:00,10587.75,SEPA_IN,IT,CP-7568,MOBILE
TXN101373,CUS10041,2026-09-11 15:02:00,2291.98,WIRE_IN,IT,CP-6056,ONLINE
TXN102055,CUS10060,2026-09-11 15:04:00,4326.93,SEPA_IN,GB,CP-7832,BRANCH
TXN101702,CUS10050,2026-09-11 15:05:00,138466.14,WIRE_IN,NG,CP-3990,ONLINE
TXN101144,CUS10032,2026-09-11 15:29:00,3627.92,WIRE_IN,AT,CP-2492,API
TXN103625,CUS10104,2026-09-11 15:42:00,19518.98,SEPA_IN,SG,CP-9725,MOBILE
TXN102812,CUS10080,2026-09-11 15:44:00,334932.73,CASH_WITHDRAWAL,IT,CP-2543,MOBILE
TXN101043,CUS10030,2026-09-11 16:12:00,4040.26,WIRE_IN,DK,CP-2970,BRANCH
TXN104053,CUS10114,2026-09-11 16:43:00,24347.47,WIRE_IN,IT,CP-8242,API
TXN106301,CUS10173,2026-09-11 16:49:00,13156.5,SEPA_IN,CH,CP-3795,API
TXN101544,CUS10046,2026-09-11 16:55:00,25737.06,WIRE_OUT,TR,CP-9653,MOBILE
TXN103482,CUS10099,2026-09-11 16:58:00,1560.37,WIRE_IN,KE,CP-7062,MOBILE
TXN106158,CUS10169,2026-09-11 16:59:00,2243.13,CASH_DEPOSIT,SE,CP-3817,ONLINE
TXN102074,CUS10060,2026-09-11 17:02:00,5084.22,CASH_WITHDRAWAL,FR,CP-3160,MOBILE
TXN100308,CUS10009,2026-09-11 17:09:00,32273.04,WIRE_OUT,FI,CP-9064,API
TXN100012,CUS10000,2026-09-11 17:28:00,101131.18,CASH_DEPOSIT,AT,CP-6295,API
TXN106384,CUS10177,2026-09-11 17:30:00,59220.25,WIRE_OUT,CA,CP-7924,MOBILE
TXN102429,CUS10071,2026-09-11 17:50:00,3189.47,WIRE_OUT,ES,CP-4119,ONLINE
TXN104848,CUS10136,2026-09-11 18:05:00,26581.83,SEPA_IN,PL,CP-9420,API
TXN105345,CUS10148,2026-09-11 18:07:00,79554.47,WIRE_OUT,KE,CP-3446,ONLINE
TXN101488,CUS10044,2026-09-11 18:18:00,2458.96,CASH_DEPOSIT,DK,CP-3741,BRANCH
TXN101381,CUS10041,2026-09-11 18:31:00,5640.28,WIRE_IN,IT,CP-3336,API
TXN101263,CUS10036,2026-09-11 18:41:00,19948.67,WIRE_OUT,PL,CP-7876,BRANCH
TXN105830,CUS10159,2026-09-11 18:48:00,68971.24,SEPA_IN,SG,CP-3655,BRANCH
TXN105549,CUS10152,2026-09-11 18:50:00,241119.86,SEPA_IN,HR,CP-4548,MOBILE
TXN106630,CUS10163,2026-09-11 22:00:00,252205.33,WIRE_OUT,PH,CP-7464,ONLINE
TXN106639,CUS10119,2026-09-12 02:00:00,707720.92,WIRE_OUT,ZA,CP-5071,ONLINE
TXN105722,CUS10157,2026-09-12 08:00:00,2255.7,CASH_WITHDRAWAL,NG,CP-2723,ONLINE
TXN101453,CUS10043,2026-09-12 08:18:00,667937.84,CASH_DEPOSIT,BE,CP-1076,MOBILE
TXN101022,CUS10029,2026-09-12 08:29:00,2043.14,WIRE_OUT,NL,CP-9737,BRANCH
TXN103097,CUS10087,2026-09-12 08:34:00,132911.58,CASH_WITHDRAWAL,KE,CP-6576,BRANCH
TXN105338,CUS10147,2026-09-12 08:52:00,15780.97,CASH_WITHDRAWAL,VN,CP-8657,ONLINE
TXN104469,CUS10127,2026-09-12 08:56:00,28401.77,WIRE_IN,AT,CP-9547,API
TXN105759,CUS10158,2026-09-12 08:58:00,82455.82,SEPA_IN,AT,CP-6493,MOBILE
TXN100933,CUS10027,2026-09-12 09:07:00,3587.69,CASH_DEPOSIT,IE,CP-3131,MOBILE
TXN101906,CUS10056,2026-09-12 09:07:00,5928.99,SEPA_IN,AT,CP-7911,MOBILE
TXN103563,CUS10102,2026-09-12 09:16:00,5417.55,WIRE_IN,BG,CP-2069,MOBILE
TXN100226,CUS10006,2026-09-12 09:17:00,2193.27,SEPA_IN,KE,CP-9880,ONLINE
TXN106010,CUS10166,2026-09-12 09:40:00,79509.16,WIRE_OUT,SG,CP-5163,BRANCH
TXN101240,CUS10036,2026-09-12 09:43:00,30765.66,WIRE_OUT,ZA,CP-7169,MOBILE
TXN103326,CUS10095,2026-09-12 09:52:00,2079.33,SEPA_IN,AU,CP-1782,API
TXN100490,CUS10014,2026-09-12 10:03:00,82803.52,WIRE_OUT,NL,CP-9464,MOBILE
TXN102742,CUS10078,2026-09-12 10:08:00,4314.27,SEPA_OUT,CA,CP-1000,ONLINE
TXN102797,CUS10080,2026-09-12 10:14:00,19968.49,SEPA_IN,GB,CP-2560,ONLINE
TXN102114,CUS10061,2026-09-12 10:52:00,37683.18,CASH_WITHDRAWAL,KE,CP-7493,ONLINE
TXN104652,CUS10133,2026-09-12 10:54:00,2160.67,CASH_DEPOSIT,DE,CP-2832,MOBILE
TXN102424,CUS10071,2026-09-12 10:59:00,1224.13,SEPA_OUT,US,CP-5181,BRANCH
TXN100936,CUS10027,2026-09-12 11:01:00,9203.35,CASH_DEPOSIT,BG,CP-4747,ONLINE
TXN104033,CUS10114,2026-09-12 11:05:00,2149.62,SEPA_OUT,IT,CP-4940,ONLINE
TXN105332,CUS10147,2026-09-12 11:59:00,25571.81,WIRE_IN,AU,CP-9150,MOBILE
TXN102340,CUS10069,2026-09-12 12:00:00,14575.27,SEPA_IN,IT,CP-6847,MOBILE
TXN104387,CUS10125,2026-09-12 12:04:00,1324.43,CASH_WITHDRAWAL,IE,CP-7258,ONLINE
TXN105992,CUS10165,2026-09-12 12:05:00,18747.42,WIRE_OUT,TR,CP-4652,BRANCH
TXN105461,CUS10150,2026-09-12 12:08:00,35313.82,SEPA_OUT,PL,CP-3404,BRANCH
TXN103785,CUS10109,2026-09-12 12:10:00,5364.6,WIRE_OUT,CH,CP-2949,API
TXN106486,CUS10179,2026-09-12 12:13:00,1735.97,WIRE_IN,SG,CP-5072,MOBILE
TXN105783,CUS10158,2026-09-12 12:18:00,223246.97,SEPA_OUT,US,CP-5732,BRANCH
TXN103521,CUS10100,2026-09-12 12:26:00,283.47,SEPA_OUT,SE,CP-7687,BRANCH
TXN100530,CUS10015,2026-09-12 12:31:00,69447.8,CASH_DEPOSIT,PL,CP-5591,MOBILE
TXN104561,CUS10129,2026-09-12 12:50:00,8241.66,SEPA_OUT,AU,CP-8425,ONLINE
TXN100232,CUS10006,2026-09-12 12:54:00,2160.69,CASH_WITHDRAWAL,CA,CP-2560,BRANCH
TXN102288,CUS10068,2026-09-12 13:01:00,25834.05,SEPA_IN,BG,CP-6549,MOBILE
TXN100741,CUS10022,2026-09-12 13:03:00,1496.99,WIRE_IN,BE,CP-1860,BRANCH
TXN106015,CUS10166,2026-09-12 13:04:00,41837.83,CASH_WITHDRAWAL,NL,CP-1030,API
TXN100087,CUS10003,2026-09-12 13:12:00,5420.12,CASH_DEPOSIT,SE,CP-8648,MOBILE
TXN103383,CUS10096,2026-09-12 13:14:00,189509.21,WIRE_OUT,HR,CP-5446,MOBILE
TXN106028,CUS10167,2026-09-12 13:22:00,4323.69,WIRE_IN,ES,CP-3796,BRANCH
TXN103485,CUS10099,2026-09-12 13:30:00,1379.6,CASH_WITHDRAWAL,BE,CP-5757,ONLINE
TXN103271,CUS10093,2026-09-12 13:44:00,4144.97,WIRE_OUT,SE,CP-2465,API
TXN102441,CUS10071,2026-09-12 13:59:00,12582.16,WIRE_OUT,CH,CP-5375,MOBILE
TXN101580,CUS10047,2026-09-12 14:02:00,2445.93,SEPA_IN,PH,CP-5403,API
TXN100609,CUS10017,2026-09-12 14:05:00,275802.24,SEPA_IN,BG,CP-6700,MOBILE
TXN103630,CUS10104,2026-09-12 14:10:00,67144.99,WIRE_OUT,SG,CP-3757,MOBILE
TXN100045,CUS10001,2026-09-12 14:11:00,2342.55,WIRE_IN,KE,CP-9576,API
TXN100306,CUS10009,2026-09-12 14:22:00,57898.19,WIRE_OUT,ZA,CP-3885,BRANCH
TXN100080,CUS10002,2026-09-12 14:39:00,6990.32,SEPA_OUT,FI,CP-9938,API
TXN105223,CUS10145,2026-09-12 14:46:00,1981.95,CASH_DEPOSIT,CA,CP-6379,API
TXN105890,CUS10162,2026-09-12 14:59:00,69454.57,SEPA_IN,PL,CP-3654,MOBILE
TXN103116,CUS10088,2026-09-12 15:19:00,17834.57,SEPA_IN,CH,CP-6727,ONLINE
TXN104399,CUS10125,2026-09-12 15:25:00,8858.23,SEPA_OUT,IE,CP-6931,API
TXN106066,CUS10168,2026-09-12 15:28:00,4270.42,SEPA_OUT,NL,CP-2541,ONLINE
TXN104901,CUS10137,2026-09-12 15:30:00,9228.93,WIRE_IN,AU,CP-5262,API
TXN101876,CUS10055,2026-09-12 15:30:00,5314.98,CASH_WITHDRAWAL,ES,CP-7646,MOBILE
TXN101840,CUS10053,2026-09-12 15:39:00,75190.03,WIRE_OUT,CH,CP-2197,MOBILE
TXN101232,CUS10036,2026-09-12 15:40:00,38825.44,SEPA_IN,SE,CP-7171,ONLINE
TXN101604,CUS10047,2026-09-12 15:40:00,1415.91,WIRE_OUT,ES,CP-8439,ONLINE
TXN104288,CUS10121,2026-09-12 15:41:00,13935.24,WIRE_OUT,AE,CP-5600,BRANCH
TXN105700,CUS10156,2026-09-12 15:50:00,81650.94,SEPA_OUT,NL,CP-3397,BRANCH
TXN100726,CUS10022,2026-09-12 15:54:00,4228.57,CASH_WITHDRAWAL,BE,CP-9220,API
TXN104098,CUS10115,2026-09-12 15:57:00,3748.59,CASH_DEPOSIT,US,CP-8353,ONLINE
TXN100133,CUS10003,2026-09-12 16:09:00,6086.0,CASH_DEPOSIT,IT,CP-8239,ONLINE
TXN101365,CUS10041,2026-09-12 16:19:00,7340.74,SEPA_OUT,IT,CP-3569,API
TXN100443,CUS10013,2026-09-12 16:22:00,3879.94,CASH_WITHDRAWAL,JP,CP-6207,BRANCH
TXN105889,CUS10162,2026-09-12 16:40:00,62942.78,SEPA_OUT,PL,CP-4247,ONLINE
TXN104785,CUS10135,2026-09-12 16:55:00,3262.94,CASH_DEPOSIT,SE,CP-2670,BRANCH
TXN104264,CUS10120,2026-09-12 17:00:00,39719.43,WIRE_IN,PL,CP-4396,API
TXN103041,CUS10085,2026-09-12 17:25:00,47241.83,CASH_DEPOSIT,PH,CP-1063,MOBILE
TXN101679,CUS10049,2026-09-12 17:38:00,2950.04,CASH_WITHDRAWAL,AT,CP-8756,BRANCH
TXN104683,CUS10133,2026-09-12 17:48:00,1190.5,CASH_DEPOSIT,SG,CP-3074,MOBILE
TXN105064,CUS10141,2026-09-12 18:02:00,75537.02,WIRE_OUT,SE,CP-5492,ONLINE
TXN105948,CUS10164,2026-09-12 18:02:00,10982.36,SEPA_IN,AU,CP-2714,BRANCH
TXN104617,CUS10132,2026-09-12 18:04:00,8609.3,CASH_WITHDRAWAL,FR,CP-4737,BRANCH
TXN100682,CUS10021,2026-09-12 18:21:00,1369.37,SEPA_IN,HR,CP-2084,BRANCH
TXN101989,CUS10059,2026-09-12 18:24:00,117729.15,CASH_DEPOSIT,ES,CP-7336,MOBILE
TXN101450,CUS10043,2026-09-12 18:26:00,106688.68,SEPA_OUT,BE,CP-6206,API
TXN100396,CUS10011,2026-09-12 18:31:00,5291.21,WIRE_IN,IE,CP-9383,ONLINE
TXN102198,CUS10064,2026-09-12 18:50:00,12470.49,CASH_WITHDRAWAL,MC,CP-3882,API
TXN102878,CUS10081,2026-09-12 18:54:00,5263.89,WIRE_OUT,AT,CP-6635,BRANCH
TXN104162,CUS10118,2026-09-13 08:05:00,16804.35,SEPA_OUT,PL,CP-2344,ONLINE
TXN105070,CUS10141,2026-09-13 08:08:00,16225.15,CASH_WITHDRAWAL,MC,CP-7347,BRANCH
TXN103343,CUS10096,2026-09-13 08:28:00,222928.05,CASH_DEPOSIT,PH,CP-7435,API
TXN101487,CUS10044,2026-09-13 08:31:00,2037.28,WIRE_IN,SE,CP-1740,ONLINE
TXN105268,CUS10146,2026-09-13 08:54:00,715.54,CASH_DEPOSIT,GB,CP-7144,API
TXN105117,CUS10142,2026-09-13 08:58:00,52002.24,WIRE_IN,PL,CP-3624,BRANCH
TXN100364,CUS10010,2026-09-13 09:00:00,14474.36,CASH_WITHDRAWAL,US,CP-7131,API
TXN106376,CUS10176,2026-09-13 09:01:00,5546.93,SEPA_OUT,MC,CP-1201,MOBILE
TXN101084,CUS10031,2026-09-13 09:05:00,56557.05,WIRE_IN,BG,CP-7183,API
TXN103463,CUS10099,2026-09-13 09:08:00,4724.65,SEPA_IN,BE,CP-8939,BRANCH
TXN100578,CUS10016,2026-09-13 09:25:00,2553.32,WIRE_IN,DE,CP-8786,BRANCH
TXN104075,CUS10114,2026-09-13 09:39:00,22806.98,CASH_WITHDRAWAL,IT,CP-5979,API
TXN105026,CUS10140,2026-09-13 09:42:00,3649.87,WIRE_IN,GB,CP-7980,ONLINE
TXN105713,CUS10157,2026-09-13 09:51:00,5729.08,WIRE_OUT,NG,CP-9093,MOBILE
TXN106146,CUS10169,2026-09-13 10:00:00,2192.16,WIRE_IN,SE,CP-5255,MOBILE
TXN105052,CUS10141,2026-09-13 10:03:00,54763.81,WIRE_OUT,SE,CP-4623,ONLINE
TXN103315,CUS10094,2026-09-13 10:11:00,11628.05,WIRE_OUT,IE,CP-7770,ONLINE
TXN105584,CUS10153,2026-09-13 10:27:00,53014.32,CASH_DEPOSIT,HR,CP-3286,ONLINE
TXN100606,CUS10017,2026-09-13 11:14:00,44872.15,SEPA_IN,KE,CP-2505,MOBILE
TXN102506,CUS10073,2026-09-13 11:17:00,800000.0,SEPA_IN,LU,CP-4443,MOBILE
TXN103402,CUS10097,2026-09-13 11:30:00,4871.99,SEPA_IN,DK,CP-8001,ONLINE
TXN101206,CUS10034,2026-09-13 11:30:00,1188.12,WIRE_IN,SE,CP-1155,ONLINE
TXN102254,CUS10066,2026-09-13 11:45:00,15298.99,SEPA_OUT,AT,CP-3008,API
TXN102636,CUS10075,2026-09-13 11:52:00,24265.67,SEPA_IN,AT,CP-9890,BRANCH
TXN100772,CUS10023,2026-09-13 11:59:00,6910.5,CASH_WITHDRAWAL,ES,CP-3319,MOBILE
TXN100441,CUS10013,2026-09-13 12:00:00,4059.1,CASH_WITHDRAWAL,JP,CP-3536,ONLINE
TXN106636,CUS10119,2026-09-13 12:00:00,850796.84,WIRE_OUT,VN,CP-6189,ONLINE
TXN101529,CUS10045,2026-09-13 12:02:00,34027.01,CASH_WITHDRAWAL,CH,CP-8282,ONLINE
TXN103209,CUS10091,2026-09-13 12:55:00,119561.26,SEPA_OUT,CH,CP-3429,ONLINE
TXN104719,CUS10134,2026-09-13 13:03:00,9113.01,SEPA_OUT,FR,CP-4477,API
TXN103740,CUS10108,2026-09-13 13:10:00,11761.24,SEPA_OUT,IE,CP-5436,MOBILE
TXN106145,CUS10169,2026-09-13 13:38:00,1746.96,WIRE_OUT,SE,CP-7369,ONLINE
TXN104632,CUS10132,2026-09-13 13:48:00,113517.24,CASH_DEPOSIT,FR,CP-3392,API
TXN104915,CUS10138,2026-09-13 13:53:00,24672.06,SEPA_OUT,ZA,CP-1351,BRANCH
TXN100667,CUS10020,2026-09-13 13:59:00,27756.16,SEPA_IN,DE,CP-6289,API
TXN105135,CUS10143,2026-09-13 13:59:00,43375.02,CASH_DEPOSIT,FR,CP-7099,API
TXN102629,CUS10075,2026-09-13 14:07:00,14196.0,WIRE_IN,AT,CP-9099,BRANCH
TXN105682,CUS10156,2026-09-13 14:20:00,37237.14,WIRE_IN,DE,CP-4746,BRANCH
TXN101463,CUS10043,2026-09-13 15:07:00,42200.51,WIRE_OUT,BE,CP-7771,MOBILE
TXN100101,CUS10003,2026-09-13 15:10:00,2976.06,CASH_WITHDRAWAL,IT,CP-7229,BRANCH
TXN105988,CUS10165,2026-09-13 15:47:00,59006.89,SEPA_OUT,IE,CP-3946,BRANCH
TXN106632,CUS10163,2026-09-13 16:00:00,325937.37,WIRE_OUT,DK,CP-2298,ONLINE
TXN102101,CUS10061,2026-09-13 16:17:00,10124.04,CASH_WITHDRAWAL,PL,CP-8859,ONLINE
TXN105910,CUS10162,2026-09-13 16:17:00,124890.45,WIRE_OUT,PL,CP-4294,MOBILE
TXN101513,CUS10045,2026-09-13 16:23:00,18720.5,CASH_DEPOSIT,CH,CP-5806,ONLINE
TXN106228,CUS10172,2026-09-13 16:25:00,4044.78,SEPA_OUT,ES,CP-2002,API
TXN103791,CUS10109,2026-09-13 16:38:00,5991.44,SEPA_IN,CH,CP-9529,API
TXN102013,CUS10059,2026-09-13 17:11:00,39288.28,WIRE_IN,ES,CP-9057,API
TXN102613,CUS10075,2026-09-13 17:58:00,20724.93,CASH_DEPOSIT,AT,CP-8308,ONLINE
TXN105471,CUS10151,2026-09-13 18:25:00,11309.59,CASH_WITHDRAWAL,VN,CP-1656,BRANCH
TXN100625,CUS10018,2026-09-13 18:33:00,55361.04,WIRE_OUT,IT,CP-1984,API
TXN104419,CUS10126,2026-09-13 18:48:00,1412.82,WIRE_IN,DK,CP-5193,BRANCH
TXN104926,CUS10138,2026-09-13 18:50:00,14551.88,SEPA_IN,ZA,CP-4016,BRANCH
TXN106284,CUS10173,2026-09-13 18:52:00,25902.33,WIRE_OUT,CH,CP-8165,MOBILE
TXN106362,CUS10176,2026-09-13 18:54:00,2765.01,SEPA_OUT,MC,CP-9805,MOBILE
TXN102028,CUS10059,2026-09-13 18:55:00,98551.2,SEPA_IN,PA,CP-2733,ONLINE
TXN104143,CUS10117,2026-09-13 18:59:00,106929.63,WIRE_OUT,PL,CP-3750,API
TXN100014,CUS10000,2026-09-14 08:22:00,20966.26,SEPA_IN,AT,CP-8565,MOBILE
TXN104952,CUS10138,2026-09-14 08:28:00,39192.68,WIRE_OUT,ZA,CP-8985,ONLINE
TXN103959,CUS10112,2026-09-14 08:33:00,48367.8,WIRE_OUT,IE,CP-2080,MOBILE
TXN103529,CUS10101,2026-09-14 08:37:00,35938.2,WIRE_OUT,AE,CP-1961,BRANCH
TXN106018,CUS10166,2026-09-14 08:40:00,74067.47,SEPA_IN,SG,CP-6496,BRANCH
TXN105503,CUS10151,2026-09-14 08:40:00,2758.4,SEPA_OUT,NL,CP-1189,MOBILE
TXN104262,CUS10120,2026-09-14 08:56:00,76501.73,WIRE_IN,PL,CP-4170,MOBILE
TXN104231,CUS10120,2026-09-14 09:11:00,123243.22,SEPA_IN,PL,CP-3535,MOBILE
TXN104449,CUS10127,2026-09-14 09:21:00,68987.31,CASH_WITHDRAWAL,AT,CP-7094,API
TXN105588,CUS10153,2026-09-14 09:23:00,53810.61,CASH_WITHDRAWAL,BE,CP-5996,BRANCH
TXN102043,CUS10059,2026-09-14 10:02:00,94135.25,SEPA_OUT,ES,CP-8617,MOBILE
TXN102047,CUS10060,2026-09-14 10:13:00,8271.56,SEPA_OUT,GB,CP-8737,BRANCH
TXN104659,CUS10133,2026-09-14 10:18:00,1096.52,SEPA_IN,SG,CP-1099,API
TXN102290,CUS10068,2026-09-14 10:30:00,167472.84,CASH_DEPOSIT,AU,CP-6582,ONLINE
TXN105422,CUS10149,2026-09-14 10:31:00,4369.94,CASH_WITHDRAWAL,SG,CP-4832,API
TXN101660,CUS10049,2026-09-14 11:05:00,11950.92,CASH_DEPOSIT,AT,CP-8758,BRANCH
TXN106251,CUS10172,2026-09-14 11:28:00,1564.72,CASH_WITHDRAWAL,ES,CP-9979,MOBILE
TXN105233,CUS10145,2026-09-14 11:30:00,3392.48,CASH_DEPOSIT,CA,CP-1631,ONLINE
TXN101142,CUS10032,2026-09-14 11:32:00,3695.34,SEPA_OUT,AT,CP-5512,BRANCH
TXN102904,CUS10082,2026-09-14 11:37:00,2475.7,CASH_DEPOSIT,IE,CP-9137,API
TXN101226,CUS10035,2026-09-14 11:47:00,43152.94,SEPA_IN,IE,CP-3087,API
TXN105329,CUS10147,2026-09-14 11:56:00,5150.21,CASH_WITHDRAWAL,VN,CP-9184,ONLINE
TXN102994,CUS10084,2026-09-14 12:07:00,972.81,SEPA_OUT,JP,CP-4577,ONLINE
TXN101690,CUS10049,2026-09-14 12:21:00,6662.34,SEPA_IN,AT,CP-5157,ONLINE
TXN103707,CUS10107,2026-09-14 13:13:00,245822.76,CASH_WITHDRAWAL,GB,CP-1132,API
TXN103346,CUS10096,2026-09-14 13:17:00,66376.36,WIRE_IN,HR,CP-7290,BRANCH
TXN104014,CUS10113,2026-09-14 13:17:00,3911.27,SEPA_IN,CH,CP-1078,BRANCH
TXN105370,CUS10148,2026-09-14 13:28:00,7711.84,SEPA_OUT,JP,CP-4054,API
TXN105568,CUS10153,2026-09-14 13:36:00,25920.89,SEPA_IN,GB,CP-1706,API
TXN102040,CUS10059,2026-09-14 13:44:00,47802.51,CASH_WITHDRAWAL,ES,CP-2079,API
TXN106237,CUS10172,2026-09-14 13:50:00,2172.74,WIRE_IN,ES,CP-8748,MOBILE
TXN100307,CUS10009,2026-09-14 13:51:00,12978.54,SEPA_IN,FI,CP-1462,API
TXN103878,CUS10111,2026-09-14 14:10:00,6112.85,CASH_DEPOSIT,SE,CP-5718,API
TXN101444,CUS10043,2026-09-14 14:18:00,114732.0,CASH_WITHDRAWAL,BE,CP-9691,API
TXN100213,CUS10006,2026-09-14 14:24:00,3508.13,WIRE_OUT,CA,CP-4371,API
TXN105269,CUS10146,2026-09-14 14:24:00,3718.34,CASH_DEPOSIT,GB,CP-2046,ONLINE
TXN105158,CUS10143,2026-09-14 14:32:00,35959.19,CASH_DEPOSIT,FR,CP-9782,MOBILE
TXN103093,CUS10087,2026-09-14 14:37:00,116575.21,WIRE_OUT,GB,CP-4439,MOBILE
TXN101904,CUS10056,2026-09-14 14:42:00,19119.57,CASH_WITHDRAWAL,BG,CP-8993,MOBILE
TXN104913,CUS10138,2026-09-14 15:58:00,23639.85,WIRE_OUT,ZA,CP-2621,MOBILE
TXN106404,CUS10177,2026-09-14 16:00:00,63235.19,WIRE_OUT,CA,CP-4874,ONLINE
TXN100438,CUS10013,2026-09-14 16:47:00,1066.53,CASH_WITHDRAWAL,JP,CP-4170,API
TXN105217,CUS10145,2026-09-14 16:47:00,2777.38,CASH_WITHDRAWAL,CA,CP-6398,API
TXN103055,CUS10086,2026-09-14 17:22:00,1049.75,WIRE_IN,CA,CP-6856,MOBILE
TXN100557,CUS10016,2026-09-14 17:29:00,5895.66,CASH_WITHDRAWAL,NL,CP-8126,API
TXN104812,CUS10136,2026-09-14 17:33:00,70616.4,CASH_DEPOSIT,IT,CP-9216,BRANCH
TXN101718,CUS10050,2026-09-14 17:44:00,146996.69,SEPA_OUT,NG,CP-8759,BRANCH
TXN102525,CUS10073,2026-09-14 17:45:00,122608.82,SEPA_OUT,SG,CP-4638,MOBILE
TXN103748,CUS10108,2026-09-14 18:15:00,65342.35,CASH_DEPOSIT,IE,CP-2264,MOBILE
TXN102984,CUS10084,2026-09-14 18:24:00,554.36,WIRE_OUT,ES,CP-1024,BRANCH
TXN105361,CUS10148,2026-09-14 18:37:00,22824.52,CASH_WITHDRAWAL,JP,CP-7035,ONLINE
TXN100483,CUS10014,2026-09-14 18:57:00,98063.92,SEPA_IN,DK,CP-7165,BRANCH
TXN100603,CUS10017,2026-09-15 08:33:00,246499.24,SEPA_IN,KE,CP-1107,API
TXN102769,CUS10079,2026-09-15 08:34:00,17803.25,SEPA_IN,HR,CP-2755,ONLINE
TXN106571,CUS10032,2026-09-15 09:00:00,643694.26,WIRE_IN,ZA,CP-4996,API
TXN103472,CUS10099,2026-09-15 09:09:00,2172.28,WIRE_IN,JP,CP-1480,ONLINE
TXN103582,CUS10103,2026-09-15 09:16:00,96819.49,CASH_WITHDRAWAL,PL,CP-9291,MOBILE
TXN106260,CUS10172,2026-09-15 09:17:00,6469.5,CASH_DEPOSIT,ES,CP-8975,MOBILE
TXN102173,CUS10063,2026-09-15 09:30:00,4704.52,SEPA_IN,VN,CP-2956,BRANCH
TXN101516,CUS10045,2026-09-15 09:52:00,279669.47,SEPA_OUT,CH,CP-6428,ONLINE
TXN106553,CUS10133,2026-09-15 10:00:00,445057.61,WIRE_IN,NG,CP-1368,API
TXN101360,CUS10041,2026-09-15 10:01:00,8231.89,WIRE_OUT,IT,CP-2294,BRANCH
TXN104673,CUS10133,2026-09-15 10:02:00,895.73,SEPA_IN,SG,CP-7664,MOBILE
TXN101674,CUS10049,2026-09-15 10:04:00,15171.47,CASH_DEPOSIT,AT,CP-4703,API
TXN102453,CUS10072,2026-09-15 10:22:00,23502.19,WIRE_IN,ES,CP-9062,MOBILE
TXN100855,CUS10025,2026-09-15 10:34:00,1319.66,SEPA_IN,IE,CP-5932,API
TXN101939,CUS10057,2026-09-15 10:53:00,9012.84,CASH_WITHDRAWAL,LU,CP-9109,ONLINE
TXN105938,CUS10163,2026-09-15 11:04:00,56385.18,CASH_WITHDRAWAL,DE,CP-1092,API
TXN100642,CUS10019,2026-09-15 11:14:00,33853.03,SEPA_IN,BE,CP-2302,MOBILE
TXN102232,CUS10065,2026-09-15 11:14:00,17231.96,SEPA_OUT,SG,CP-5459,API
TXN104093,CUS10115,2026-09-15 11:17:00,4974.69,SEPA_IN,US,CP-1817,MOBILE
TXN101589,CUS10047,2026-09-15 11:22:00,2231.97,CASH_DEPOSIT,PH,CP-8271,ONLINE
TXN101969,CUS10058,2026-09-15 11:39:00,20641.0,SEPA_OUT,GB,CP-6074,BRANCH
TXN104376,CUS10124,2026-09-15 11:40:00,1249.74,WIRE_OUT,VN,CP-6585,BRANCH
TXN105475,CUS10151,2026-09-15 11:49:00,30866.01,WIRE_OUT,NL,CP-8340,ONLINE
TXN103958,CUS10112,2026-09-15 11:51:00,101816.12,WIRE_IN,LU,CP-1931,ONLINE
TXN104579,CUS10129,2026-09-15 11:51:00,4052.21,WIRE_IN,AU,CP-8276,ONLINE
TXN104780,CUS10135,2026-09-15 11:52:00,5208.98,WIRE_OUT,SG,CP-6848,MOBILE
TXN106034,CUS10167,2026-09-15 12:15:00,6653.17,CASH_WITHDRAWAL,ES,CP-3765,API
TXN102217,CUS10064,2026-09-15 12:22:00,19759.77,SEPA_OUT,FI,CP-1663,MOBILE
TXN104105,CUS10115,2026-09-15 12:38:00,5061.26,SEPA_OUT,US,CP-9308,ONLINE
TXN105035,CUS10140,2026-09-15 12:38:00,56585.52,CASH_DEPOSIT,GB,CP-2899,BRANCH
TXN103347,CUS10096,2026-09-15 12:41:00,297470.27,WIRE_OUT,HR,CP-8342,API
TXN104565,CUS10129,2026-09-15 12:50:00,1319.77,CASH_WITHDRAWAL,AU,CP-5386,ONLINE
TXN104323,CUS10121,2026-09-15 12:53:00,1760.81,CASH_DEPOSIT,AE,CP-2601,MOBILE
TXN104575,CUS10129,2026-09-15 12:56:00,1744.97,CASH_WITHDRAWAL,AU,CP-9500,API
TXN106060,CUS10168,2026-09-15 13:08:00,8668.76,SEPA_OUT,NL,CP-1684,API
TXN106429,CUS10178,2026-09-15 13:19:00,14343.47,CASH_WITHDRAWAL,US,CP-1876,API
TXN102990,CUS10084,2026-09-15 13:26:00,7008.22,WIRE_OUT,JP,CP-8411,MOBILE
TXN104765,CUS10135,2026-09-15 14:20:00,5087.34,CASH_WITHDRAWAL,SG,CP-8394,API
TXN101730,CUS10050,2026-09-15 14:34:00,69691.32,SEPA_OUT,NG,CP-1440,BRANCH
TXN100216,CUS10006,2026-09-15 14:39:00,1122.67,WIRE_IN,CA,CP-6700,API
TXN103449,CUS10098,2026-09-15 14:40:00,1496.42,CASH_WITHDRAWAL,PA,CP-5146,API
TXN106344,CUS10175,2026-09-15 14:47:00,4273.89,CASH_WITHDRAWAL,GB,CP-7047,API
TXN106348,CUS10175,2026-09-15 14:59:00,1634.82,WIRE_OUT,GB,CP-6119,BRANCH
TXN100100,CUS10003,2026-09-15 15:16:00,1342.88,CASH_DEPOSIT,NG,CP-4728,ONLINE
TXN101808,CUS10052,2026-09-15 15:19:00,5880.26,CASH_DEPOSIT,AT,CP-8041,ONLINE
TXN103251,CUS10092,2026-09-15 15:35:00,26445.37,CASH_DEPOSIT,PL,CP-1810,ONLINE
TXN102069,CUS10060,2026-09-15 15:48:00,17483.12,SEPA_IN,GB,CP-8470,API
TXN106250,CUS10172,2026-09-15 15:51:00,1320.76,SEPA_OUT,CH,CP-8131,ONLINE
TXN103615,CUS10104,2026-09-15 15:55:00,74994.25,CASH_DEPOSIT,KE,CP-8978,BRANCH
TXN100585,CUS10017,2026-09-15 16:10:00,101638.77,WIRE_OUT,KE,CP-8362,API
TXN105063,CUS10141,2026-09-15 16:14:00,14251.32,CASH_WITHDRAWAL,SE,CP-9951,API
TXN102157,CUS10062,2026-09-15 16:18:00,64629.86,WIRE_IN,IT,CP-8090,ONLINE
TXN104988,CUS10140,2026-09-15 16:23:00,9721.51,CASH_WITHDRAWAL,KE,CP-7891,API
TXN102658,CUS10076,2026-09-15 16:48:00,4780.7,SEPA_OUT,NG,CP-4393,MOBILE
TXN103820,CUS10109,2026-09-15 17:00:00,6051.73,SEPA_IN,CH,CP-6294,API
TXN100663,CUS10019,2026-09-15 17:00:00,26976.38,CASH_DEPOSIT,BE,CP-5556,BRANCH
TXN100776,CUS10023,2026-09-15 17:14:00,2328.92,WIRE_OUT,ES,CP-7983,API
TXN104997,CUS10140,2026-09-15 17:16:00,80000.0,CASH_DEPOSIT,GB,CP-5735,ONLINE
TXN105112,CUS10142,2026-09-15 17:31:00,80715.7,CASH_WITHDRAWAL,PL,CP-9892,API
TXN100613,CUS10018,2026-09-15 17:32:00,33867.55,SEPA_OUT,IT,CP-5747,MOBILE
TXN100491,CUS10014,2026-09-15 17:40:00,272272.65,CASH_WITHDRAWAL,NL,CP-5644,ONLINE
TXN101774,CUS10051,2026-09-15 17:46:00,11502.65,WIRE_IN,AE,CP-6325,BRANCH
TXN105108,CUS10142,2026-09-15 17:54:00,35300.52,WIRE_IN,PL,CP-6937,BRANCH
TXN100327,CUS10009,2026-09-15 17:57:00,39247.37,WIRE_IN,FI,CP-8066,BRANCH
TXN102772,CUS10079,2026-09-15 18:01:00,18085.94,SEPA_IN,JP,CP-8293,MOBILE
TXN100619,CUS10018,2026-09-15 18:01:00,99679.08,SEPA_IN,IT,CP-8245,BRANCH
TXN105799,CUS10158,2026-09-15 18:02:00,24784.28,WIRE_IN,AT,CP-7958,ONLINE
TXN103539,CUS10101,2026-09-15 18:23:00,73300.0,SEPA_OUT,AE,CP-9110,ONLINE
TXN101776,CUS10051,2026-09-15 18:24:00,12770.51,WIRE_OUT,AE,CP-3644,MOBILE
TXN103516,CUS10100,2026-09-15 18:25:00,1102.44,SEPA_OUT,SE,CP-3603,BRANCH
TXN102626,CUS10075,2026-09-15 18:27:00,64023.5,CASH_DEPOSIT,AT,CP-3464,MOBILE
TXN105209,CUS10145,2026-09-15 18:37:00,4379.71,SEPA_IN,CA,CP-5508,ONLINE
TXN102843,CUS10080,2026-09-15 18:39:00,32740.9,CASH_DEPOSIT,FI,CP-7677,BRANCH
TXN104625,CUS10132,2026-09-15 18:42:00,228620.64,CASH_WITHDRAWAL,FR,CP-7367,BRANCH
TXN100090,CUS10003,2026-09-15 18:43:00,4503.16,CASH_DEPOSIT,IT,CP-1133,ONLINE
TXN100751,CUS10022,2026-09-15 18:57:00,1413.08,CASH_DEPOSIT,MC,CP-2995,ONLINE
TXN106554,CUS10133,2026-09-16 08:00:00,423700.73,WIRE_OUT,PH,CP-1352,API
TXN104832,CUS10136,2026-09-16 08:19:00,66685.41,CASH_DEPOSIT,CH,CP-5334,MOBILE
TXN106009,CUS10166,2026-09-16 08:32:00,42656.37,CASH_WITHDRAWAL,GB,CP-9185,API
TXN105907,CUS10162,2026-09-16 08:51:00,8192.65,SEPA_OUT,PA,CP-7945,MOBILE
TXN103566,CUS10102,2026-09-16 08:51:00,2502.35,SEPA_IN,BG,CP-6260,ONLINE
TXN105694,CUS10156,2026-09-16 08:58:00,327560.14,CASH_DEPOSIT,NL,CP-4480,API
TXN100593,CUS10017,2026-09-16 09:00:00,108829.05,CASH_WITHDRAWAL,ES,CP-9051,ONLINE
TXN103807,CUS10109,2026-09-16 09:14:00,1725.4,WIRE_IN,CH,CP-2891,BRANCH
TXN101336,CUS10039,2026-09-16 09:24:00,1275.38,WIRE_IN,MC,CP-1222,ONLINE
TXN101521,CUS10045,2026-09-16 09:33:00,132757.85,WIRE_OUT,CH,CP-2697,MOBILE
TXN102405,CUS10071,2026-09-16 09:51:00,12176.22,CASH_DEPOSIT,US,CP-5699,ONLINE
TXN105084,CUS10141,2026-09-16 09:56:00,89544.66,CASH_DEPOSIT,SE,CP-5437,API
TXN102459,CUS10072,2026-09-16 10:00:00,60782.58,WIRE_OUT,ES,CP-7912,BRANCH
TXN106598,CUS10115,2026-09-16 10:00:00,56890.06,WIRE_OUT,AE,CP-5467,ONLINE
TXN102993,CUS10084,2026-09-16 10:01:00,1758.04,CASH_DEPOSIT,JP,CP-3583,BRANCH
TXN104611,CUS10131,2026-09-16 10:08:00,1655.86,CASH_DEPOSIT,PH,CP-9961,BRANCH
TXN105691,CUS10156,2026-09-16 10:10:00,20607.92,SEPA_IN,NL,CP-1539,ONLINE
TXN105619,CUS10154,2026-09-16 10:38:00,3683.97,CASH_WITHDRAWAL,AU,CP-4803,MOBILE
TXN101952,CUS10058,2026-09-16 10:39:00,4037.71,SEPA_OUT,MC,CP-9978,MOBILE
TXN100062,CUS10002,2026-09-16 10:43:00,3439.05,SEPA_IN,FI,CP-7095,MOBILE
TXN100011,CUS10000,2026-09-16 10:48:00,57412.66,WIRE_OUT,LU,CP-9095,MOBILE
TXN101731,CUS10050,2026-09-16 10:49:00,63016.41,SEPA_IN,NG,CP-6568,ONLINE
TXN106466,CUS10179,2026-09-16 10:56:00,1055.69,WIRE_OUT,SG,CP-4435,BRANCH
TXN103471,CUS10099,2026-09-16 11:06:00,1952.8,CASH_DEPOSIT,BE,CP-9648,BRANCH
TXN102693,CUS10077,2026-09-16 11:20:00,1870.81,CASH_DEPOSIT,SY,CP-3372,API
TXN105351,CUS10148,2026-09-16 11:23:00,28132.32,CASH_DEPOSIT,PL,CP-6457,API
TXN104672,CUS10133,2026-09-16 11:23:00,3059.27,CASH_WITHDRAWAL,US,CP-5833,API
TXN105337,CUS10147,2026-09-16 11:27:00,10971.84,CASH_WITHDRAWAL,IE,CP-2114,API
TXN105714,CUS10157,2026-09-16 11:40:00,5713.21,WIRE_IN,FI,CP-2491,BRANCH
TXN105841,CUS10160,2026-09-16 11:42:00,3199.57,CASH_DEPOSIT,KP,CP-1672,API
TXN104552,CUS10129,2026-09-16 11:42:00,4188.02,WIRE_IN,AU,CP-7278,ONLINE
TXN101594,CUS10047,2026-09-16 11:51:00,314.62,CASH_WITHDRAWAL,PH,CP-9326,API
TXN102352,CUS10069,2026-09-16 11:59:00,14398.43,WIRE_IN,IT,CP-4215,MOBILE
TXN101691,CUS10049,2026-09-16 12:02:00,2849.64,CASH_WITHDRAWAL,AT,CP-8843,MOBILE
TXN106321,CUS10175,2026-09-16 12:39:00,4141.12,SEPA_OUT,GB,CP-6706,ONLINE
TXN105697,CUS10156,2026-09-16 12:44:00,45911.44,SEPA_OUT,NL,CP-1079,API
TXN100362,CUS10010,2026-09-16 12:45:00,7638.91,SEPA_IN,PA,CP-7943,MOBILE
TXN103180,CUS10090,2026-09-16 12:46:00,18228.77,CASH_WITHDRAWAL,JP,CP-3194,API
TXN101653,CUS10049,2026-09-16 12:50:00,3141.13,CASH_DEPOSIT,AT,CP-1383,API
TXN104154,CUS10118,2026-09-16 12:56:00,46002.11,CASH_WITHDRAWAL,SE,CP-1135,BRANCH
TXN105708,CUS10157,2026-09-16 12:56:00,2244.21,WIRE_OUT,NG,CP-6901,ONLINE
TXN103166,CUS10090,2026-09-16 13:01:00,6100.22,SEPA_OUT,JP,CP-4987,BRANCH
TXN105864,CUS10161,2026-09-16 13:05:00,26478.61,CASH_WITHDRAWAL,LU,CP-6469,ONLINE
TXN103239,CUS10092,2026-09-16 13:10:00,44118.83,CASH_DEPOSIT,KP,CP-3819,ONLINE
TXN101780,CUS10052,2026-09-16 13:55:00,6763.23,WIRE_OUT,IT,CP-8572,ONLINE
TXN100318,CUS10009,2026-09-16 13:58:00,27001.36,WIRE_OUT,PL,CP-2705,MOBILE
TXN101032,CUS10029,2026-09-16 14:07:00,2867.23,CASH_DEPOSIT,NL,CP-5744,ONLINE
TXN100328,CUS10009,2026-09-16 14:10:00,34324.18,SEPA_IN,FI,CP-4367,BRANCH
TXN106227,CUS10172,2026-09-16 14:23:00,2854.99,CASH_WITHDRAWAL,SE,CP-3673,API
TXN101564,CUS10046,2026-09-16 14:30:00,75126.74,CASH_WITHDRAWAL,TR,CP-2258,ONLINE
TXN106086,CUS10168,2026-09-16 15:10:00,6500.97,CASH_DEPOSIT,NL,CP-3643,BRANCH
TXN101281,CUS10036,2026-09-16 15:10:00,36882.07,CASH_DEPOSIT,HR,CP-4687,BRANCH
TXN105325,CUS10147,2026-09-16 15:23:00,20680.85,CASH_DEPOSIT,VN,CP-2546,MOBILE
TXN105071,CUS10141,2026-09-16 15:24:00,34951.66,SEPA_OUT,SE,CP-7339,BRANCH
TXN102885,CUS10081,2026-09-16 15:50:00,2793.6,CASH_DEPOSIT,PH,CP-3595,BRANCH
TXN106262,CUS10172,2026-09-16 16:05:00,1836.2,SEPA_IN,ES,CP-8941,BRANCH
TXN105328,CUS10147,2026-09-16 16:12:00,30478.61,CASH_WITHDRAWAL,VN,CP-2206,MOBILE
TXN101984,CUS10058,2026-09-16 16:18:00,17863.57,WIRE_OUT,GB,CP-9964,API
TXN105899,CUS10162,2026-09-16 16:19:00,199595.52,SEPA_IN,DE,CP-1137,ONLINE
TXN101905,CUS10056,2026-09-16 16:55:00,29806.54,WIRE_IN,JP,CP-2766,ONLINE
TXN102547,CUS10074,2026-09-16 17:28:00,13259.78,CASH_DEPOSIT,CA,CP-3856,MOBILE
TXN106572,CUS10032,2026-09-16 18:00:00,617859.5,WIRE_OUT,BG,CP-7849,API
TXN104025,CUS10114,2026-09-16 18:05:00,16150.71,SEPA_IN,IT,CP-2536,ONLINE
TXN103373,CUS10096,2026-09-16 18:26:00,353755.48,CASH_WITHDRAWAL,HR,CP-8264,ONLINE
TXN106413,CUS10177,2026-09-16 18:40:00,54319.22,WIRE_IN,CA,CP-2205,ONLINE
TXN105556,CUS10152,2026-09-16 18:53:00,88527.19,CASH_DEPOSIT,DE,CP-3447,MOBILE
TXN104340,CUS10122,2026-09-17 08:04:00,44234.27,WIRE_IN,CH,CP-8669,API
TXN101457,CUS10043,2026-09-17 08:25:00,113043.8,SEPA_OUT,BE,CP-9082,ONLINE
TXN104728,CUS10134,2026-09-17 08:29:00,29796.76,SEPA_OUT,FR,CP-3680,ONLINE
TXN106288,CUS10173,2026-09-17 08:43:00,132788.49,SEPA_OUT,CH,CP-4789,BRANCH
TXN105911,CUS10162,2026-09-17 08:45:00,77749.16,CASH_WITHDRAWAL,PL,CP-5556,ONLINE
TXN100731,CUS10022,2026-09-17 08:57:00,1904.88,WIRE_IN,BE,CP-8681,MOBILE
TXN106615,CUS10115,2026-09-17 09:00:00,33906.76,WIRE_IN,TR,CP-7215,ONLINE
TXN103680,CUS10106,2026-09-17 09:27:00,17014.48,WIRE_IN,IT,CP-6516,ONLINE
TXN101938,CUS10057,2026-09-17 09:33:00,19863.67,WIRE_OUT,LU,CP-4188,BRANCH
TXN102095,CUS10061,2026-09-17 09:56:00,19608.1,WIRE_IN,PL,CP-1819,ONLINE
TXN106644,CUS10119,2026-09-17 10:00:00,1008925.86,WIRE_OUT,FR,CP-8256,ONLINE
TXN101146,CUS10032,2026-09-17 10:26:00,1733.42,CASH_DEPOSIT,AT,CP-8079,MOBILE
TXN102924,CUS10083,2026-09-17 10:29:00,44840.13,WIRE_IN,NL,CP-6867,BRANCH
TXN103020,CUS10085,2026-09-17 10:42:00,108843.48,CASH_DEPOSIT,PH,CP-2023,ONLINE
TXN100775,CUS10023,2026-09-17 10:53:00,1186.42,WIRE_IN,ES,CP-2870,MOBILE
TXN106059,CUS10168,2026-09-17 11:00:00,13446.82,CASH_DEPOSIT,NL,CP-6863,BRANCH
TXN101303,CUS10037,2026-09-17 11:05:00,22762.29,SEPA_OUT,JP,CP-9601,API
TXN103564,CUS10102,2026-09-17 11:14:00,4484.73,CASH_DEPOSIT,IT,CP-5569,API
TXN106277,CUS10173,2026-09-17 11:15:00,35976.97,WIRE_IN,BG,CP-7658,API
TXN104985,CUS10139,2026-09-17 11:16:00,15421.38,WIRE_OUT,ES,CP-9620,BRANCH
TXN104568,CUS10129,2026-09-17 12:05:00,6656.96,CASH_WITHDRAWAL,AU,CP-7627,API
TXN102247,CUS10066,2026-09-17 12:08:00,14374.42,CASH_DEPOSIT,AT,CP-5259,BRANCH
TXN104141,CUS10117,2026-09-17 12:11:00,309060.3,CASH_DEPOSIT,JP,CP-3874,ONLINE
TXN100464,CUS10014,2026-09-17 12:12:00,76171.41,CASH_WITHDRAWAL,NL,CP-1891,MOBILE
TXN104317,CUS10121,2026-09-17 12:15:00,10272.22,CASH_WITHDRAWAL,AE,CP-5299,MOBILE
TXN100589,CUS10017,2026-09-17 12:20:00,42013.1,SEPA_IN,KE,CP-2809,ONLINE
TXN105434,CUS10149,2026-09-17 12:35:00,3612.19,SEPA_IN,CA,CP-5553,BRANCH
TXN101345,CUS10040,2026-09-17 13:07:00,2540.46,WIRE_IN,VN,CP-1710,BRANCH
TXN101670,CUS10049,2026-09-17 13:33:00,3441.72,SEPA_OUT,AT,CP-8583,BRANCH
TXN101669,CUS10049,2026-09-17 13:36:00,6452.73,WIRE_OUT,AT,CP-5754,BRANCH
TXN100981,CUS10029,2026-09-17 13:44:00,2928.05,CASH_WITHDRAWAL,NL,CP-7471,API
TXN102230,CUS10065,2026-09-17 13:54:00,48189.67,SEPA_IN,JP,CP-9977,API
TXN104922,CUS10138,2026-09-17 14:27:00,33330.32,SEPA_IN,ZA,CP-3264,ONLINE
TXN104472,CUS10127,2026-09-17 14:43:00,58706.05,CASH_WITHDRAWAL,AT,CP-8885,MOBILE
TXN104644,CUS10132,2026-09-17 14:48:00,138754.8,SEPA_OUT,PA,CP-6345,ONLINE
TXN106610,CUS10115,2026-09-17 15:00:00,51206.5,WIRE_OUT,CH,CP-9349,ONLINE
TXN104497,CUS10128,2026-09-17 15:07:00,98610.72,SEPA_OUT,BE,CP-6145,API
TXN100796,CUS10024,2026-09-17 15:11:00,2018.44,WIRE_OUT,CA,CP-8499,BRANCH
TXN100107,CUS10003,2026-09-17 15:12:00,4791.19,CASH_DEPOSIT,CH,CP-5890,BRANCH
TXN102487,CUS10072,2026-09-17 15:17:00,40180.13,WIRE_IN,ES,CP-2040,MOBILE
TXN103883,CUS10111,2026-09-17 15:37:00,10219.52,CASH_WITHDRAWAL,CH,CP-5412,BRANCH
TXN104588,CUS10130,2026-09-17 15:41:00,5769.23,WIRE_IN,AT,CP-8445,BRANCH
TXN104250,CUS10120,2026-09-17 15:47:00,98492.08,WIRE_OUT,PL,CP-8587,ONLINE
TXN103262,CUS10093,2026-09-17 15:53:00,4041.32,WIRE_OUT,SE,CP-7294,API
TXN101890,CUS10055,2026-09-17 17:04:00,12900.82,SEPA_OUT,YE,CP-3298,BRANCH
TXN103829,CUS10110,2026-09-17 17:10:00,122434.37,SEPA_OUT,AU,CP-5845,API
TXN101110,CUS10032,2026-09-17 17:12:00,3577.16,WIRE_OUT,GB,CP-6368,BRANCH
TXN104136,CUS10117,2026-09-17 17:18:00,79687.46,SEPA_OUT,JP,CP-6759,BRANCH
TXN105150,CUS10143,2026-09-17 17:24:00,257330.64,WIRE_OUT,FR,CP-7342,MOBILE
TXN103344,CUS10096,2026-09-17 17:39:00,38516.41,WIRE_IN,HR,CP-2931,BRANCH
TXN105377,CUS10148,2026-09-17 17:41:00,3445.29,WIRE_OUT,JP,CP-5020,API
TXN101732,CUS10050,2026-09-17 17:48:00,82048.7,WIRE_IN,NG,CP-4769,BRANCH
TXN102786,CUS10079,2026-09-17 17:57:00,11252.13,CASH_DEPOSIT,JP,CP-6884,API
TXN100758,CUS10022,2026-09-17 18:06:00,2096.84,SEPA_IN,TR,CP-2692,ONLINE
TXN104178,CUS10118,2026-09-17 18:13:00,88879.4,SEPA_IN,ES,CP-9252,API
TXN100468,CUS10014,2026-09-17 18:19:00,54513.46,WIRE_OUT,NL,CP-6971,API
TXN101086,CUS10031,2026-09-17 18:27:00,95004.88,CASH_WITHDRAWAL,FI,CP-1914,ONLINE
TXN105593,CUS10153,2026-09-17 18:38:00,28294.77,CASH_WITHDRAWAL,AU,CP-8228,ONLINE
TXN101869,CUS10054,2026-09-17 18:45:00,2999.56,SEPA_OUT,DE,CP-4215,BRANCH
TXN100123,CUS10003,2026-09-17 18:57:00,1357.49,SEPA_OUT,IT,CP-9442,API
TXN106646,CUS10119,2026-09-17 22:00:00,1172661.98,WIRE_OUT,HR,CP-4122,ONLINE
TXN101367,CUS10041,2026-09-18 08:14:00,3949.74,CASH_WITHDRAWAL,IT,CP-2264,MOBILE
TXN100735,CUS10022,2026-09-18 08:18:00,6081.15,WIRE_OUT,BE,CP-9283,ONLINE
TXN102565,CUS10074,2026-09-18 08:28:00,15030.38,SEPA_IN,CA,CP-9669,MOBILE
TXN105651,CUS10155,2026-09-18 08:29:00,8905.36,CASH_WITHDRAWAL,CA,CP-3849,BRANCH
TXN102291,CUS10068,2026-09-18 08:50:00,91175.65,WIRE_OUT,US,CP-6112,MOBILE
TXN103390,CUS10097,2026-09-18 08:52:00,1180.01,SEPA_OUT,DK,CP-2138,MOBILE
TXN106168,CUS10170,2026-09-18 09:01:00,36603.27,WIRE_OUT,FI,CP-4904,ONLINE
TXN105786,CUS10158,2026-09-18 09:07:00,38249.26,SEPA_IN,SG,CP-9046,BRANCH
TXN103227,CUS10092,2026-09-18 09:21:00,56613.61,SEPA_IN,KP,CP-9179,BRANCH
TXN102536,CUS10073,2026-09-18 09:32:00,181908.17,CASH_WITHDRAWAL,ZA,CP-8431,MOBILE
TXN103348,CUS10096,2026-09-18 09:37:00,143451.02,SEPA_OUT,HR,CP-8312,ONLINE
TXN100904,CUS10027,2026-09-18 09:45:00,24274.67,CASH_DEPOSIT,NL,CP-6518,API
TXN104874,CUS10137,2026-09-18 09:56:00,12809.02,SEPA_OUT,AU,CP-5760,ONLINE
TXN104893,CUS10137,2026-09-18 09:57:00,18865.54,SEPA_OUT,AU,CP-1392,BRANCH
TXN104434,CUS10127,2026-09-18 10:42:00,13384.3,WIRE_IN,LU,CP-5408,MOBILE
TXN101299,CUS10037,2026-09-18 10:46:00,53896.18,WIRE_OUT,IE,CP-5606,ONLINE
TXN101986,CUS10058,2026-09-18 10:46:00,14884.79,WIRE_IN,CA,CP-3350,ONLINE
TXN102694,CUS10077,2026-09-18 11:21:00,2721.16,SEPA_IN,HR,CP-1193,ONLINE
TXN105375,CUS10148,2026-09-18 11:22:00,37648.56,CASH_DEPOSIT,JP,CP-3461,ONLINE
TXN105690,CUS10156,2026-09-18 11:23:00,88018.4,WIRE_OUT,NL,CP-6101,BRANCH
TXN100279,CUS10008,2026-09-18 11:29:00,61227.58,SEPA_OUT,ES,CP-4201,BRANCH
TXN105018,CUS10140,2026-09-18 11:32:00,9435.92,WIRE_OUT,GB,CP-6298,ONLINE
TXN102418,CUS10071,2026-09-18 11:33:00,5695.48,CASH_WITHDRAWAL,GB,CP-1660,ONLINE
TXN105473,CUS10151,2026-09-18 11:58:00,5585.12,CASH_DEPOSIT,NL,CP-6329,BRANCH
TXN104351,CUS10123,2026-09-18 12:25:00,4328.02,SEPA_IN,PH,CP-8397,API
TXN104854,CUS10136,2026-09-18 12:29:00,107227.81,CASH_DEPOSIT,PL,CP-9960,BRANCH
TXN103597,CUS10103,2026-09-18 12:36:00,46630.78,WIRE_OUT,JP,CP-9873,BRANCH
TXN102997,CUS10084,2026-09-18 12:42:00,771.48,WIRE_IN,IT,CP-8069,MOBILE
TXN104647,CUS10133,2026-09-18 12:44:00,2026.54,SEPA_IN,SG,CP-3111,BRANCH
TXN100184,CUS10004,2026-09-18 12:51:00,34845.75,WIRE_IN,KE,CP-2344,API
TXN104425,CUS10126,2026-09-18 13:35:00,3367.05,SEPA_OUT,FI,CP-4421,BRANCH
TXN101765,CUS10051,2026-09-18 13:36:00,10611.7,WIRE_IN,AE,CP-5651,MOBILE
TXN105386,CUS10148,2026-09-18 13:53:00,61397.36,CASH_WITHDRAWAL,SE,CP-1812,ONLINE
TXN105819,CUS10159,2026-09-18 14:13:00,67400.92,CASH_WITHDRAWAL,FI,CP-8667,MOBILE
TXN105831,CUS10159,2026-09-18 14:31:00,75728.38,CASH_DEPOSIT,FI,CP-1864,BRANCH
TXN105806,CUS10159,2026-09-18 14:48:00,13190.27,CASH_DEPOSIT,FI,CP-8416,API
TXN101861,CUS10054,2026-09-18 14:52:00,7970.63,WIRE_OUT,DE,CP-3861,BRANCH
TXN105110,CUS10142,2026-09-18 14:53:00,56731.54,WIRE_IN,PL,CP-2511,ONLINE
TXN103934,CUS10112,2026-09-18 14:59:00,43718.45,CASH_DEPOSIT,LU,CP-8778,ONLINE
TXN102360,CUS10069,2026-09-18 15:04:00,3657.45,CASH_WITHDRAWAL,IT,CP-9957,ONLINE
TXN104707,CUS10134,2026-09-18 15:09:00,5657.42,CASH_WITHDRAWAL,FR,CP-1878,BRANCH
TXN105569,CUS10153,2026-09-18 15:11:00,9374.42,SEPA_OUT,JP,CP-5772,MOBILE
TXN102063,CUS10060,2026-09-18 15:35:00,7672.83,SEPA_IN,GB,CP-6243,MOBILE
TXN101915,CUS10056,2026-09-18 15:40:00,13496.3,SEPA_OUT,BG,CP-4312,API
TXN103155,CUS10090,2026-09-18 15:45:00,2259.72,WIRE_IN,JP,CP-3366,BRANCH
TXN104406,CUS10126,2026-09-18 15:56:00,7599.51,SEPA_OUT,FI,CP-8193,API
TXN100943,CUS10028,2026-09-18 15:58:00,19244.27,CASH_DEPOSIT,MC,CP-8506,ONLINE
TXN104212,CUS10119,2026-09-18 16:27:00,157767.69,WIRE_OUT,FI,CP-2099,API
TXN101826,CUS10053,2026-09-18 16:28:00,34831.75,WIRE_IN,NL,CP-4983,BRANCH
TXN104137,CUS10117,2026-09-18 16:39:00,109203.67,WIRE_OUT,JP,CP-8658,ONLINE
TXN105202,CUS10144,2026-09-18 16:53:00,4695.86,SEPA_IN,PH,CP-5377,ONLINE
TXN105293,CUS10146,2026-09-18 17:01:00,999.4,WIRE_OUT,GB,CP-8750,ONLINE
TXN104195,CUS10119,2026-09-18 17:03:00,56044.5,CASH_WITHDRAWAL,PA,CP-1762,API
TXN104224,CUS10120,2026-09-18 17:03:00,13887.36,SEPA_IN,DK,CP-2244,BRANCH
TXN104298,CUS10121,2026-09-18 17:04:00,1895.33,CASH_WITHDRAWAL,AE,CP-3509,API
TXN103661,CUS10105,2026-09-18 17:43:00,1163.59,CASH_DEPOSIT,AT,CP-5486,API
TXN105955,CUS10164,2026-09-18 17:47:00,82782.17,CASH_WITHDRAWAL,FR,CP-4739,BRANCH
TXN101586,CUS10047,2026-09-18 18:03:00,2399.17,CASH_WITHDRAWAL,PH,CP-1630,BRANCH
TXN101386,CUS10041,2026-09-18 18:08:00,23609.67,CASH_DEPOSIT,IT,CP-6138,API
TXN104983,CUS10139,2026-09-18 18:10:00,3703.77,WIRE_IN,ES,CP-6295,BRANCH
TXN104890,CUS10137,2026-09-18 18:10:00,10792.95,SEPA_IN,AU,CP-1085,MOBILE
TXN106296,CUS10173,2026-09-18 18:30:00,19814.07,CASH_DEPOSIT,CH,CP-4554,API
TXN103100,CUS10087,2026-09-18 18:39:00,47339.0,CASH_DEPOSIT,NG,CP-7073,MOBILE
TXN102377,CUS10070,2026-09-18 18:54:00,7211.78,WIRE_OUT,IT,CP-2057,ONLINE
TXN101179,CUS10033,2026-09-19 08:04:00,8616.53,WIRE_OUT,LU,CP-1853,BRANCH
TXN106191,CUS10170,2026-09-19 08:05:00,17612.28,SEPA_OUT,FI,CP-4502,MOBILE
TXN105891,CUS10162,2026-09-19 08:16:00,147708.85,SEPA_OUT,PL,CP-4001,BRANCH
TXN103018,CUS10085,2026-09-19 08:20:00,29042.91,WIRE_OUT,CH,CP-9674,BRANCH
TXN103484,CUS10099,2026-09-19 08:28:00,928.2,SEPA_OUT,BE,CP-2646,MOBILE
TXN104511,CUS10128,2026-09-19 08:42:00,97120.53,SEPA_IN,BE,CP-7557,BRANCH
TXN103506,CUS10100,2026-09-19 08:42:00,2697.56,CASH_DEPOSIT,SE,CP-1203,BRANCH
TXN102411,CUS10071,2026-09-19 08:49:00,14260.05,SEPA_OUT,AT,CP-7479,MOBILE
TXN101874,CUS10055,2026-09-19 08:50:00,23772.05,WIRE_OUT,YE,CP-1234,BRANCH
TXN102443,CUS10071,2026-09-19 08:54:00,7234.65,WIRE_OUT,US,CP-8838,BRANCH
TXN104466,CUS10127,2026-09-19 08:58:00,41125.06,SEPA_IN,AT,CP-3429,MOBILE
TXN101675,CUS10049,2026-09-19 08:59:00,3219.61,SEPA_IN,AT,CP-7982,API
TXN104805,CUS10136,2026-09-19 09:13:00,11623.0,WIRE_IN,PL,CP-9053,BRANCH
TXN101643,CUS10048,2026-09-19 09:39:00,29917.74,WIRE_OUT,NL,CP-9843,ONLINE
TXN105857,CUS10161,2026-09-19 09:47:00,27529.17,CASH_DEPOSIT,GB,CP-8823,MOBILE
TXN103713,CUS10107,2026-09-19 09:51:00,15131.4,CASH_DEPOSIT,GB,CP-2271,MOBILE
TXN100883,CUS10026,2026-09-19 10:01:00,19213.1,WIRE_IN,FR,CP-2117,MOBILE
TXN106313,CUS10174,2026-09-19 10:02:00,135520.23,WIRE_OUT,FI,CP-5720,ONLINE
TXN105776,CUS10158,2026-09-19 10:03:00,59820.94,SEPA_OUT,SG,CP-4185,BRANCH
TXN102450,CUS10072,2026-09-19 10:03:00,20020.32,WIRE_OUT,ES,CP-5584,API
TXN100660,CUS10019,2026-09-19 10:07:00,26331.66,WIRE_OUT,MC,CP-1057,API
TXN106329,CUS10175,2026-09-19 10:53:00,4554.06,SEPA_IN,GB,CP-1167,MOBILE
TXN104005,CUS10113,2026-09-19 10:54:00,6693.72,SEPA_OUT,CH,CP-4536,MOBILE
TXN103060,CUS10086,2026-09-19 11:27:00,2685.67,CASH_WITHDRAWAL,CA,CP-3013,ONLINE
TXN102979,CUS10084,2026-09-19 11:38:00,2444.44,WIRE_IN,JP,CP-5125,API
TXN100452,CUS10014,2026-09-19 11:55:00,37874.11,WIRE_IN,NL,CP-4368,MOBILE
TXN106591,CUS10022,2026-09-19 12:00:00,1000000.0,WIRE_OUT,MM,CP-5376,ONLINE
TXN100632,CUS10019,2026-09-19 12:15:00,36719.03,SEPA_IN,DK,CP-2015,API
TXN100961,CUS10028,2026-09-19 12:38:00,60332.82,SEPA_IN,MC,CP-1718,MOBILE
TXN100077,CUS10002,2026-09-19 12:39:00,6560.44,CASH_DEPOSIT,FI,CP-3762,BRANCH
TXN102530,CUS10073,2026-09-19 12:39:00,121723.77,SEPA_OUT,SG,CP-1132,ONLINE
TXN102053,CUS10060,2026-09-19 12:43:00,6535.72,CASH_DEPOSIT,GB,CP-2996,BRANCH
TXN105702,CUS10156,2026-09-19 12:45:00,87316.97,CASH_DEPOSIT,SG,CP-3713,MOBILE
TXN105947,CUS10164,2026-09-19 12:46:00,105893.58,WIRE_OUT,AU,CP-7584,BRANCH
TXN102345,CUS10069,2026-09-19 12:53:00,20045.12,WIRE_OUT,IT,CP-2036,BRANCH
TXN102162,CUS10063,2026-09-19 12:59:00,6207.1,SEPA_IN,VN,CP-9413,BRANCH
TXN100797,CUS10024,2026-09-19 13:17:00,3593.65,WIRE_OUT,CA,CP-1525,ONLINE
TXN103400,CUS10097,2026-09-19 13:30:00,6173.46,SEPA_IN,DK,CP-3857,ONLINE
TXN100767,CUS10023,2026-09-19 13:31:00,17180.19,CASH_WITHDRAWAL,ES,CP-8175,BRANCH
TXN106443,CUS10178,2026-09-19 13:39:00,42859.92,SEPA_IN,BG,CP-7923,MOBILE
TXN105796,CUS10158,2026-09-19 14:00:00,400000.0,CASH_WITHDRAWAL,AT,CP-7377,ONLINE
TXN101243,CUS10036,2026-09-19 14:15:00,18502.32,WIRE_OUT,HR,CP-7498,MOBILE
TXN104872,CUS10137,2026-09-19 14:31:00,7697.69,SEPA_IN,AU,CP-2133,MOBILE
TXN104174,CUS10118,2026-09-19 14:48:00,18106.15,CASH_WITHDRAWAL,DK,CP-5710,BRANCH
TXN104610,CUS10131,2026-09-19 14:54:00,8798.09,SEPA_IN,CA,CP-7864,ONLINE
TXN106320,CUS10174,2026-09-19 15:01:00,223536.23,CASH_DEPOSIT,FI,CP-1608,MOBILE
TXN105989,CUS10165,2026-09-19 15:01:00,30402.11,CASH_DEPOSIT,IE,CP-6644,API
TXN101898,CUS10056,2026-09-19 15:27:00,32631.88,CASH_WITHDRAWAL,BG,CP-8983,API
TXN101693,CUS10050,2026-09-19 15:31:00,28390.79,CASH_WITHDRAWAL,NG,CP-9938,ONLINE
TXN102327,CUS10069,2026-09-19 15:33:00,6114.02,WIRE_IN,IT,CP-6363,MOBILE
TXN105305,CUS10147,2026-09-19 15:47:00,49513.44,SEPA_OUT,VN,CP-6145,ONLINE
TXN106605,CUS10115,2026-09-19 16:00:00,40241.94,WIRE_OUT,BE,CP-2739,ONLINE
TXN102570,CUS10074,2026-09-19 16:08:00,21480.48,WIRE_IN,ZA,CP-6351,BRANCH
TXN100984,CUS10029,2026-09-19 16:12:00,2077.34,SEPA_OUT,NL,CP-3427,MOBILE
TXN106333,CUS10175,2026-09-19 16:18:00,3307.71,WIRE_IN,GB,CP-3959,ONLINE
TXN104253,CUS10120,2026-09-19 16:25:00,17398.8,SEPA_OUT,PL,CP-1719,API
TXN100540,CUS10015,2026-09-19 16:34:00,81308.87,SEPA_OUT,PL,CP-5915,API
TXN102732,CUS10078,2026-09-19 16:36:00,6536.63,WIRE_OUT,IT,CP-7228,ONLINE
TXN100261,CUS10007,2026-09-19 16:49:00,79457.98,CASH_WITHDRAWAL,AT,CP-7590,ONLINE
TXN103745,CUS10108,2026-09-19 16:59:00,18017.65,SEPA_IN,IE,CP-4481,API
TXN101312,CUS10038,2026-09-19 17:07:00,25341.15,CASH_WITHDRAWAL,US,CP-4120,BRANCH
TXN103535,CUS10101,2026-09-19 17:08:00,298390.35,SEPA_IN,AE,CP-5612,API
TXN101326,CUS10039,2026-09-19 17:23:00,982.65,CASH_WITHDRAWAL,MC,CP-9999,API
TXN106339,CUS10175,2026-09-19 17:41:00,4018.94,SEPA_OUT,GB,CP-2961,MOBILE
TXN106222,CUS10172,2026-09-19 17:53:00,1943.13,SEPA_OUT,ES,CP-4566,ONLINE
TXN101926,CUS10057,2026-09-19 17:56:00,1100.8,CASH_WITHDRAWAL,JP,CP-5284,API
TXN102058,CUS10060,2026-09-19 17:58:00,10281.15,CASH_DEPOSIT,GB,CP-4883,BRANCH
TXN104349,CUS10123,2026-09-19 18:10:00,2660.48,WIRE_OUT,VN,CP-7186,ONLINE
TXN105653,CUS10155,2026-09-19 18:14:00,20549.89,SEPA_IN,CA,CP-6622,API
TXN104352,CUS10123,2026-09-19 18:17:00,3413.91,SEPA_IN,VN,CP-4518,BRANCH
TXN102231,CUS10065,2026-09-19 18:20:00,156859.28,CASH_WITHDRAWAL,JP,CP-9520,API
TXN105314,CUS10147,2026-09-19 18:21:00,12319.74,CASH_DEPOSIT,VN,CP-1402,BRANCH
TXN101495,CUS10044,2026-09-19 18:34:00,41476.95,CASH_DEPOSIT,AU,CP-3866,API
TXN104695,CUS10133,2026-09-19 18:45:00,1777.86,WIRE_IN,VN,CP-8570,MOBILE
TXN105472,CUS10151,2026-09-19 18:50:00,6181.55,SEPA_OUT,NL,CP-6226,API
TXN104933,CUS10138,2026-09-19 18:54:00,51134.2,SEPA_IN,AT,CP-6744,BRANCH
TXN101012,CUS10029,2026-09-19 18:56:00,10959.18,SEPA_IN,NL,CP-7869,MOBILE
TXN100379,CUS10011,2026-09-20 08:00:00,10912.57,WIRE_OUT,IE,CP-3762,BRANCH
TXN103991,CUS10113,2026-09-20 08:04:00,2857.95,SEPA_OUT,CH,CP-1591,MOBILE
TXN103530,CUS10101,2026-09-20 08:09:00,276108.52,WIRE_IN,AE,CP-5297,API
TXN105883,CUS10162,2026-09-20 08:21:00,25089.95,SEPA_IN,PL,CP-6137,ONLINE
TXN100281,CUS10008,2026-09-20 08:21:00,141535.87,CASH_WITHDRAWAL,ES,CP-7164,API
TXN100509,CUS10015,2026-09-20 08:51:00,21433.21,WIRE_OUT,PL,CP-8727,MOBILE
TXN101875,CUS10055,2026-09-20 08:53:00,25452.41,SEPA_OUT,IT,CP-6284,ONLINE
TXN102891,CUS10082,2026-09-20 09:48:00,1515.6,SEPA_IN,IE,CP-3522,API
TXN100320,CUS10009,2026-09-20 09:52:00,22514.31,CASH_WITHDRAWAL,FI,CP-6500,MOBILE
TXN101901,CUS10056,2026-09-20 09:55:00,15950.64,CASH_WITHDRAWAL,KE,CP-5519,API
TXN103024,CUS10085,2026-09-20 09:56:00,9336.28,CASH_DEPOSIT,PH,CP-7594,BRANCH
TXN105684,CUS10156,2026-09-20 10:05:00,53063.63,WIRE_OUT,NL,CP-4014,BRANCH
TXN106140,CUS10169,2026-09-20 10:06:00,1414.2,WIRE_IN,LU,CP-7732,MOBILE
TXN105804,CUS10159,2026-09-20 10:07:00,213705.01,CASH_DEPOSIT,FR,CP-7407,ONLINE
TXN105604,CUS10153,2026-09-20 10:08:00,29123.99,WIRE_OUT,BE,CP-9587,BRANCH
TXN104142,CUS10117,2026-09-20 10:15:00,113057.48,CASH_WITHDRAWAL,JP,CP-7252,MOBILE
TXN103357,CUS10096,2026-09-20 10:16:00,15178.22,WIRE_OUT,HR,CP-7133,API
TXN100460,CUS10014,2026-09-20 10:19:00,401267.68,CASH_WITHDRAWAL,NL,CP-7113,ONLINE
TXN104714,CUS10134,2026-09-20 10:30:00,8893.19,WIRE_IN,FR,CP-7856,API
TXN103699,CUS10107,2026-09-20 10:31:00,69732.89,SEPA_OUT,GB,CP-5304,ONLINE
TXN103073,CUS10087,2026-09-20 10:40:00,307456.66,WIRE_OUT,SE,CP-7973,API
TXN104223,CUS10120,2026-09-20 10:44:00,106966.06,CASH_DEPOSIT,PL,CP-6371,API
TXN102669,CUS10076,2026-09-20 10:49:00,6873.14,CASH_WITHDRAWAL,JP,CP-5738,ONLINE
TXN101324,CUS10039,2026-09-20 10:56:00,2193.61,WIRE_OUT,MC,CP-5430,ONLINE
TXN103995,CUS10113,2026-09-20 11:01:00,4262.61,SEPA_IN,NG,CP-3830,MOBILE
TXN102822,CUS10080,2026-09-20 11:03:00,80136.46,CASH_WITHDRAWAL,FI,CP-3445,BRANCH
TXN100114,CUS10003,2026-09-20 11:03:00,3572.36,SEPA_IN,IT,CP-8739,ONLINE
TXN101183,CUS10033,2026-09-20 11:17:00,5930.77,WIRE_IN,SE,CP-6891,MOBILE
TXN100693,CUS10021,2026-09-20 11:20:00,3410.02,SEPA_IN,LU,CP-5532,API
TXN100676,CUS10020,2026-09-20 11:44:00,3427.4,WIRE_IN,DE,CP-6042,API
TXN102844,CUS10080,2026-09-20 11:46:00,99113.84,CASH_WITHDRAWAL,FI,CP-2386,MOBILE
TXN104651,CUS10133,2026-09-20 12:12:00,3439.27,WIRE_OUT,US,CP-2879,MOBILE
TXN100200,CUS10005,2026-09-20 12:15:00,2773.75,WIRE_OUT,FI,CP-7932,MOBILE
TXN103125,CUS10088,2026-09-20 12:28:00,37647.89,WIRE_IN,CH,CP-6477,MOBILE
TXN105758,CUS10158,2026-09-20 12:34:00,27516.01,WIRE_OUT,AT,CP-9886,ONLINE
TXN100418,CUS10013,2026-09-20 12:35:00,10703.32,CASH_WITHDRAWAL,JP,CP-2741,ONLINE
TXN105279,CUS10146,2026-09-20 12:38:00,2219.19,SEPA_OUT,GB,CP-4673,BRANCH
TXN101685,CUS10049,2026-09-20 12:45:00,10775.34,SEPA_OUT,AT,CP-8235,MOBILE
TXN100388,CUS10011,2026-09-20 12:49:00,44562.53,WIRE_IN,IE,CP-1785,ONLINE
TXN105704,CUS10156,2026-09-20 12:56:00,63325.23,SEPA_OUT,SG,CP-7516,ONLINE
TXN101829,CUS10053,2026-09-20 13:17:00,84599.5,SEPA_OUT,CH,CP-5656,ONLINE
TXN101192,CUS10034,2026-09-20 13:44:00,1287.72,SEPA_OUT,SE,CP-7947,BRANCH
TXN101273,CUS10036,2026-09-20 13:45:00,32348.73,CASH_DEPOSIT,AE,CP-7852,MOBILE
TXN106189,CUS10170,2026-09-20 13:50:00,115880.74,CASH_WITHDRAWAL,FI,CP-2059,ONLINE
TXN103686,CUS10106,2026-09-20 13:59:00,304251.11,CASH_DEPOSIT,IT,CP-7299,BRANCH
TXN100285,CUS10008,2026-09-20 14:04:00,17482.12,WIRE_IN,ES,CP-8126,BRANCH
TXN105416,CUS10149,2026-09-20 14:45:00,1534.2,SEPA_OUT,CA,CP-5954,ONLINE
TXN103949,CUS10112,2026-09-20 14:54:00,14976.42,WIRE_OUT,LU,CP-3552,ONLINE
TXN105929,CUS10163,2026-09-20 15:01:00,28765.42,WIRE_IN,DE,CP-6360,BRANCH
TXN105349,CUS10148,2026-09-20 15:12:00,21408.28,WIRE_IN,JP,CP-3141,ONLINE
TXN103784,CUS10109,2026-09-20 15:19:00,12082.52,WIRE_IN,CH,CP-7208,ONLINE
TXN104245,CUS10120,2026-09-20 15:22:00,12124.24,WIRE_OUT,JP,CP-7242,MOBILE
TXN100512,CUS10015,2026-09-20 15:28:00,34416.74,CASH_WITHDRAWAL,PL,CP-9489,API
TXN104276,CUS10121,2026-09-20 15:32:00,2581.49,SEPA_OUT,AE,CP-5563,API
TXN101414,CUS10042,2026-09-20 15:32:00,2490.05,WIRE_IN,YE,CP-5749,MOBILE
TXN106449,CUS10179,2026-09-20 15:34:00,2725.75,CASH_WITHDRAWAL,SG,CP-6263,MOBILE
TXN106363,CUS10176,2026-09-20 15:48:00,7197.16,CASH_WITHDRAWAL,MC,CP-3474,API
TXN103994,CUS10113,2026-09-20 16:01:00,798.56,WIRE_IN,CH,CP-1223,MOBILE
TXN103738,CUS10108,2026-09-20 16:03:00,15488.35,SEPA_OUT,IE,CP-7823,API
TXN102142,CUS10062,2026-09-20 16:06:00,95729.06,WIRE_IN,IT,CP-5569,MOBILE
TXN101091,CUS10031,2026-09-20 16:16:00,40444.22,SEPA_OUT,FI,CP-8284,BRANCH
TXN101902,CUS10056,2026-09-20 16:21:00,53252.99,SEPA_IN,BG,CP-6843,ONLINE
TXN103031,CUS10085,2026-09-20 16:33:00,24608.77,CASH_WITHDRAWAL,PH,CP-5364,BRANCH
TXN100262,CUS10007,2026-09-20 16:34:00,6232.86,SEPA_IN,AT,CP-2369,API
TXN104986,CUS10139,2026-09-20 17:02:00,3491.33,SEPA_OUT,ES,CP-8679,BRANCH
TXN101405,CUS10042,2026-09-20 17:06:00,2274.32,CASH_WITHDRAWAL,YE,CP-4074,MOBILE
TXN106338,CUS10175,2026-09-20 17:19:00,4656.85,SEPA_IN,GB,CP-1608,ONLINE
TXN103742,CUS10108,2026-09-20 17:35:00,26947.68,WIRE_OUT,VN,CP-3524,API
TXN100375,CUS10011,2026-09-20 17:37:00,11276.0,SEPA_OUT,LU,CP-4187,ONLINE
TXN104968,CUS10139,2026-09-20 17:37:00,3292.19,CASH_WITHDRAWAL,FR,CP-6868,BRANCH
TXN102206,CUS10064,2026-09-20 17:48:00,68295.72,SEPA_OUT,SE,CP-3226,ONLINE
TXN105961,CUS10164,2026-09-20 17:55:00,224514.3,SEPA_OUT,AU,CP-1139,BRANCH
TXN105321,CUS10147,2026-09-20 18:09:00,7987.2,SEPA_OUT,VN,CP-1175,API
TXN103898,CUS10111,2026-09-20 18:16:00,29371.56,SEPA_IN,SE,CP-8124,BRANCH
TXN100212,CUS10006,2026-09-20 18:27:00,4469.03,CASH_WITHDRAWAL,CA,CP-4232,MOBILE
TXN102523,CUS10073,2026-09-20 18:27:00,64846.63,WIRE_OUT,SG,CP-2644,API
TXN102119,CUS10061,2026-09-20 18:29:00,17880.88,CASH_WITHDRAWAL,PL,CP-4085,ONLINE
TXN104991,CUS10140,2026-09-20 18:49:00,14394.44,CASH_WITHDRAWAL,GB,CP-8499,BRANCH
TXN101363,CUS10041,2026-09-21 08:18:00,3825.96,WIRE_IN,IT,CP-1526,BRANCH
TXN100822,CUS10024,2026-09-21 08:18:00,13106.23,WIRE_IN,CA,CP-4806,API
TXN106458,CUS10179,2026-09-21 08:47:00,1191.67,WIRE_OUT,SG,CP-1348,API
TXN100256,CUS10007,2026-09-21 08:50:00,229608.93,WIRE_OUT,MC,CP-9108,MOBILE
TXN103001,CUS10084,2026-09-21 09:11:00,1046.72,WIRE_OUT,NL,CP-2249,API
TXN102484,CUS10072,2026-09-21 09:18:00,26844.36,CASH_WITHDRAWAL,ES,CP-9940,MOBILE
TXN100453,CUS10014,2026-09-21 09:47:00,124721.82,WIRE_IN,NL,CP-8523,API
TXN100932,CUS10027,2026-09-21 10:00:00,6541.35,CASH_WITHDRAWAL,IE,CP-6006,API
TXN104912,CUS10138,2026-09-21 10:09:00,40376.45,WIRE_OUT,ZA,CP-4613,MOBILE
TXN100010,CUS10000,2026-09-21 10:15:00,57518.95,SEPA_IN,AT,CP-4232,BRANCH
TXN102483,CUS10072,2026-09-21 10:19:00,22564.46,CASH_WITHDRAWAL,US,CP-9391,ONLINE
TXN105482,CUS10151,2026-09-21 10:51:00,8903.83,WIRE_IN,NL,CP-1634,MOBILE
TXN103848,CUS10110,2026-09-21 11:13:00,73913.54,WIRE_OUT,AU,CP-9018,MOBILE
TXN103957,CUS10112,2026-09-21 11:15:00,34401.49,SEPA_OUT,LU,CP-4556,MOBILE
TXN100053,CUS10001,2026-09-21 11:18:00,6796.84,WIRE_IN,KE,CP-6438,API
TXN102080,CUS10060,2026-09-21 11:30:00,8336.85,WIRE_OUT,GB,CP-4811,BRANCH
TXN101809,CUS10053,2026-09-21 11:37:00,170524.55,SEPA_OUT,PL,CP-1008,API
TXN101325,CUS10039,2026-09-21 11:52:00,428.95,WIRE_IN,MC,CP-1022,API
TXN101015,CUS10029,2026-09-21 11:56:00,2440.73,CASH_DEPOSIT,NL,CP-8244,API
TXN104477,CUS10127,2026-09-21 12:19:00,38160.69,CASH_DEPOSIT,AT,CP-9009,BRANCH
TXN104517,CUS10128,2026-09-21 12:22:00,54868.78,CASH_DEPOSIT,PL,CP-4349,MOBILE
TXN103436,CUS10098,2026-09-21 12:42:00,3296.84,WIRE_IN,PA,CP-6631,ONLINE
TXN105457,CUS10150,2026-09-21 12:42:00,16685.55,WIRE_OUT,PL,CP-4357,API
TXN103682,CUS10106,2026-09-21 12:57:00,48069.95,SEPA_IN,AT,CP-5480,MOBILE
TXN102287,CUS10068,2026-09-21 13:12:00,34071.81,SEPA_OUT,FR,CP-4081,ONLINE
TXN101005,CUS10029,2026-09-21 13:21:00,2854.1,WIRE_OUT,NL,CP-8194,MOBILE
TXN105560,CUS10153,2026-09-21 13:36:00,9026.19,WIRE_IN,BE,CP-3152,BRANCH
TXN101962,CUS10058,2026-09-21 13:47:00,12643.73,WIRE_IN,GB,CP-1773,API
TXN103978,CUS10113,2026-09-21 14:05:00,6563.99,SEPA_IN,KE,CP-3769,BRANCH
TXN105178,CUS10144,2026-09-21 14:17:00,3770.5,SEPA_OUT,PH,CP-8075,ONLINE
TXN106037,CUS10167,2026-09-21 14:22:00,5368.64,CASH_DEPOSIT,ES,CP-5358,BRANCH
TXN101892,CUS10055,2026-09-21 14:25:00,5877.64,WIRE_OUT,YE,CP-6741,ONLINE
TXN103698,CUS10107,2026-09-21 14:57:00,175800.72,SEPA_IN,GB,CP-6832,BRANCH
TXN104726,CUS10134,2026-09-21 15:01:00,9862.54,SEPA_IN,LU,CP-2766,BRANCH
TXN100653,CUS10019,2026-09-21 15:05:00,17192.63,WIRE_IN,BE,CP-3945,BRANCH
TXN101145,CUS10032,2026-09-21 15:22:00,4218.92,CASH_WITHDRAWAL,AT,CP-5873,MOBILE
TXN102323,CUS10069,2026-09-21 15:24:00,31812.44,CASH_DEPOSIT,IT,CP-9350,BRANCH
TXN101534,CUS10045,2026-09-21 15:24:00,57398.57,CASH_WITHDRAWAL,PL,CP-3955,API
TXN104070,CUS10114,2026-09-21 15:27:00,32922.6,WIRE_IN,IT,CP-1700,ONLINE
TXN102112,CUS10061,2026-09-21 15:28:00,21526.6,CASH_WITHDRAWAL,ZA,CP-3691,ONLINE
TXN105675,CUS10156,2026-09-21 15:59:00,84684.6,SEPA_IN,NL,CP-5647,MOBILE
TXN100465,CUS10014,2026-09-21 16:04:00,69830.64,WIRE_IN,NL,CP-5107,ONLINE
TXN101042,CUS10030,2026-09-21 16:05:00,9875.54,CASH_DEPOSIT,BE,CP-9877,ONLINE
TXN102248,CUS10066,2026-09-21 16:06:00,35816.37,WIRE_OUT,AT,CP-5648,ONLINE
TXN105324,CUS10147,2026-09-21 16:23:00,24416.74,WIRE_IN,VN,CP-8438,MOBILE
TXN103866,CUS10111,2026-09-21 16:23:00,26901.28,SEPA_OUT,SE,CP-2372,ONLINE
TXN100334,CUS10009,2026-09-21 16:24:00,45451.69,SEPA_OUT,FI,CP-7052,BRANCH
TXN101709,CUS10050,2026-09-21 16:28:00,38214.89,WIRE_OUT,AE,CP-1601,MOBILE
TXN106174,CUS10170,2026-09-21 16:28:00,54581.07,SEPA_OUT,FI,CP-6665,BRANCH
TXN103716,CUS10107,2026-09-21 16:41:00,800000.0,SEPA_OUT,BE,CP-4242,BRANCH
TXN103629,CUS10104,2026-09-21 16:55:00,25115.81,CASH_DEPOSIT,SG,CP-5529,ONLINE
TXN106093,CUS10168,2026-09-21 17:03:00,4150.83,SEPA_OUT,TR,CP-8529,ONLINE
TXN101190,CUS10034,2026-09-21 17:04:00,2266.57,WIRE_IN,SE,CP-3039,MOBILE
TXN102701,CUS10077,2026-09-21 17:07:00,4986.6,SEPA_OUT,SY,CP-9230,API
TXN103581,CUS10103,2026-09-21 17:13:00,60438.45,WIRE_OUT,PL,CP-8936,API
TXN102309,CUS10068,2026-09-21 17:31:00,84760.17,WIRE_IN,AU,CP-7644,BRANCH
TXN105127,CUS10142,2026-09-21 17:53:00,82387.39,WIRE_OUT,PL,CP-1601,MOBILE
TXN105251,CUS10145,2026-09-21 18:01:00,2708.13,SEPA_IN,FR,CP-7091,BRANCH
TXN105365,CUS10148,2026-09-21 18:03:00,6287.71,SEPA_OUT,JP,CP-9109,MOBILE
TXN105455,CUS10150,2026-09-21 18:12:00,63824.9,WIRE_IN,PL,CP-5612,MOBILE
TXN100025,CUS10000,2026-09-21 18:27:00,91066.2,WIRE_IN,AT,CP-6940,API
TXN103444,CUS10098,2026-09-21 18:29:00,3633.84,WIRE_IN,PA,CP-2233,MOBILE
TXN102954,CUS10083,2026-09-21 18:31:00,19503.0,SEPA_IN,NL,CP-2055,MOBILE
TXN102708,CUS10077,2026-09-21 18:35:00,1572.77,SEPA_OUT,SY,CP-3574,BRANCH
TXN102700,CUS10077,2026-09-21 18:41:00,2838.9,CASH_WITHDRAWAL,NG,CP-6251,BRANCH
TXN102689,CUS10077,2026-09-21 18:43:00,3400.57,SEPA_OUT,SY,CP-3780,ONLINE
TXN101711,CUS10050,2026-09-21 18:50:00,75682.25,SEPA_IN,NG,CP-9253,API
TXN103399,CUS10097,2026-09-22 08:00:00,3015.0,WIRE_OUT,DK,CP-9206,API
TXN101551,CUS10046,2026-09-22 08:02:00,35401.79,SEPA_IN,TR,CP-4285,API
TXN100389,CUS10011,2026-09-22 08:03:00,13131.73,SEPA_OUT,IE,CP-8279,MOBILE
TXN105074,CUS10141,2026-09-22 08:07:00,48929.36,SEPA_OUT,SE,CP-3578,MOBILE
TXN105677,CUS10156,2026-09-22 08:15:00,244439.23,SEPA_OUT,NL,CP-4548,BRANCH
TXN103030,CUS10085,2026-09-22 08:27:00,5691.87,SEPA_IN,VN,CP-3736,ONLINE
TXN100773,CUS10023,2026-09-22 08:30:00,9071.7,WIRE_IN,PL,CP-4976,BRANCH
TXN101413,CUS10042,2026-09-22 08:39:00,23549.82,SEPA_OUT,NL,CP-9924,ONLINE
TXN106106,CUS10168,2026-09-22 08:43:00,54083.32,CASH_DEPOSIT,NL,CP-1351,MOBILE
TXN101596,CUS10047,2026-09-22 09:04:00,3418.81,CASH_DEPOSIT,AT,CP-9249,MOBILE
TXN101106,CUS10032,2026-09-22 09:21:00,6802.81,SEPA_OUT,GB,CP-4934,API
TXN103651,CUS10104,2026-09-22 09:32:00,64737.43,WIRE_IN,KE,CP-9002,ONLINE
TXN105256,CUS10146,2026-09-22 09:35:00,1497.78,WIRE_OUT,GB,CP-9654,API
TXN105267,CUS10146,2026-09-22 10:12:00,1343.99,WIRE_IN,GB,CP-3500,MOBILE
TXN104415,CUS10126,2026-09-22 10:12:00,13563.57,CASH_DEPOSIT,FI,CP-7419,API
TXN106078,CUS10168,2026-09-22 10:16:00,2860.54,CASH_WITHDRAWAL,NL,CP-2048,MOBILE
TXN101261,CUS10036,2026-09-22 10:25:00,44278.79,SEPA_IN,HR,CP-7968,BRANCH
TXN103014,CUS10085,2026-09-22 10:32:00,26123.15,WIRE_IN,PH,CP-1326,ONLINE
TXN101238,CUS10036,2026-09-22 10:36:00,65686.14,CASH_WITHDRAWAL,HR,CP-8904,API
TXN106121,CUS10169,2026-09-22 10:59:00,2344.74,SEPA_OUT,FI,CP-3465,MOBILE
TXN105592,CUS10153,2026-09-22 11:08:00,11398.3,SEPA_IN,BE,CP-8105,API
TXN104189,CUS10119,2026-09-22 11:18:00,79229.62,SEPA_IN,TR,CP-3266,API
TXN105426,CUS10149,2026-09-22 11:22:00,4504.58,CASH_WITHDRAWAL,AU,CP-4784,ONLINE
TXN101353,CUS10040,2026-09-22 11:24:00,15295.94,SEPA_OUT,VN,CP-9826,MOBILE
TXN103212,CUS10091,2026-09-22 11:32:00,316280.01,SEPA_IN,CH,CP-1018,BRANCH
TXN104607,CUS10131,2026-09-22 11:33:00,12325.46,SEPA_OUT,AE,CP-1839,MOBILE
TXN102715,CUS10078,2026-09-22 11:41:00,776.54,CASH_DEPOSIT,IE,CP-1776,MOBILE
TXN106040,CUS10167,2026-09-22 11:53:00,44693.24,CASH_WITHDRAWAL,ES,CP-1766,API
TXN105398,CUS10148,2026-09-22 12:10:00,4582.96,CASH_DEPOSIT,JP,CP-5429,ONLINE
TXN101311,CUS10038,2026-09-22 12:13:00,16030.23,WIRE_IN,US,CP-2742,BRANCH
TXN101343,CUS10040,2026-09-22 12:14:00,21601.88,SEPA_OUT,AE,CP-2841,MOBILE
TXN102213,CUS10064,2026-09-22 12:25:00,14510.64,WIRE_IN,SE,CP-4720,MOBILE
TXN101970,CUS10058,2026-09-22 12:26:00,13398.05,SEPA_OUT,GB,CP-7777,MOBILE
TXN104782,CUS10135,2026-09-22 12:44:00,1077.43,WIRE_IN,FI,CP-1653,BRANCH
TXN103442,CUS10098,2026-09-22 12:53:00,2332.07,CASH_DEPOSIT,PA,CP-6345,ONLINE
TXN100406,CUS10012,2026-09-22 13:00:00,3547.23,CASH_WITHDRAWAL,TR,CP-9598,BRANCH
TXN104165,CUS10118,2026-09-22 13:04:00,39315.11,CASH_DEPOSIT,ES,CP-7920,ONLINE
TXN103152,CUS10090,2026-09-22 13:28:00,814.38,WIRE_IN,JP,CP-5399,API
TXN106371,CUS10176,2026-09-22 13:50:00,3585.25,CASH_WITHDRAWAL,MC,CP-2570,ONLINE
TXN103406,CUS10097,2026-09-22 13:56:00,7190.58,SEPA_OUT,DK,CP-8657,BRANCH
TXN105523,CUS10152,2026-09-22 14:01:00,50969.0,WIRE_OUT,HR,CP-2987,ONLINE
TXN103996,CUS10113,2026-09-22 14:08:00,790.47,CASH_DEPOSIT,CH,CP-8392,API
TXN101245,CUS10036,2026-09-22 14:17:00,15651.23,SEPA_OUT,HR,CP-7018,ONLINE
TXN105164,CUS10143,2026-09-22 14:24:00,78679.43,CASH_DEPOSIT,FR,CP-5343,MOBILE
TXN101016,CUS10029,2026-09-22 14:49:00,1237.18,SEPA_IN,NL,CP-2380,ONLINE
TXN101737,CUS10050,2026-09-22 14:51:00,35467.13,SEPA_IN,IT,CP-3109,MOBILE
TXN103455,CUS10099,2026-09-22 15:00:00,10765.5,SEPA_IN,BE,CP-4969,MOBILE
TXN100980,CUS10028,2026-09-22 15:29:00,39063.73,CASH_WITHDRAWAL,MC,CP-8974,API
TXN101601,CUS10047,2026-09-22 15:38:00,6258.06,SEPA_OUT,PH,CP-4764,BRANCH
TXN104650,CUS10133,2026-09-22 16:14:00,1707.58,WIRE_OUT,SG,CP-5451,BRANCH
TXN103254,CUS10092,2026-09-22 16:26:00,27956.51,CASH_WITHDRAWAL,KP,CP-2719,MOBILE
TXN105629,CUS10154,2026-09-22 16:29:00,5587.7,WIRE_IN,MM,CP-4957,API
TXN102841,CUS10080,2026-09-22 16:44:00,24767.56,CASH_WITHDRAWAL,FI,CP-3478,ONLINE
TXN103274,CUS10093,2026-09-22 16:49:00,4003.8,WIRE_OUT,SE,CP-5621,BRANCH
TXN100565,CUS10016,2026-09-22 16:51:00,6012.28,WIRE_OUT,NL,CP-2121,BRANCH
TXN101878,CUS10055,2026-09-22 16:59:00,2167.37,WIRE_OUT,YE,CP-5182,API
TXN101581,CUS10047,2026-09-22 17:00:00,5221.99,CASH_DEPOSIT,PH,CP-6259,API
TXN104731,CUS10134,2026-09-22 17:09:00,8007.35,SEPA_IN,FR,CP-4675,ONLINE
TXN104122,CUS10116,2026-09-22 17:27:00,17930.39,SEPA_IN,JP,CP-6936,MOBILE
TXN102355,CUS10069,2026-09-22 17:45:00,10270.38,WIRE_OUT,IT,CP-1865,BRANCH
TXN101845,CUS10053,2026-09-22 18:12:00,36624.17,SEPA_IN,IE,CP-3500,BRANCH
TXN105666,CUS10156,2026-09-22 18:20:00,145181.87,WIRE_IN,NL,CP-1063,API
TXN104198,CUS10119,2026-09-22 18:27:00,7513.81,SEPA_IN,FI,CP-3953,BRANCH
TXN100415,CUS10012,2026-09-22 18:29:00,4578.97,WIRE_IN,CA,CP-4652,MOBILE
TXN102778,CUS10079,2026-09-22 18:43:00,19828.95,SEPA_OUT,JP,CP-6567,ONLINE
TXN101089,CUS10031,2026-09-22 18:50:00,35609.82,CASH_DEPOSIT,FI,CP-6377,BRANCH
TXN100848,CUS10025,2026-09-22 18:57:00,1250.79,WIRE_OUT,IE,CP-9059,BRANCH
TXN105276,CUS10146,2026-09-22 18:58:00,642.48,SEPA_OUT,CA,CP-9231,MOBILE
TXN106017,CUS10166,2026-09-23 08:11:00,97350.26,WIRE_IN,HR,CP-5852,MOBILE
TXN101428,CUS10043,2026-09-23 08:17:00,69814.78,WIRE_OUT,BE,CP-1379,ONLINE
TXN106172,CUS10170,2026-09-23 08:18:00,30707.59,WIRE_OUT,FI,CP-9344,API
TXN102374,CUS10070,2026-09-23 08:23:00,50931.08,WIRE_OUT,DK,CP-7149,ONLINE
TXN103443,CUS10098,2026-09-23 08:29:00,7425.13,CASH_DEPOSIT,PA,CP-6552,BRANCH
TXN102899,CUS10082,2026-09-23 08:32:00,10486.9,SEPA_OUT,AE,CP-4755,MOBILE
TXN104701,CUS10133,2026-09-23 08:41:00,655.61,SEPA_OUT,SG,CP-9320,BRANCH
TXN100924,CUS10027,2026-09-23 08:44:00,54195.16,WIRE_OUT,AE,CP-5144,MOBILE
TXN105466,CUS10150,2026-09-23 09:08:00,26347.79,CASH_DEPOSIT,PL,CP-2376,BRANCH
TXN101252,CUS10036,2026-09-23 09:11:00,8454.62,WIRE_OUT,TR,CP-1087,MOBILE
TXN104592,CUS10130,2026-09-23 09:16:00,12895.69,WIRE_OUT,BE,CP-5480,BRANCH
TXN105265,CUS10146,2026-09-23 09:19:00,1082.3,SEPA_OUT,CH,CP-4559,API
TXN102751,CUS10078,2026-09-23 09:20:00,14666.0,WIRE_IN,IT,CP-1714,API
TXN103587,CUS10103,2026-09-23 09:21:00,9994.68,CASH_DEPOSIT,PL,CP-6561,BRANCH
TXN106042,CUS10167,2026-09-23 09:21:00,121287.7,SEPA_IN,ES,CP-2931,BRANCH
TXN101637,CUS10048,2026-09-23 09:22:00,29236.96,CASH_WITHDRAWAL,NL,CP-3098,MOBILE
TXN105463,CUS10150,2026-09-23 09:31:00,11451.0,WIRE_IN,PL,CP-9564,MOBILE
TXN100507,CUS10014,2026-09-23 09:47:00,41748.19,CASH_WITHDRAWAL,NL,CP-3650,ONLINE
TXN102104,CUS10061,2026-09-23 09:49:00,8044.79,SEPA_IN,TR,CP-8850,BRANCH
TXN102237,CUS10065,2026-09-23 09:49:00,38849.57,WIRE_IN,JP,CP-8137,MOBILE
TXN104784,CUS10135,2026-09-23 10:00:00,37761.52,SEPA_IN,SG,CP-5857,BRANCH
TXN100634,CUS10019,2026-09-23 10:05:00,18541.62,CASH_DEPOSIT,BE,CP-4726,MOBILE
TXN101272,CUS10036,2026-09-23 10:09:00,17389.23,CASH_WITHDRAWAL,HR,CP-5380,ONLINE
TXN101757,CUS10051,2026-09-23 10:17:00,44649.98,CASH_DEPOSIT,AE,CP-6212,ONLINE
TXN106309,CUS10174,2026-09-23 10:22:00,85273.96,WIRE_IN,GB,CP-3930,API
TXN106108,CUS10168,2026-09-23 10:25:00,12776.78,SEPA_IN,AT,CP-1483,MOBILE
TXN105230,CUS10145,2026-09-23 10:28:00,17693.6,SEPA_IN,CA,CP-5915,MOBILE
TXN102568,CUS10074,2026-09-23 10:29:00,41401.42,CASH_WITHDRAWAL,CA,CP-5939,ONLINE
TXN105859,CUS10161,2026-09-23 10:29:00,25142.3,CASH_DEPOSIT,LU,CP-8431,BRANCH
TXN106232,CUS10172,2026-09-23 10:36:00,1798.12,CASH_WITHDRAWAL,ES,CP-2718,BRANCH
TXN102011,CUS10059,2026-09-23 10:58:00,45271.1,WIRE_IN,ES,CP-3221,MOBILE
TXN101214,CUS10034,2026-09-23 11:00:00,1645.44,SEPA_IN,MC,CP-1272,API
TXN105913,CUS10162,2026-09-23 11:09:00,115318.0,CASH_WITHDRAWAL,PL,CP-6618,BRANCH
TXN100408,CUS10012,2026-09-23 11:30:00,9175.16,CASH_WITHDRAWAL,TR,CP-7305,BRANCH
TXN105384,CUS10148,2026-09-23 11:36:00,40869.83,SEPA_OUT,JP,CP-2365,MOBILE
TXN106067,CUS10168,2026-09-23 11:49:00,20046.2,WIRE_IN,NL,CP-6621,MOBILE
TXN100477,CUS10014,2026-09-23 11:54:00,106895.18,CASH_WITHDRAWAL,PL,CP-3717,BRANCH
TXN101574,CUS10047,2026-09-23 12:02:00,3025.61,SEPA_IN,PH,CP-1425,API
TXN103247,CUS10092,2026-09-23 12:05:00,11588.69,WIRE_OUT,IT,CP-1480,ONLINE
TXN101872,CUS10055,2026-09-23 12:21:00,6513.23,SEPA_OUT,YE,CP-9518,API
TXN105492,CUS10151,2026-09-23 12:38:00,6154.94,WIRE_IN,AE,CP-4502,ONLINE
TXN103655,CUS10104,2026-09-23 12:38:00,55757.6,WIRE_IN,BG,CP-4974,API
TXN102426,CUS10071,2026-09-23 12:53:00,6584.79,CASH_DEPOSIT,US,CP-8474,ONLINE
TXN102371,CUS10070,2026-09-23 12:56:00,13435.82,SEPA_IN,DK,CP-6594,ONLINE
TXN103408,CUS10097,2026-09-23 12:56:00,3487.33,CASH_DEPOSIT,DK,CP-7107,ONLINE
TXN106585,CUS10120,2026-09-23 13:00:00,750000.0,WIRE_OUT,SY,CP-8822,ONLINE
TXN106459,CUS10179,2026-09-23 13:02:00,2300.92,SEPA_OUT,SG,CP-3509,ONLINE
TXN104237,CUS10120,2026-09-23 13:20:00,31559.03,CASH_WITHDRAWAL,PL,CP-8080,BRANCH
TXN102900,CUS10082,2026-09-23 13:24:00,8035.38,CASH_WITHDRAWAL,IE,CP-5535,MOBILE
TXN101723,CUS10050,2026-09-23 13:50:00,136338.75,SEPA_IN,LU,CP-3317,API
TXN100028,CUS10000,2026-09-23 13:56:00,51538.94,CASH_DEPOSIT,BE,CP-7172,BRANCH
TXN100898,CUS10027,2026-09-23 14:36:00,54694.41,SEPA_OUT,IE,CP-5368,ONLINE
TXN105474,CUS10151,2026-09-23 14:46:00,7274.55,SEPA_IN,NL,CP-5569,API
TXN105237,CUS10145,2026-09-23 15:07:00,10904.52,SEPA_IN,CA,CP-4620,API
TXN100976,CUS10028,2026-09-23 15:11:00,14508.13,SEPA_OUT,KE,CP-1741,ONLINE
TXN106217,CUS10171,2026-09-23 15:11:00,15996.48,WIRE_OUT,SG,CP-5874,MOBILE
TXN105003,CUS10140,2026-09-23 15:13:00,6399.32,WIRE_OUT,GB,CP-3785,BRANCH
TXN100909,CUS10027,2026-09-23 15:17:00,117584.6,CASH_DEPOSIT,FI,CP-8106,ONLINE
TXN101935,CUS10057,2026-09-23 15:19:00,2503.99,CASH_WITHDRAWAL,LU,CP-5991,API
TXN101896,CUS10055,2026-09-23 15:19:00,6774.91,CASH_WITHDRAWAL,FI,CP-8444,BRANCH
TXN105774,CUS10158,2026-09-23 15:25:00,53309.22,WIRE_OUT,AT,CP-8754,BRANCH
TXN106072,CUS10168,2026-09-23 15:51:00,9662.38,CASH_WITHDRAWAL,NL,CP-7952,ONLINE
TXN103933,CUS10112,2026-09-23 15:54:00,76583.28,SEPA_OUT,AE,CP-8694,ONLINE
TXN102619,CUS10075,2026-09-23 16:01:00,66767.21,WIRE_IN,ZA,CP-9955,MOBILE
TXN105270,CUS10146,2026-09-23 16:11:00,5850.79,WIRE_OUT,IE,CP-4981,BRANCH
TXN102537,CUS10073,2026-09-23 16:15:00,173749.08,SEPA_OUT,SG,CP-1869,BRANCH
TXN102482,CUS10072,2026-09-23 16:27:00,205144.32,CASH_WITHDRAWAL,PL,CP-5108,API
TXN100891,CUS10026,2026-09-23 16:43:00,12504.43,SEPA_OUT,FR,CP-8797,BRANCH
TXN102435,CUS10071,2026-09-23 16:48:00,3100.29,SEPA_IN,US,CP-1050,API
TXN106183,CUS10170,2026-09-23 16:50:00,198747.54,SEPA_OUT,FI,CP-8779,ONLINE
TXN102325,CUS10069,2026-09-23 16:51:00,14228.64,SEPA_OUT,IT,CP-1332,ONLINE
TXN101524,CUS10045,2026-09-23 17:07:00,61872.96,CASH_WITHDRAWAL,CH,CP-1354,BRANCH
TXN104290,CUS10121,2026-09-23 17:10:00,6258.89,SEPA_OUT,AE,CP-1799,API
TXN105954,CUS10164,2026-09-23 17:18:00,63714.8,WIRE_OUT,AU,CP-6136,MOBILE
TXN103999,CUS10113,2026-09-23 17:23:00,5560.2,SEPA_OUT,AE,CP-5189,ONLINE
TXN104845,CUS10136,2026-09-23 17:23:00,63718.95,CASH_DEPOSIT,PL,CP-5846,API
TXN104309,CUS10121,2026-09-23 17:30:00,2873.27,SEPA_OUT,AE,CP-8116,API
TXN103819,CUS10109,2026-09-23 17:46:00,3231.8,SEPA_IN,AU,CP-4924,MOBILE
TXN104584,CUS10130,2026-09-23 17:46:00,7168.2,CASH_WITHDRAWAL,BE,CP-6610,API
TXN100022,CUS10000,2026-09-23 17:55:00,87959.03,WIRE_IN,AT,CP-3317,API
TXN105104,CUS10142,2026-09-23 18:02:00,114782.3,SEPA_IN,PL,CP-2346,API
TXN100400,CUS10012,2026-09-23 18:10:00,2327.33,SEPA_OUT,TR,CP-5395,ONLINE
TXN104092,CUS10115,2026-09-23 18:10:00,3805.06,WIRE_IN,US,CP-7280,API
TXN101956,CUS10058,2026-09-23 18:20:00,1509.42,CASH_DEPOSIT,IE,CP-9715,MOBILE
TXN106318,CUS10174,2026-09-23 18:22:00,179234.05,WIRE_IN,FI,CP-6109,API
TXN104555,CUS10129,2026-09-23 18:38:00,1638.2,SEPA_IN,AU,CP-8965,MOBILE
TXN103634,CUS10104,2026-09-23 18:58:00,58377.95,SEPA_IN,SG,CP-2511,ONLINE
TXN100789,CUS10024,2026-09-24 08:03:00,551.67,SEPA_IN,CA,CP-4433,MOBILE
TXN100432,CUS10013,2026-09-24 08:12:00,3358.82,WIRE_OUT,JP,CP-5695,API
TXN104206,CUS10119,2026-09-24 08:17:00,123729.75,CASH_WITHDRAWAL,FI,CP-7743,MOBILE
TXN105624,CUS10154,2026-09-24 08:25:00,16442.06,CASH_DEPOSIT,MM,CP-9712,API
TXN101231,CUS10035,2026-09-24 08:38:00,13927.41,CASH_DEPOSIT,NG,CP-3022,API
TXN103301,CUS10094,2026-09-24 08:51:00,3935.05,CASH_DEPOSIT,IE,CP-7445,BRANCH
TXN106240,CUS10172,2026-09-24 08:55:00,1751.99,WIRE_OUT,SG,CP-1094,BRANCH
TXN104718,CUS10134,2026-09-24 08:59:00,14857.8,SEPA_IN,FR,CP-6305,API
TXN104140,CUS10117,2026-09-24 09:01:00,136723.09,SEPA_IN,JP,CP-7280,API
TXN104409,CUS10126,2026-09-24 09:03:00,16796.98,WIRE_OUT,PH,CP-6858,ONLINE
TXN102978,CUS10084,2026-09-24 09:29:00,3217.98,SEPA_OUT,ZA,CP-5773,ONLINE
TXN101464,CUS10043,2026-09-24 09:33:00,52375.03,CASH_DEPOSIT,BE,CP-8830,MOBILE
TXN104603,CUS10131,2026-09-24 09:50:00,23798.4,WIRE_IN,KE,CP-1907,ONLINE
TXN100967,CUS10028,2026-09-24 09:53:00,87997.34,WIRE_OUT,MC,CP-9021,MOBILE
TXN100722,CUS10022,2026-09-24 10:08:00,1417.04,CASH_WITHDRAWAL,BE,CP-1257,BRANCH
TXN101862,CUS10054,2026-09-24 10:23:00,7860.95,WIRE_OUT,NL,CP-1491,MOBILE
TXN105845,CUS10160,2026-09-24 10:43:00,5387.68,CASH_DEPOSIT,KP,CP-4263,ONLINE
TXN105050,CUS10141,2026-09-24 10:55:00,74660.59,CASH_WITHDRAWAL,SE,CP-4768,BRANCH
TXN106220,CUS10172,2026-09-24 11:06:00,5437.99,WIRE_OUT,JP,CP-8231,API
TXN106006,CUS10166,2026-09-24 11:25:00,64452.04,SEPA_OUT,SG,CP-4315,BRANCH
TXN105764,CUS10158,2026-09-24 11:35:00,45397.99,CASH_WITHDRAWAL,AT,CP-6734,BRANCH
TXN101294,CUS10037,2026-09-24 12:07:00,44485.57,CASH_DEPOSIT,IE,CP-9119,BRANCH
TXN101619,CUS10048,2026-09-24 12:09:00,52211.92,CASH_DEPOSIT,NL,CP-9334,BRANCH
TXN100807,CUS10024,2026-09-24 12:10:00,1420.45,CASH_DEPOSIT,CA,CP-1399,MOBILE
TXN103267,CUS10093,2026-09-24 12:12:00,6158.65,WIRE_OUT,BE,CP-7475,BRANCH
TXN105710,CUS10157,2026-09-24 12:17:00,4467.06,CASH_DEPOSIT,NG,CP-9851,BRANCH
TXN101527,CUS10045,2026-09-24 12:25:00,286415.47,WIRE_IN,CH,CP-8601,MOBILE
TXN102276,CUS10067,2026-09-24 12:26:00,143501.75,SEPA_OUT,NL,CP-4343,BRANCH
TXN102517,CUS10073,2026-09-24 12:34:00,14117.4,CASH_WITHDRAWAL,SG,CP-7913,API
TXN106494,CUS10179,2026-09-24 12:36:00,916.77,WIRE_OUT,SG,CP-6016,API
TXN105924,CUS10163,2026-09-24 12:47:00,5127.68,SEPA_OUT,AU,CP-7705,MOBILE
TXN103945,CUS10112,2026-09-24 12:54:00,86529.07,SEPA_IN,LU,CP-8466,BRANCH
TXN100867,CUS10025,2026-09-24 13:01:00,2722.46,CASH_WITHDRAWAL,IE,CP-5544,API
TXN106123,CUS10169,2026-09-24 13:04:00,2465.18,SEPA_OUT,SE,CP-8319,API
TXN103114,CUS10088,2026-09-24 13:12:00,28438.31,SEPA_OUT,CH,CP-1327,ONLINE
TXN106238,CUS10172,2026-09-24 13:21:00,1137.93,WIRE_OUT,ES,CP-3541,BRANCH
TXN104798,CUS10135,2026-09-24 13:26:00,808.02,WIRE_IN,SG,CP-6900,MOBILE
TXN100447,CUS10013,2026-09-24 13:28:00,1964.45,CASH_WITHDRAWAL,JP,CP-4994,ONLINE
TXN100407,CUS10012,2026-09-24 13:33:00,7436.2,CASH_WITHDRAWAL,TR,CP-2560,MOBILE
TXN105406,CUS10149,2026-09-24 13:38:00,611.86,SEPA_OUT,BG,CP-6114,API
TXN105005,CUS10140,2026-09-24 14:00:00,3006.8,WIRE_IN,IE,CP-1546,ONLINE
TXN105674,CUS10156,2026-09-24 14:13:00,29010.96,WIRE_OUT,NL,CP-6605,MOBILE
TXN105002,CUS10140,2026-09-24 14:14:00,1981.29,WIRE_OUT,GB,CP-6749,MOBILE
TXN104346,CUS10123,2026-09-24 14:15:00,4011.72,CASH_DEPOSIT,SE,CP-5332,ONLINE
TXN101698,CUS10050,2026-09-24 14:26:00,125709.65,WIRE_IN,AE,CP-2064,BRANCH
TXN104948,CUS10138,2026-09-24 14:26:00,15302.5,WIRE_OUT,ZA,CP-9866,MOBILE
TXN100618,CUS10018,2026-09-24 14:27:00,122444.27,WIRE_OUT,IT,CP-6254,API
TXN104160,CUS10118,2026-09-24 14:33:00,21048.24,SEPA_OUT,SG,CP-9829,API
TXN103971,CUS10113,2026-09-24 14:38:00,1725.13,SEPA_OUT,CH,CP-6832,ONLINE
TXN103766,CUS10108,2026-09-24 14:53:00,9547.33,WIRE_OUT,IE,CP-5483,ONLINE
TXN102533,CUS10073,2026-09-24 15:11:00,39960.82,SEPA_IN,HR,CP-8865,MOBILE
TXN101634,CUS10048,2026-09-24 15:31:00,15938.44,CASH_DEPOSIT,JP,CP-6851,MOBILE
TXN101067,CUS10030,2026-09-24 15:43:00,10546.33,SEPA_OUT,BE,CP-6864,MOBILE
TXN101900,CUS10056,2026-09-24 15:53:00,36383.59,SEPA_OUT,BG,CP-7908,ONLINE
TXN102466,CUS10072,2026-09-24 16:10:00,22625.39,WIRE_IN,LU,CP-3645,ONLINE
TXN103602,CUS10103,2026-09-24 16:25:00,107383.22,SEPA_IN,PL,CP-9086,API
TXN104135,CUS10116,2026-09-24 16:27:00,6108.43,SEPA_IN,JP,CP-7824,API
TXN104681,CUS10133,2026-09-24 16:40:00,1313.68,CASH_DEPOSIT,SG,CP-4723,ONLINE
TXN106498,CUS10179,2026-09-24 16:51:00,1975.48,CASH_WITHDRAWAL,SG,CP-4806,API
TXN103614,CUS10104,2026-09-24 17:00:00,72528.97,SEPA_OUT,SG,CP-2084,MOBILE
TXN102244,CUS10066,2026-09-24 17:05:00,151937.84,SEPA_IN,AT,CP-6409,ONLINE
TXN106160,CUS10170,2026-09-24 17:26:00,46732.63,SEPA_OUT,MC,CP-8136,BRANCH
TXN104046,CUS10114,2026-09-24 17:30:00,36492.79,CASH_WITHDRAWAL,IT,CP-2756,API
TXN101402,CUS10042,2026-09-24 17:39:00,10758.32,CASH_WITHDRAWAL,YE,CP-6185,ONLINE
TXN100665,CUS10020,2026-09-24 17:53:00,9073.95,SEPA_IN,DE,CP-2436,ONLINE
TXN103280,CUS10093,2026-09-24 17:55:00,4182.47,SEPA_IN,SE,CP-2486,ONLINE
TXN104133,CUS10116,2026-09-24 18:01:00,23052.57,SEPA_IN,JP,CP-5008,API
TXN100244,CUS10007,2026-09-24 18:10:00,31900.18,CASH_WITHDRAWAL,AT,CP-6005,BRANCH
TXN106394,CUS10177,2026-09-24 18:11:00,20235.82,SEPA_IN,US,CP-1609,ONLINE
TXN102165,CUS10063,2026-09-24 18:12:00,1849.73,WIRE_OUT,HR,CP-5833,BRANCH
TXN103420,CUS10098,2026-09-24 18:19:00,1281.57,WIRE_OUT,PA,CP-2932,MOBILE
TXN101347,CUS10040,2026-09-24 18:19:00,17596.84,SEPA_IN,VN,CP-6707,ONLINE
TXN105250,CUS10145,2026-09-24 18:26:00,1924.16,CASH_DEPOSIT,CA,CP-9481,API
TXN105187,CUS10144,2026-09-24 18:43:00,4943.94,WIRE_IN,PH,CP-4042,MOBILE
TXN104207,CUS10119,2026-09-24 18:54:00,8492.19,CASH_DEPOSIT,JP,CP-3412,ONLINE
TXN105736,CUS10157,2026-09-25 08:06:00,6623.3,WIRE_IN,NG,CP-7568,MOBILE
TXN100884,CUS10026,2026-09-25 08:11:00,14379.11,CASH_WITHDRAWAL,FR,CP-6356,BRANCH
TXN103660,CUS10105,2026-09-25 08:22:00,1561.95,WIRE_IN,ES,CP-9598,MOBILE
TXN100514,CUS10015,2026-09-25 08:23:00,26266.24,WIRE_IN,PL,CP-3579,ONLINE
TXN105742,CUS10157,2026-09-25 08:23:00,4235.28,CASH_DEPOSIT,LU,CP-9550,API
TXN106165,CUS10170,2026-09-25 08:26:00,25541.22,SEPA_IN,FI,CP-6945,ONLINE
TXN103620,CUS10104,2026-09-25 08:56:00,13893.4,CASH_WITHDRAWAL,SG,CP-9986,ONLINE
TXN100818,CUS10024,2026-09-25 09:12:00,2225.09,WIRE_IN,AU,CP-2313,MOBILE
TXN105854,CUS10161,2026-09-25 09:19:00,13796.68,SEPA_IN,DK,CP-6510,ONLINE
TXN102476,CUS10072,2026-09-25 10:05:00,34639.97,CASH_WITHDRAWAL,AE,CP-6997,ONLINE
TXN100748,CUS10022,2026-09-25 10:20:00,2554.62,CASH_WITHDRAWAL,BE,CP-1138,ONLINE
TXN104199,CUS10119,2026-09-25 10:26:00,131603.31,WIRE_IN,FI,CP-1220,ONLINE
TXN101065,CUS10030,2026-09-25 10:26:00,1701.28,CASH_WITHDRAWAL,BE,CP-9011,MOBILE
TXN102821,CUS10080,2026-09-25 10:47:00,163853.87,WIRE_IN,FI,CP-3090,ONLINE
TXN103230,CUS10092,2026-09-25 10:52:00,14912.9,WIRE_OUT,KP,CP-7459,MOBILE
TXN101241,CUS10036,2026-09-25 10:59:00,35404.44,SEPA_IN,HR,CP-8763,BRANCH
TXN100210,CUS10006,2026-09-25 10:59:00,3289.32,CASH_DEPOSIT,AT,CP-3858,BRANCH
TXN103023,CUS10085,2026-09-25 11:13:00,104880.55,CASH_WITHDRAWAL,SG,CP-2364,API
TXN100360,CUS10010,2026-09-25 11:17:00,12625.78,CASH_DEPOSIT,US,CP-1328,ONLINE
TXN103429,CUS10098,2026-09-25 11:20:00,5028.03,CASH_WITHDRAWAL,PA,CP-1315,ONLINE
TXN105462,CUS10150,2026-09-25 11:38:00,49834.18,CASH_WITHDRAWAL,SG,CP-8606,BRANCH
TXN100747,CUS10022,2026-09-25 11:46:00,2276.89,WIRE_OUT,BE,CP-9518,API
TXN106322,CUS10175,2026-09-25 11:50:00,3055.11,WIRE_OUT,GB,CP-4564,MOBILE
TXN104654,CUS10133,2026-09-25 12:00:00,3657.29,WIRE_IN,SG,CP-5165,API
TXN104959,CUS10139,2026-09-25 12:05:00,6231.32,WIRE_OUT,DK,CP-9227,ONLINE
TXN100292,CUS10008,2026-09-25 12:16:00,52005.88,WIRE_IN,IT,CP-7625,MOBILE
TXN101756,CUS10051,2026-09-25 12:17:00,18663.98,WIRE_OUT,AE,CP-1306,MOBILE
TXN103137,CUS10089,2026-09-25 12:29:00,1840.77,CASH_DEPOSIT,AT,CP-4766,API
TXN100136,CUS10003,2026-09-25 12:46:00,2226.68,SEPA_IN,IT,CP-1049,BRANCH
TXN103801,CUS10109,2026-09-25 12:51:00,2316.48,WIRE_OUT,SE,CP-9786,BRANCH
TXN105480,CUS10151,2026-09-25 13:17:00,39970.17,WIRE_IN,NL,CP-8375,MOBILE
TXN104400,CUS10125,2026-09-25 13:26:00,6153.13,WIRE_OUT,IE,CP-9384,MOBILE
TXN101640,CUS10048,2026-09-25 13:26:00,21240.93,SEPA_OUT,NL,CP-7966,MOBILE
TXN105652,CUS10155,2026-09-25 13:44:00,7504.65,WIRE_OUT,CA,CP-9011,MOBILE
TXN103054,CUS10086,2026-09-25 13:46:00,8347.14,CASH_WITHDRAWAL,CA,CP-7607,ONLINE
TXN101496,CUS10044,2026-09-25 13:56:00,43356.92,CASH_DEPOSIT,CH,CP-7836,API
TXN101697,CUS10050,2026-09-25 13:57:00,48455.83,CASH_DEPOSIT,NG,CP-7000,ONLINE
TXN104722,CUS10134,2026-09-25 14:02:00,8509.88,WIRE_OUT,FR,CP-5000,MOBILE
TXN105881,CUS10162,2026-09-25 14:05:00,253867.73,CASH_DEPOSIT,SG,CP-5940,ONLINE
TXN101762,CUS10051,2026-09-25 14:16:00,22129.27,CASH_WITHDRAWAL,AE,CP-2287,MOBILE
TXN102685,CUS10076,2026-09-25 14:16:00,5365.78,SEPA_IN,JP,CP-5672,MOBILE
TXN100777,CUS10023,2026-09-25 14:20:00,3418.16,CASH_WITHDRAWAL,ES,CP-9943,BRANCH
TXN104551,CUS10129,2026-09-25 14:40:00,4077.35,WIRE_IN,AU,CP-5318,ONLINE
TXN103407,CUS10097,2026-09-25 14:48:00,4609.22,CASH_DEPOSIT,DK,CP-2100,API
TXN104771,CUS10135,2026-09-25 14:49:00,1910.32,CASH_DEPOSIT,KE,CP-6246,API
TXN102015,CUS10059,2026-09-25 14:58:00,71363.58,CASH_WITHDRAWAL,ES,CP-4229,API
TXN101735,CUS10050,2026-09-25 15:02:00,22869.41,SEPA_OUT,NG,CP-3941,BRANCH
TXN105157,CUS10143,2026-09-25 15:13:00,400000.0,WIRE_OUT,FR,CP-7778,ONLINE
TXN104996,CUS10140,2026-09-25 15:18:00,14722.72,CASH_WITHDRAWAL,GB,CP-7793,BRANCH
TXN105240,CUS10145,2026-09-25 15:25:00,3840.19,WIRE_IN,CA,CP-5637,API
TXN104052,CUS10114,2026-09-25 15:27:00,30107.42,WIRE_IN,NL,CP-6881,BRANCH
TXN102972,CUS10084,2026-09-25 15:40:00,697.2,CASH_DEPOSIT,JP,CP-2050,BRANCH
TXN105168,CUS10144,2026-09-25 16:39:00,2257.41,WIRE_OUT,PH,CP-5238,API
TXN102842,CUS10080,2026-09-25 16:54:00,271617.86,WIRE_IN,FI,CP-9745,MOBILE
TXN102782,CUS10079,2026-09-25 17:13:00,7956.53,CASH_WITHDRAWAL,PH,CP-1199,BRANCH
TXN105638,CUS10155,2026-09-25 17:20:00,6350.01,CASH_WITHDRAWAL,VN,CP-3084,ONLINE
TXN105476,CUS10151,2026-09-25 17:20:00,7196.7,SEPA_OUT,NL,CP-4733,API
TXN103896,CUS10111,2026-09-25 17:24:00,63517.65,CASH_DEPOSIT,SE,CP-3726,MOBILE
TXN100032,CUS10000,2026-09-25 17:28:00,82438.36,SEPA_IN,AT,CP-7256,MOBILE
TXN103545,CUS10101,2026-09-25 18:05:00,107056.24,WIRE_IN,AE,CP-6177,MOBILE
TXN100498,CUS10014,2026-09-25 18:27:00,41361.65,SEPA_IN,NL,CP-1711,MOBILE
TXN105530,CUS10152,2026-09-25 18:38:00,234275.29,CASH_DEPOSIT,HR,CP-5237,API
TXN101519,CUS10045,2026-09-25 18:54:00,367279.33,CASH_WITHDRAWAL,CH,CP-6093,ONLINE
TXN104373,CUS10124,2026-09-26 08:07:00,9286.24,CASH_WITHDRAWAL,SG,CP-7123,ONLINE
TXN106011,CUS10166,2026-09-26 08:14:00,119113.62,CASH_WITHDRAWAL,FR,CP-2604,MOBILE
TXN105943,CUS10163,2026-09-26 08:36:00,6055.74,WIRE_IN,DE,CP-6011,ONLINE
TXN106316,CUS10174,2026-09-26 09:05:00,535182.47,SEPA_IN,FI,CP-7265,MOBILE
TXN106480,CUS10179,2026-09-26 09:08:00,3627.5,WIRE_IN,SG,CP-4921,API
TXN104166,CUS10118,2026-09-26 09:24:00,16422.52,SEPA_IN,ES,CP-5272,BRANCH
TXN101772,CUS10051,2026-09-26 09:24:00,12659.84,SEPA_OUT,AE,CP-7852,MOBILE
TXN100811,CUS10024,2026-09-26 09:39:00,1465.48,WIRE_IN,VN,CP-9433,API
TXN104976,CUS10139,2026-09-26 09:40:00,12552.15,CASH_DEPOSIT,ES,CP-4449,API
TXN100115,CUS10003,2026-09-26 10:00:00,5303.43,WIRE_OUT,BG,CP-7666,MOBILE
TXN102760,CUS10079,2026-09-26 10:04:00,34473.05,SEPA_IN,JP,CP-4495,API
TXN104282,CUS10121,2026-09-26 10:27:00,10534.14,WIRE_IN,AE,CP-2930,MOBILE
TXN101499,CUS10045,2026-09-26 10:29:00,133870.14,CASH_DEPOSIT,CH,CP-5747,BRANCH
TXN101951,CUS10058,2026-09-26 10:37:00,22869.42,WIRE_IN,GB,CP-9153,BRANCH
TXN104094,CUS10115,2026-09-26 10:37:00,11188.85,CASH_DEPOSIT,US,CP-8400,BRANCH
TXN100368,CUS10011,2026-09-26 10:46:00,22526.56,SEPA_OUT,IE,CP-5843,API
TXN102136,CUS10062,2026-09-26 10:53:00,90408.08,SEPA_OUT,IT,CP-8966,BRANCH
TXN100102,CUS10003,2026-09-26 11:02:00,3167.51,CASH_WITHDRAWAL,IT,CP-2800,BRANCH
TXN101297,CUS10037,2026-09-26 11:03:00,33032.17,SEPA_IN,IE,CP-8039,ONLINE
TXN102539,CUS10073,2026-09-26 11:12:00,87077.27,CASH_WITHDRAWAL,SG,CP-4559,BRANCH
TXN103203,CUS10091,2026-09-26 11:15:00,231815.38,WIRE_IN,CH,CP-5002,MOBILE
TXN100526,CUS10015,2026-09-26 11:31:00,11332.42,WIRE_OUT,PL,CP-4965,API
TXN105657,CUS10155,2026-09-26 11:37:00,8042.78,CASH_DEPOSIT,CA,CP-3089,API
TXN104730,CUS10134,2026-09-26 11:37:00,3219.07,WIRE_IN,FR,CP-3581,MOBILE
TXN101178,CUS10033,2026-09-26 11:38:00,9446.85,SEPA_IN,DK,CP-4007,MOBILE
TXN100134,CUS10003,2026-09-26 11:45:00,1996.86,WIRE_IN,IT,CP-9361,MOBILE
TXN103906,CUS10111,2026-09-26 11:53:00,60153.52,CASH_DEPOSIT,SE,CP-2688,API
TXN105620,CUS10154,2026-09-26 12:02:00,3224.6,SEPA_OUT,MM,CP-3288,API
TXN101579,CUS10047,2026-09-26 12:05:00,1089.55,CASH_DEPOSIT,PH,CP-5846,API
TXN102663,CUS10076,2026-09-26 12:50:00,1951.19,CASH_DEPOSIT,ZA,CP-8125,MOBILE
TXN100575,CUS10016,2026-09-26 12:59:00,1420.99,CASH_WITHDRAWAL,NL,CP-1691,ONLINE
TXN104917,CUS10138,2026-09-26 13:02:00,15425.89,WIRE_IN,ZA,CP-4096,MOBILE
TXN100856,CUS10025,2026-09-26 13:06:00,1070.46,SEPA_IN,IE,CP-3354,ONLINE
TXN101945,CUS10058,2026-09-26 13:06:00,6200.16,CASH_DEPOSIT,GB,CP-1206,ONLINE
TXN105479,CUS10151,2026-09-26 13:22:00,20074.5,SEPA_IN,NL,CP-6514,BRANCH
TXN103068,CUS10086,2026-09-26 13:23:00,2494.73,CASH_DEPOSIT,CA,CP-8161,API
TXN100448,CUS10013,2026-09-26 13:24:00,2762.19,WIRE_IN,MC,CP-7322,API
TXN104886,CUS10137,2026-09-26 13:33:00,11236.15,WIRE_IN,NG,CP-9117,ONLINE
TXN101062,CUS10030,2026-09-26 13:40:00,10445.06,CASH_WITHDRAWAL,BE,CP-8417,API
TXN105327,CUS10147,2026-09-26 13:46:00,24798.82,CASH_DEPOSIT,VN,CP-2375,MOBILE
TXN102347,CUS10069,2026-09-26 14:06:00,4178.88,WIRE_OUT,IT,CP-4469,ONLINE
TXN100190,CUS10005,2026-09-26 14:10:00,1457.55,SEPA_IN,FI,CP-5397,MOBILE
TXN104403,CUS10125,2026-09-26 14:33:00,5506.85,SEPA_OUT,VN,CP-1186,MOBILE
TXN100376,CUS10011,2026-09-26 14:33:00,41863.35,WIRE_IN,IE,CP-3470,BRANCH
TXN103381,CUS10096,2026-09-26 14:53:00,216001.96,SEPA_OUT,SE,CP-3126,MOBILE
TXN106097,CUS10168,2026-09-26 14:54:00,8937.38,SEPA_IN,NL,CP-3419,MOBILE
TXN101738,CUS10050,2026-09-26 15:00:00,178233.54,CASH_WITHDRAWAL,NG,CP-7581,MOBILE
TXN103422,CUS10098,2026-09-26 15:01:00,2928.95,WIRE_OUT,PA,CP-4060,ONLINE
TXN102415,CUS10071,2026-09-26 15:04:00,5177.45,CASH_WITHDRAWAL,US,CP-4487,ONLINE
TXN103199,CUS10091,2026-09-26 15:12:00,118237.96,CASH_DEPOSIT,VN,CP-9715,MOBILE
TXN100875,CUS10026,2026-09-26 15:14:00,35019.67,SEPA_IN,FR,CP-8011,BRANCH
TXN104682,CUS10133,2026-09-26 15:17:00,6758.47,WIRE_IN,SG,CP-2914,BRANCH
TXN103705,CUS10107,2026-09-26 15:18:00,106584.57,WIRE_OUT,GB,CP-3438,API
TXN102656,CUS10076,2026-09-26 15:23:00,1739.45,SEPA_OUT,JP,CP-1728,API
TXN105155,CUS10143,2026-09-26 15:39:00,41306.0,SEPA_OUT,FR,CP-8649,ONLINE
TXN100521,CUS10015,2026-09-26 15:57:00,64353.39,WIRE_IN,PL,CP-8896,ONLINE
TXN100198,CUS10005,2026-09-26 16:01:00,2182.64,CASH_WITHDRAWAL,AU,CP-4434,MOBILE
TXN103762,CUS10108,2026-09-26 16:14:00,10871.48,WIRE_OUT,IE,CP-2817,ONLINE
TXN102334,CUS10069,2026-09-26 16:28:00,16989.07,WIRE_OUT,IT,CP-4514,BRANCH
TXN101587,CUS10047,2026-09-26 16:55:00,1553.25,SEPA_IN,PH,CP-1687,BRANCH
TXN101013,CUS10029,2026-09-26 16:55:00,1200.36,CASH_WITHDRAWAL,NL,CP-6139,API
TXN101075,CUS10031,2026-09-26 16:56:00,28069.85,SEPA_OUT,FI,CP-1849,API
TXN101334,CUS10039,2026-09-26 17:12:00,2346.45,WIRE_IN,MC,CP-7986,BRANCH
TXN101779,CUS10052,2026-09-26 17:28:00,11972.56,WIRE_OUT,NG,CP-8559,ONLINE
TXN102002,CUS10059,2026-09-26 17:49:00,44208.31,SEPA_OUT,ES,CP-4240,BRANCH
TXN100131,CUS10003,2026-09-26 17:55:00,4401.59,SEPA_OUT,DK,CP-9653,API
TXN103270,CUS10093,2026-09-26 18:22:00,7012.75,CASH_DEPOSIT,SE,CP-2939,BRANCH
TXN102166,CUS10063,2026-09-26 18:23:00,2178.05,CASH_DEPOSIT,VN,CP-6261,BRANCH
TXN105087,CUS10141,2026-09-26 18:29:00,62409.55,CASH_DEPOSIT,SE,CP-9912,BRANCH
TXN104139,CUS10117,2026-09-26 18:39:00,83615.8,WIRE_OUT,JP,CP-7316,ONLINE
TXN102829,CUS10080,2026-09-26 18:47:00,62155.73,SEPA_IN,FI,CP-7195,ONLINE
TXN104929,CUS10138,2026-09-26 18:54:00,18577.43,WIRE_IN,ZA,CP-8290,ONLINE
TXN100140,CUS10004,2026-09-26 18:55:00,49982.32,CASH_WITHDRAWAL,KE,CP-6697,ONLINE
TXN101705,CUS10050,2026-09-26 18:57:00,68706.41,CASH_WITHDRAWAL,VN,CP-3174,API
TXN101833,CUS10053,2026-09-27 08:08:00,104851.8,CASH_WITHDRAWAL,LU,CP-6143,API
TXN101754,CUS10051,2026-09-27 08:23:00,31359.47,WIRE_OUT,AE,CP-8158,API
TXN100931,CUS10027,2026-09-27 08:48:00,93829.56,CASH_WITHDRAWAL,IE,CP-4010,MOBILE
TXN104839,CUS10136,2026-09-27 09:15:00,24698.89,CASH_DEPOSIT,PL,CP-9172,ONLINE
TXN102654,CUS10076,2026-09-27 09:20:00,2461.69,SEPA_IN,JP,CP-6137,ONLINE
TXN106107,CUS10168,2026-09-27 09:20:00,4185.63,CASH_WITHDRAWAL,NL,CP-6749,ONLINE
TXN106045,CUS10167,2026-09-27 09:30:00,14930.46,SEPA_IN,ES,CP-1161,ONLINE
TXN104779,CUS10135,2026-09-27 09:34:00,328.16,CASH_WITHDRAWAL,SG,CP-7951,API
TXN100128,CUS10003,2026-09-27 09:40:00,4512.44,SEPA_IN,GB,CP-4618,BRANCH
TXN101258,CUS10036,2026-09-27 09:42:00,23705.14,WIRE_IN,AT,CP-4081,BRANCH
TXN101085,CUS10031,2026-09-27 09:50:00,58776.07,SEPA_OUT,FI,CP-1897,API
TXN101967,CUS10058,2026-09-27 09:59:00,7383.48,WIRE_OUT,GB,CP-6419,BRANCH
TXN104627,CUS10132,2026-09-27 10:01:00,46361.69,SEPA_IN,FR,CP-7392,BRANCH
TXN106127,CUS10169,2026-09-27 10:07:00,6906.39,SEPA_IN,SE,CP-7830,ONLINE
TXN104464,CUS10127,2026-09-27 10:08:00,13099.07,CASH_DEPOSIT,AT,CP-3519,ONLINE
TXN105642,CUS10155,2026-09-27 10:09:00,864.02,SEPA_OUT,CA,CP-6514,MOBILE
TXN102102,CUS10061,2026-09-27 10:13:00,10389.79,CASH_WITHDRAWAL,PL,CP-7183,ONLINE
TXN101755,CUS10051,2026-09-27 10:17:00,62519.66,WIRE_IN,AE,CP-7531,BRANCH
TXN106438,CUS10178,2026-09-27 10:19:00,31212.67,WIRE_IN,TR,CP-3000,API
TXN103736,CUS10108,2026-09-27 10:24:00,14443.95,SEPA_IN,JP,CP-6447,ONLINE
TXN106289,CUS10173,2026-09-27 10:25:00,32383.07,SEPA_OUT,CH,CP-9467,BRANCH
TXN101064,CUS10030,2026-09-27 10:41:00,3117.91,SEPA_OUT,PL,CP-1070,ONLINE
TXN100862,CUS10025,2026-09-27 10:44:00,7184.84,WIRE_OUT,IE,CP-4438,BRANCH
TXN104210,CUS10119,2026-09-27 11:00:00,67882.35,CASH_DEPOSIT,FI,CP-4046,MOBILE
TXN104699,CUS10133,2026-09-27 11:03:00,1431.42,CASH_WITHDRAWAL,PA,CP-2603,MOBILE
TXN105853,CUS10161,2026-09-27 11:12:00,19045.5,WIRE_IN,LU,CP-4371,API
TXN102364,CUS10070,2026-09-27 11:30:00,12593.03,SEPA_OUT,NL,CP-9831,API
TXN106303,CUS10173,2026-09-27 11:36:00,102703.94,CASH_DEPOSIT,CH,CP-7094,BRANCH
TXN103339,CUS10096,2026-09-27 11:39:00,350702.15,WIRE_OUT,HR,CP-4157,BRANCH
TXN101663,CUS10049,2026-09-27 11:48:00,2562.18,SEPA_OUT,AT,CP-9938,MOBILE
TXN102882,CUS10081,2026-09-27 11:50:00,2564.14,WIRE_OUT,AT,CP-4713,MOBILE
TXN105982,CUS10165,2026-09-27 11:54:00,204956.5,CASH_DEPOSIT,IE,CP-3469,BRANCH
TXN105088,CUS10141,2026-09-27 12:02:00,44581.38,WIRE_IN,NL,CP-7997,BRANCH
TXN104535,CUS10129,2026-09-27 12:06:00,1250.94,CASH_DEPOSIT,AU,CP-7762,API
TXN105972,CUS10165,2026-09-27 12:20:00,72124.06,SEPA_IN,IE,CP-3911,API
TXN103823,CUS10109,2026-09-27 12:22:00,9643.31,CASH_DEPOSIT,DK,CP-9900,MOBILE
TXN101159,CUS10033,2026-09-27 12:28:00,16065.74,WIRE_IN,PA,CP-1797,MOBILE
TXN103941,CUS10112,2026-09-27 12:30:00,111483.79,SEPA_OUT,LU,CP-1820,ONLINE
TXN104343,CUS10123,2026-09-27 12:33:00,9461.24,CASH_WITHDRAWAL,ES,CP-1180,ONLINE
TXN101686,CUS10049,2026-09-27 12:43:00,2873.19,SEPA_OUT,AT,CP-6704,BRANCH
TXN102747,CUS10078,2026-09-27 12:45:00,1659.15,WIRE_IN,IT,CP-3232,MOBILE
TXN104918,CUS10138,2026-09-27 12:54:00,61402.19,WIRE_IN,PH,CP-4941,API
TXN101109,CUS10032,2026-09-27 13:20:00,19265.99,CASH_WITHDRAWAL,AT,CP-5006,ONLINE
TXN106239,CUS10172,2026-09-27 13:23:00,2779.64,CASH_DEPOSIT,TR,CP-6294,MOBILE
TXN100237,CUS10006,2026-09-27 13:29:00,2418.46,CASH_DEPOSIT,US,CP-1040,ONLINE
TXN103122,CUS10088,2026-09-27 13:32:00,30861.84,SEPA_OUT,CH,CP-5019,BRANCH
TXN103612,CUS10104,2026-09-27 13:46:00,36104.84,CASH_DEPOSIT,SG,CP-9760,BRANCH
TXN106112,CUS10168,2026-09-27 14:36:00,12240.29,SEPA_IN,NL,CP-4664,BRANCH
TXN101329,CUS10039,2026-09-27 14:41:00,3366.63,CASH_WITHDRAWAL,MC,CP-4377,MOBILE
TXN105400,CUS10148,2026-09-27 14:57:00,8055.4,WIRE_OUT,JP,CP-2982,API
TXN106255,CUS10172,2026-09-27 14:58:00,356.91,WIRE_IN,DK,CP-2216,API
TXN103398,CUS10097,2026-09-27 15:11:00,25643.14,SEPA_OUT,DK,CP-5361,ONLINE
TXN100066,CUS10002,2026-09-27 15:12:00,7866.83,WIRE_IN,FI,CP-8406,BRANCH
TXN100395,CUS10011,2026-09-27 15:21:00,14313.65,WIRE_IN,IE,CP-2458,ONLINE
TXN100520,CUS10015,2026-09-27 15:24:00,10959.18,WIRE_OUT,PL,CP-6565,MOBILE
TXN105914,CUS10162,2026-09-27 15:44:00,69055.41,SEPA_OUT,PL,CP-2607,API
TXN104027,CUS10114,2026-09-27 15:44:00,16923.69,SEPA_OUT,IT,CP-3223,MOBILE
TXN103555,CUS10101,2026-09-27 15:54:00,81208.84,CASH_WITHDRAWAL,AE,CP-2453,API
TXN104440,CUS10127,2026-09-27 16:13:00,7035.76,CASH_WITHDRAWAL,AT,CP-1171,MOBILE
TXN104813,CUS10136,2026-09-27 16:18:00,21901.23,WIRE_IN,PL,CP-6379,BRANCH
TXN101001,CUS10029,2026-09-27 16:38:00,4365.25,CASH_WITHDRAWAL,NL,CP-1826,MOBILE
TXN106310,CUS10174,2026-09-27 16:41:00,71863.65,CASH_DEPOSIT,FI,CP-9980,ONLINE
TXN102703,CUS10077,2026-09-27 17:03:00,4725.33,SEPA_IN,SY,CP-8884,BRANCH
TXN102783,CUS10079,2026-09-27 17:07:00,9051.39,SEPA_IN,JP,CP-3065,ONLINE
TXN104357,CUS10123,2026-09-27 17:13:00,3215.11,CASH_WITHDRAWAL,VN,CP-8026,API
TXN101401,CUS10042,2026-09-27 17:24:00,6400.9,CASH_DEPOSIT,FI,CP-4253,ONLINE
TXN104129,CUS10116,2026-09-27 17:33:00,31350.5,CASH_WITHDRAWAL,KE,CP-4760,ONLINE
TXN102673,CUS10076,2026-09-27 18:30:00,2707.55,WIRE_OUT,JP,CP-6177,ONLINE
TXN106477,CUS10179,2026-09-27 18:35:00,1005.6,CASH_DEPOSIT,SG,CP-4665,MOBILE
TXN105407,CUS10149,2026-09-27 18:36:00,5228.81,SEPA_IN,CA,CP-4135,BRANCH
TXN106422,CUS10177,2026-09-27 18:49:00,118128.59,SEPA_OUT,CA,CP-2999,API
TXN101803,CUS10052,2026-09-27 18:54:00,6206.41,CASH_WITHDRAWAL,AT,CP-8472,BRANCH
TXN105980,CUS10165,2026-09-28 08:11:00,18745.41,CASH_DEPOSIT,US,CP-8017,ONLINE
TXN104386,CUS10124,2026-09-28 08:12:00,4812.61,SEPA_OUT,SG,CP-9197,MOBILE
TXN101250,CUS10036,2026-09-28 08:25:00,54293.56,CASH_DEPOSIT,HR,CP-9684,MOBILE
TXN102313,CUS10068,2026-09-28 08:26:00,62047.23,WIRE_OUT,AU,CP-8324,BRANCH
TXN105213,CUS10145,2026-09-28 08:48:00,5734.9,SEPA_OUT,ZA,CP-9473,BRANCH
TXN100403,CUS10012,2026-09-28 08:54:00,8652.5,SEPA_OUT,TR,CP-8908,MOBILE
TXN105419,CUS10149,2026-09-28 08:56:00,811.14,WIRE_IN,ZA,CP-1305,MOBILE
TXN100551,CUS10016,2026-09-28 09:13:00,7357.51,WIRE_IN,NL,CP-2565,ONLINE
TXN101355,CUS10040,2026-09-28 09:15:00,1048.57,WIRE_OUT,VN,CP-1281,API
TXN100922,CUS10027,2026-09-28 09:20:00,23171.66,SEPA_OUT,IE,CP-5036,API
TXN100457,CUS10014,2026-09-28 09:22:00,36403.13,SEPA_IN,NL,CP-5937,ONLINE
TXN102084,CUS10061,2026-09-28 09:37:00,13411.66,WIRE_OUT,DK,CP-7507,BRANCH
TXN103275,CUS10093,2026-09-28 09:39:00,24646.08,WIRE_OUT,SE,CP-3243,API
TXN101715,CUS10050,2026-09-28 09:40:00,77511.17,WIRE_IN,NG,CP-3600,MOBILE
TXN101857,CUS10054,2026-09-28 09:41:00,3411.25,SEPA_OUT,DE,CP-8722,ONLINE
TXN104600,CUS10131,2026-09-28 09:46:00,7011.1,SEPA_OUT,US,CP-7513,BRANCH
TXN106588,CUS10145,2026-09-28 10:00:00,750000.0,WIRE_OUT,MM,CP-5621,ONLINE
TXN100175,CUS10004,2026-09-28 10:05:00,80757.27,SEPA_OUT,KE,CP-6427,ONLINE
TXN103589,CUS10103,2026-09-28 10:08:00,15173.8,CASH_DEPOSIT,KE,CP-9700,API
TXN105423,CUS10149,2026-09-28 10:14:00,1936.94,WIRE_IN,CA,CP-3773,BRANCH
TXN100753,CUS10022,2026-09-28 10:16:00,9679.69,CASH_WITHDRAWAL,BE,CP-2240,MOBILE
TXN101318,CUS10038,2026-09-28 10:18:00,5117.44,CASH_DEPOSIT,US,CP-1996,BRANCH
TXN104758,CUS10135,2026-09-28 10:41:00,2446.79,WIRE_IN,SG,CP-1879,API
TXN103325,CUS10095,2026-09-28 10:48:00,3046.84,CASH_DEPOSIT,AU,CP-2425,BRANCH
TXN103434,CUS10098,2026-09-28 10:50:00,12831.68,CASH_WITHDRAWAL,AE,CP-2234,MOBILE
TXN103349,CUS10096,2026-09-28 11:06:00,74682.98,WIRE_OUT,HR,CP-7566,BRANCH
TXN104559,CUS10129,2026-09-28 11:10:00,3519.41,WIRE_IN,AU,CP-8289,ONLINE
TXN104866,CUS10137,2026-09-28 11:32:00,24271.13,WIRE_OUT,AU,CP-1646,ONLINE
TXN106326,CUS10175,2026-09-28 11:42:00,2755.61,WIRE_IN,GB,CP-1571,API
TXN104662,CUS10133,2026-09-28 11:44:00,1325.13,CASH_WITHDRAWAL,SG,CP-1786,API
TXN102543,CUS10073,2026-09-28 11:50:00,65108.97,CASH_DEPOSIT,SG,CP-4329,API
TXN105161,CUS10143,2026-09-28 11:54:00,7924.74,SEPA_IN,FR,CP-9129,ONLINE
TXN102582,CUS10074,2026-09-28 12:02:00,19966.54,WIRE_IN,CA,CP-1276,API
TXN102410,CUS10071,2026-09-28 12:08:00,8021.6,SEPA_OUT,US,CP-1702,API
TXN103757,CUS10108,2026-09-28 12:22:00,106720.7,WIRE_OUT,ES,CP-2783,MOBILE
TXN105403,CUS10148,2026-09-28 12:27:00,22408.25,CASH_DEPOSIT,JP,CP-9413,MOBILE
TXN101789,CUS10052,2026-09-28 12:36:00,60880.6,WIRE_IN,AT,CP-3294,BRANCH
TXN105173,CUS10144,2026-09-28 12:51:00,1879.45,WIRE_OUT,SE,CP-8513,BRANCH
TXN102492,CUS10072,2026-09-28 12:56:00,28084.09,SEPA_IN,ES,CP-7392,MOBILE
TXN100284,CUS10008,2026-09-28 13:29:00,459103.34,CASH_DEPOSIT,LU,CP-2565,BRANCH
TXN100761,CUS10023,2026-09-28 13:57:00,4593.88,WIRE_IN,ES,CP-9444,MOBILE
TXN102148,CUS10062,2026-09-28 14:00:00,76726.32,CASH_DEPOSIT,IT,CP-1199,ONLINE
TXN100992,CUS10029,2026-09-28 14:01:00,1709.55,CASH_WITHDRAWAL,NL,CP-4149,MOBILE
TXN105884,CUS10162,2026-09-28 14:07:00,25529.3,WIRE_OUT,LU,CP-4392,API
TXN102022,CUS10059,2026-09-28 14:21:00,247491.32,CASH_DEPOSIT,ES,CP-7955,MOBILE
TXN103035,CUS10085,2026-09-28 14:24:00,59572.82,SEPA_OUT,PH,CP-9746,MOBILE
TXN100151,CUS10004,2026-09-28 14:26:00,54973.98,SEPA_OUT,KE,CP-4012,MOBILE
TXN105342,CUS10147,2026-09-28 14:32:00,5338.97,WIRE_IN,VN,CP-2723,API
TXN100265,CUS10007,2026-09-28 14:46:00,30711.04,WIRE_IN,AT,CP-5005,ONLINE
TXN105354,CUS10148,2026-09-28 14:57:00,13529.62,CASH_WITHDRAWAL,JP,CP-3016,BRANCH
TXN104904,CUS10137,2026-09-28 14:57:00,34888.91,SEPA_OUT,AU,CP-9831,MOBILE
TXN102601,CUS10075,2026-09-28 15:01:00,34203.34,SEPA_IN,AT,CP-7602,MOBILE
TXN101393,CUS10042,2026-09-28 15:07:00,4647.57,WIRE_IN,YE,CP-9930,BRANCH
TXN103920,CUS10112,2026-09-28 15:21:00,183847.04,WIRE_IN,LU,CP-6410,API
TXN104795,CUS10135,2026-09-28 15:21:00,1515.75,WIRE_IN,SG,CP-4420,API
TXN100899,CUS10027,2026-09-28 15:37:00,10837.43,SEPA_IN,IE,CP-7188,MOBILE
TXN100050,CUS10001,2026-09-28 15:40:00,5399.92,WIRE_OUT,KE,CP-2033,MOBILE
TXN101570,CUS10047,2026-09-28 15:41:00,3932.92,WIRE_IN,MC,CP-1348,MOBILE
TXN104923,CUS10138,2026-09-28 15:53:00,64579.96,SEPA_IN,ZA,CP-8129,BRANCH
TXN105769,CUS10158,2026-09-28 15:57:00,11370.19,WIRE_IN,AT,CP-3677,API
TXN102638,CUS10076,2026-09-28 16:14:00,1824.12,SEPA_OUT,JP,CP-3252,API
TXN100533,CUS10015,2026-09-28 16:29:00,15813.89,WIRE_IN,PL,CP-1193,BRANCH
TXN101280,CUS10036,2026-09-28 16:47:00,46364.5,CASH_WITHDRAWAL,HR,CP-9652,ONLINE
TXN101406,CUS10042,2026-09-28 16:49:00,1335.98,SEPA_OUT,YE,CP-4541,API
TXN103359,CUS10096,2026-09-28 16:50:00,38056.49,WIRE_OUT,HR,CP-1121,API
TXN106328,CUS10175,2026-09-28 16:55:00,12689.15,CASH_WITHDRAWAL,NG,CP-7834,MOBILE
TXN100427,CUS10013,2026-09-28 16:55:00,7213.52,CASH_WITHDRAWAL,JP,CP-4560,BRANCH
TXN100130,CUS10003,2026-09-28 16:58:00,1205.13,CASH_DEPOSIT,IT,CP-4578,BRANCH
TXN103324,CUS10095,2026-09-28 17:14:00,5038.31,WIRE_OUT,AU,CP-3084,MOBILE
TXN104743,CUS10134,2026-09-28 17:17:00,11612.5,SEPA_OUT,FR,CP-8669,MOBILE
TXN102124,CUS10062,2026-09-28 17:19:00,84844.6,SEPA_IN,IT,CP-4415,API
TXN100317,CUS10009,2026-09-28 17:25:00,16254.03,CASH_DEPOSIT,PH,CP-1530,BRANCH
TXN100567,CUS10016,2026-09-28 17:31:00,3720.26,WIRE_IN,NL,CP-3492,ONLINE
TXN105812,CUS10159,2026-09-28 17:32:00,99287.51,WIRE_OUT,FI,CP-1470,API
TXN102512,CUS10073,2026-09-28 17:33:00,129276.78,WIRE_IN,SG,CP-3156,MOBILE
TXN102912,CUS10083,2026-09-28 17:33:00,23218.2,SEPA_OUT,NL,CP-9924,MOBILE
TXN102472,CUS10072,2026-09-28 17:34:00,22218.22,SEPA_OUT,ES,CP-7599,ONLINE
TXN102653,CUS10076,2026-09-28 17:35:00,9502.75,CASH_DEPOSIT,JP,CP-7244,API
TXN101412,CUS10042,2026-09-28 17:59:00,6000.4,WIRE_IN,NL,CP-2700,ONLINE
TXN100350,CUS10010,2026-09-28 18:06:00,10686.59,WIRE_OUT,AT,CP-5923,MOBILE
TXN101304,CUS10037,2026-09-28 18:14:00,64001.68,SEPA_OUT,IE,CP-8851,ONLINE
TXN105711,CUS10157,2026-09-28 18:15:00,1818.84,WIRE_OUT,FI,CP-9920,ONLINE
TXN100704,CUS10021,2026-09-28 18:21:00,599.69,SEPA_IN,HR,CP-8426,MOBILE
TXN102695,CUS10077,2026-09-28 18:47:00,6547.36,WIRE_IN,SY,CP-7493,MOBILE
TXN104646,CUS10133,2026-09-29 08:01:00,683.71,WIRE_IN,HR,CP-1530,ONLINE
TXN106062,CUS10168,2026-09-29 08:05:00,6221.67,CASH_DEPOSIT,NL,CP-9009,API
TXN105133,CUS10143,2026-09-29 08:19:00,59893.61,CASH_WITHDRAWAL,FR,CP-4694,MOBILE
TXN102592,CUS10075,2026-09-29 08:29:00,20131.7,CASH_DEPOSIT,AT,CP-1695,MOBILE
TXN105436,CUS10149,2026-09-29 08:47:00,1990.4,WIRE_IN,CA,CP-6751,API
TXN100595,CUS10017,2026-09-29 08:52:00,55414.18,CASH_DEPOSIT,KE,CP-1666,ONLINE
TXN105438,CUS10149,2026-09-29 09:01:00,2738.55,SEPA_OUT,CA,CP-6056,API
TXN104921,CUS10138,2026-09-29 09:19:00,26595.68,SEPA_IN,PL,CP-5179,API
TXN102394,CUS10070,2026-09-29 09:25:00,19488.1,WIRE_OUT,DK,CP-2674,ONLINE
TXN100214,CUS10006,2026-09-29 09:36:00,1618.91,CASH_DEPOSIT,CA,CP-4063,API
TXN100516,CUS10015,2026-09-29 09:58:00,62204.99,SEPA_IN,PL,CP-6703,API
TXN101933,CUS10057,2026-09-29 10:04:00,7656.12,WIRE_IN,LU,CP-5523,API
TXN104943,CUS10138,2026-09-29 10:15:00,11634.99,CASH_WITHDRAWAL,ZA,CP-8911,API
TXN102008,CUS10059,2026-09-29 10:18:00,141209.58,CASH_DEPOSIT,ES,CP-3618,BRANCH
TXN105294,CUS10146,2026-09-29 10:22:00,6002.43,SEPA_OUT,GB,CP-2567,ONLINE
TXN102877,CUS10081,2026-09-29 10:33:00,2442.18,CASH_WITHDRAWAL,IT,CP-1438,BRANCH
TXN105040,CUS10140,2026-09-29 10:48:00,12422.88,CASH_DEPOSIT,MC,CP-6990,ONLINE
TXN106417,CUS10177,2026-09-29 10:51:00,135694.33,SEPA_OUT,DK,CP-8846,ONLINE
TXN105288,CUS10146,2026-09-29 11:11:00,1283.83,CASH_DEPOSIT,AE,CP-1780,API
TXN101824,CUS10053,2026-09-29 11:13:00,95370.79,SEPA_IN,CH,CP-5829,API
TXN106139,CUS10169,2026-09-29 11:21:00,4475.47,CASH_WITHDRAWAL,DK,CP-8079,ONLINE
TXN105836,CUS10160,2026-09-29 11:21:00,1815.8,SEPA_IN,KP,CP-7835,ONLINE
TXN105254,CUS10146,2026-09-29 11:36:00,1083.1,SEPA_OUT,GB,CP-1697,BRANCH
TXN105443,CUS10149,2026-09-29 11:56:00,1351.43,WIRE_OUT,AE,CP-4546,ONLINE
TXN102255,CUS10066,2026-09-29 11:57:00,55734.92,WIRE_IN,AT,CP-6967,BRANCH
TXN103642,CUS10104,2026-09-29 12:04:00,18873.05,SEPA_OUT,SG,CP-7893,MOBILE
TXN103984,CUS10113,2026-09-29 12:07:00,5060.28,SEPA_OUT,NL,CP-6401,MOBILE
TXN102706,CUS10077,2026-09-29 12:11:00,2339.36,WIRE_OUT,SY,CP-4709,MOBILE
TXN102932,CUS10083,2026-09-29 12:17:00,20456.67,SEPA_IN,NL,CP-4709,API
TXN103678,CUS10106,2026-09-29 12:24:00,108101.16,WIRE_IN,IT,CP-6658,API
TXN105225,CUS10145,2026-09-29 12:32:00,1765.54,CASH_DEPOSIT,CA,CP-2886,API
TXN105535,CUS10152,2026-09-29 12:43:00,616198.42,CASH_WITHDRAWAL,HR,CP-3354,MOBILE
TXN105383,CUS10148,2026-09-29 12:50:00,80171.98,CASH_WITHDRAWAL,JP,CP-3779,BRANCH
TXN102023,CUS10059,2026-09-29 13:08:00,29247.45,SEPA_IN,VN,CP-4160,MOBILE
TXN104478,CUS10127,2026-09-29 13:20:00,6827.5,WIRE_IN,AT,CP-5655,BRANCH
TXN103307,CUS10094,2026-09-29 13:22:00,11129.42,SEPA_OUT,IE,CP-2261,ONLINE
TXN101626,CUS10048,2026-09-29 13:57:00,14566.1,WIRE_IN,SG,CP-9540,API
TXN103248,CUS10092,2026-09-29 14:03:00,25021.9,CASH_WITHDRAWAL,KP,CP-9648,MOBILE
TXN105922,CUS10163,2026-09-29 14:06:00,34877.9,SEPA_IN,PA,CP-5405,ONLINE
TXN103579,CUS10103,2026-09-29 14:12:00,8877.91,SEPA_IN,AE,CP-7611,API
TXN104653,CUS10133,2026-09-29 14:14:00,3430.46,SEPA_OUT,SG,CP-7316,MOBILE
TXN105451,CUS10150,2026-09-29 14:19:00,22765.89,SEPA_IN,PL,CP-2518,ONLINE
TXN103640,CUS10104,2026-09-29 14:20:00,27998.64,CASH_WITHDRAWAL,ZA,CP-9882,MOBILE
TXN100945,CUS10028,2026-09-29 14:47:00,8850.61,WIRE_IN,MC,CP-2561,ONLINE
TXN101916,CUS10056,2026-09-29 15:22:00,11093.14,SEPA_OUT,BG,CP-6922,BRANCH
TXN104173,CUS10118,2026-09-29 15:27:00,9617.24,SEPA_OUT,ES,CP-5929,ONLINE
TXN103469,CUS10099,2026-09-29 15:28:00,1749.0,SEPA_IN,BE,CP-8107,ONLINE
TXN105186,CUS10144,2026-09-29 15:33:00,3101.74,SEPA_IN,PH,CP-1375,API
TXN103294,CUS10094,2026-09-29 15:42:00,3172.9,WIRE_IN,IE,CP-3654,BRANCH
TXN101004,CUS10029,2026-09-29 15:48:00,3642.05,CASH_WITHDRAWAL,NL,CP-2626,BRANCH
TXN105599,CUS10153,2026-09-29 15:51:00,30076.66,WIRE_IN,BE,CP-6325,API
TXN101313,CUS10038,2026-09-29 15:59:00,13020.33,CASH_DEPOSIT,US,CP-6618,API
TXN106593,CUS10022,2026-09-29 16:00:00,1000000.0,WIRE_OUT,AF,CP-7717,ONLINE
TXN105631,CUS10154,2026-09-29 16:27:00,8322.61,WIRE_IN,MM,CP-8601,BRANCH
TXN104668,CUS10133,2026-09-29 16:35:00,1050.26,SEPA_OUT,SG,CP-1661,BRANCH
TXN100718,CUS10022,2026-09-29 16:52:00,3114.99,SEPA_IN,NL,CP-1510,BRANCH
TXN101030,CUS10029,2026-09-29 16:55:00,1695.65,CASH_WITHDRAWAL,NL,CP-4483,MOBILE
TXN103211,CUS10091,2026-09-29 16:58:00,32473.23,CASH_DEPOSIT,CH,CP-3493,BRANCH
TXN101124,CUS10032,2026-09-29 17:08:00,15392.21,CASH_WITHDRAWAL,PH,CP-9898,API
TXN105865,CUS10161,2026-09-29 17:17:00,25786.33,SEPA_OUT,LU,CP-5803,API
TXN103850,CUS10110,2026-09-29 17:41:00,54768.69,WIRE_IN,AU,CP-7173,BRANCH
TXN101196,CUS10034,2026-09-29 17:57:00,2050.86,WIRE_OUT,SE,CP-7929,BRANCH
TXN100809,CUS10024,2026-09-29 18:00:00,1018.45,SEPA_OUT,LU,CP-6454,ONLINE
TXN104476,CUS10127,2026-09-29 18:03:00,14405.62,SEPA_OUT,AT,CP-7661,ONLINE
TXN104879,CUS10137,2026-09-29 18:29:00,45187.26,WIRE_IN,AU,CP-7182,BRANCH
TXN101221,CUS10035,2026-09-30 08:10:00,53386.51,SEPA_OUT,US,CP-5593,BRANCH
TXN102107,CUS10061,2026-09-30 08:18:00,34718.33,CASH_DEPOSIT,PL,CP-7017,MOBILE
TXN101907,CUS10056,2026-09-30 08:22:00,8458.23,SEPA_OUT,BG,CP-8548,ONLINE
TXN102861,CUS10081,2026-09-30 08:28:00,6136.27,WIRE_OUT,AT,CP-8502,BRANCH
TXN100990,CUS10029,2026-09-30 08:33:00,2461.26,CASH_DEPOSIT,NL,CP-6174,ONLINE
TXN105411,CUS10149,2026-09-30 08:46:00,1370.41,CASH_WITHDRAWAL,CA,CP-5125,MOBILE
TXN102030,CUS10059,2026-09-30 09:00:00,158943.17,CASH_WITHDRAWAL,ES,CP-4818,BRANCH
TXN100707,CUS10021,2026-09-30 09:20:00,8480.8,WIRE_IN,LU,CP-5949,MOBILE
TXN105919,CUS10162,2026-09-30 09:20:00,34591.67,CASH_DEPOSIT,PL,CP-8648,MOBILE
TXN103386,CUS10096,2026-09-30 09:27:00,43374.64,WIRE_OUT,HR,CP-2624,MOBILE
TXN104925,CUS10138,2026-09-30 09:41:00,13951.22,SEPA_IN,ES,CP-6014,MOBILE
TXN105283,CUS10146,2026-09-30 09:55:00,3365.68,WIRE_IN,GB,CP-5088,API
TXN100122,CUS10003,2026-09-30 10:00:00,12798.8,SEPA_IN,IT,CP-4164,BRANCH
TXN101533,CUS10045,2026-09-30 10:17:00,74051.93,SEPA_IN,AE,CP-7454,ONLINE
TXN100044,CUS10001,2026-09-30 10:18:00,1276.73,CASH_DEPOSIT,KE,CP-6780,BRANCH
TXN104984,CUS10139,2026-09-30 10:40:00,6546.89,CASH_WITHDRAWAL,ES,CP-8023,API
TXN100378,CUS10011,2026-09-30 10:49:00,120108.63,SEPA_IN,IE,CP-3897,API
TXN106071,CUS10168,2026-09-30 10:51:00,2492.83,CASH_WITHDRAWAL,NL,CP-9238,MOBILE
TXN106215,CUS10171,2026-09-30 10:56:00,11207.66,CASH_DEPOSIT,SG,CP-8298,MOBILE
TXN104590,CUS10130,2026-09-30 10:59:00,5100.78,CASH_WITHDRAWAL,NG,CP-6717,MOBILE
TXN101070,CUS10031,2026-09-30 11:14:00,40131.64,SEPA_IN,MC,CP-1602,API
TXN101646,CUS10049,2026-09-30 11:18:00,3587.3,SEPA_IN,BG,CP-6431,MOBILE
TXN100573,CUS10016,2026-09-30 11:24:00,6993.51,WIRE_OUT,AU,CP-1549,BRANCH
TXN102381,CUS10070,2026-09-30 11:33:00,9687.47,SEPA_OUT,DK,CP-5387,BRANCH
TXN103376,CUS10096,2026-09-30 11:39:00,66619.7,CASH_WITHDRAWAL,HR,CP-2382,BRANCH
TXN100370,CUS10011,2026-09-30 11:43:00,21245.87,SEPA_OUT,IE,CP-6873,API
TXN105227,CUS10145,2026-09-30 12:02:00,5811.19,SEPA_IN,CA,CP-1438,MOBILE
TXN100283,CUS10008,2026-09-30 12:05:00,30956.91,WIRE_OUT,ES,CP-9515,MOBILE
TXN101504,CUS10045,2026-09-30 12:09:00,72726.14,SEPA_OUT,ES,CP-2322,API
TXN103502,CUS10099,2026-09-30 12:20:00,2160.08,CASH_DEPOSIT,NL,CP-5526,ONLINE
TXN101566,CUS10047,2026-09-30 12:23:00,2198.03,CASH_WITHDRAWAL,GB,CP-5001,API
TXN100716,CUS10022,2026-09-30 13:05:00,4565.37,CASH_DEPOSIT,BE,CP-9362,MOBILE
TXN103813,CUS10109,2026-09-30 13:15:00,9010.58,CASH_DEPOSIT,CH,CP-6454,BRANCH
TXN101920,CUS10057,2026-09-30 13:34:00,1710.56,WIRE_OUT,LU,CP-7311,ONLINE
TXN105810,CUS10159,2026-09-30 13:37:00,201426.12,CASH_DEPOSIT,FI,CP-6276,API
TXN104935,CUS10138,2026-09-30 13:55:00,32177.48,SEPA_OUT,ZA,CP-3042,BRANCH
TXN101871,CUS10054,2026-09-30 14:18:00,3508.47,WIRE_OUT,NL,CP-4706,API
TXN100067,CUS10002,2026-09-30 15:05:00,18598.67,SEPA_IN,MC,CP-6692,ONLINE
TXN102538,CUS10073,2026-09-30 15:07:00,30761.83,WIRE_OUT,SG,CP-2037,MOBILE
TXN104513,CUS10128,2026-09-30 15:10:00,19711.94,CASH_WITHDRAWAL,VN,CP-2839,API
TXN104488,CUS10128,2026-09-30 15:10:00,84319.98,WIRE_OUT,BE,CP-6682,ONLINE
TXN104878,CUS10137,2026-09-30 15:29:00,12078.78,CASH_WITHDRAWAL,AU,CP-3514,API
TXN101115,CUS10032,2026-09-30 15:30:00,5579.42,SEPA_OUT,AT,CP-1599,BRANCH
TXN102139,CUS10062,2026-09-30 15:51:00,25760.14,WIRE_IN,IT,CP-2663,BRANCH
TXN106190,CUS10170,2026-09-30 16:21:00,99097.22,WIRE_OUT,FI,CP-4762,API
TXN100939,CUS10028,2026-09-30 16:27:00,13267.15,SEPA_OUT,BG,CP-9096,ONLINE
TXN103537,CUS10101,2026-09-30 16:38:00,43507.21,CASH_WITHDRAWAL,AE,CP-6740,BRANCH
TXN102349,CUS10069,2026-09-30 16:45:00,6090.03,CASH_WITHDRAWAL,IT,CP-9697,API
TXN101168,CUS10033,2026-09-30 16:50:00,33527.22,CASH_DEPOSIT,ZA,CP-3809,API
TXN105464,CUS10150,2026-09-30 16:57:00,4317.58,SEPA_OUT,AU,CP-7938,MOBILE
TXN104273,CUS10121,2026-09-30 16:57:00,1756.51,WIRE_IN,AE,CP-9633,BRANCH
TXN103200,CUS10091,2026-09-30 17:02:00,96639.64,CASH_DEPOSIT,CH,CP-6518,API
TXN102858,CUS10081,2026-09-30 17:07:00,10706.99,SEPA_OUT,AT,CP-3007,API
TXN104266,CUS10120,2026-09-30 17:18:00,52584.38,CASH_DEPOSIT,PL,CP-2999,API
TXN102774,CUS10079,2026-09-30 17:23:00,14064.18,SEPA_IN,US,CP-2362,BRANCH
TXN102951,CUS10083,2026-09-30 17:26:00,77604.65,CASH_WITHDRAWAL,NL,CP-7492,ONLINE
TXN103553,CUS10101,2026-09-30 17:31:00,621473.87,CASH_WITHDRAWAL,AE,CP-8536,MOBILE
TXN102605,CUS10075,2026-09-30 17:48:00,17974.14,CASH_WITHDRAWAL,AT,CP-5416,ONLINE
TXN105771,CUS10158,2026-09-30 17:51:00,36536.36,SEPA_OUT,AT,CP-5688,API
TXN101759,CUS10051,2026-09-30 17:52:00,59649.5,SEPA_OUT,AE,CP-6386,MOBILE
TXN105940,CUS10163,2026-09-30 18:03:00,7241.67,CASH_DEPOSIT,DK,CP-8024,ONLINE
TXN106225,CUS10172,2026-09-30 18:03:00,1602.75,CASH_DEPOSIT,KE,CP-2771,ONLINE
TXN103075,CUS10087,2026-09-30 18:20:00,356843.81,WIRE_OUT,NG,CP-3964,API
TXN101380,CUS10041,2026-09-30 18:24:00,14333.57,CASH_DEPOSIT,IT,CP-2228,BRANCH
TXN102573,CUS10074,2026-09-30 18:36:00,20013.17,WIRE_OUT,CA,CP-9135,ONLINE
TXN105692,CUS10156,2026-09-30 18:42:00,108653.81,CASH_DEPOSIT,GB,CP-7457,BRANCH
TXN103338,CUS10096,2026-09-30 18:57:00,124595.96,SEPA_OUT,HR,CP-9262,API
